prompt_id,seed,target_layer,repair_pass,patch_id,before_ids,candidate_ids,before_ids_hash,candidate_ids_hash,true_before_hash,true_candidate_hash,shuffled_before_hash,shuffled_candidate_hash,candidate_hash_agreement,before_hash_agreement,cut_before,cut_candidate,delta_cut,candidate_generated_count,activation_improving_candidate_count,updated_positions,changed_positions,changed_positions_match_candidate,selected_row_count,local_row_count,local_attention_used_for_query_selection,selected_rows_same_true_shuffled,js_before_true,js_candidate_true,delta_js_true,js_before_shuffled,js_candidate_shuffled,delta_js_shuffled,mass_before,mass_candidate,delta_mass,mass_before_shuffled,mass_candidate_shuffled,delta_mass_shuffled,laer_before,laer_candidate,delta_laer,laer_before_shuffled,laer_candidate_shuffled,delta_laer_shuffled,laer_edge_count,laer_edge_count_shuffled,laer_illegal_q_le_k_count,laer_fixed_public_key_hit_count,fix,harm,gt_gain,gt_label,changed_token_count,ground_truth_labeling_after_score_trace_written
0,42,17,1,0,"[1, 3786, 29871, 29896, 29945, 317, 16286, 29871, 29896, 29900, 29947, 3639, 29871, 29906, 29953, 386, 319, 29639, 25298, 29871, 19264, 14293, 29945, 29889, 590, 5637, 322, 1334, 9115, 22764, 515, 3954, 29943, 24767, 304, 24533, 322, 7106, 29889, 1334, 471, 297, 26504, 515, 435, 27467, 23559, 304, 360, 11680, 322, 297, 28588, 2927, 373, 20124, 11609, 27567, 29889, 9134, 17776, 2107, 27482, 322, 373, 18682, 29931, 18648, 18903, 1286, 319, 29941, 29941, 27603, 29889, 26730, 9687, 471, 15129, 297, 9134, 7776, 19090, 29889, 4806, 3523, 30182, 363, 3383, 8348, 16730, 3770, 321, 5765, 3255, 29896, 29947, 29897, 297, 12884, 26504, 322, 372, 471, 628, 20695, 29889, 315, 17616, 892, 12355, 7575, 29889, 373, 736, 591, 471, 297, 297, 716, 14163, 770, 28830, 29889, 278, 17616, 278, 9687, 278, 2669, 756, 1935, 23707, 15129, 29889]","[1, 3786, 29871, 29896, 29945, 27037, 16286, 29871, 29896, 4785, 29947, 3639, 29871, 29906, 29953, 386, 319, 29639, 25298, 29871, 19264, 14293, 29945, 29889, 590, 5637, 322, 1334, 9115, 22764, 515, 3954, 29943, 24767, 304, 24533, 322, 7106, 29889, 1334, 471, 297, 26504, 515, 435, 27467, 23559, 304, 360, 11680, 322, 297, 28588, 2927, 373, 20124, 11609, 27567, 29889, 9134, 17776, 2107, 27482, 322, 373, 18682, 29931, 18648, 18903, 1286, 319, 29941, 29941, 27603, 29889, 26730, 9687, 471, 15129, 297, 9134, 7776, 19090, 29889, 4806, 3523, 30182, 363, 3383, 8348, 16730, 3770, 321, 5765, 3255, 29896, 29947, 29897, 297, 12884, 26504, 322, 372, 471, 628, 20695, 29889, 315, 17616, 892, 12355, 7575, 29889, 373, 736, 591, 471, 297, 297, 716, 14163, 770, 28830, 29889, 278, 17616, 278, 9687, 278, 2669, 756, 1935, 23707, 15129, 29889]",66a4c0c50c3b97e1d4b1f3e4afa7c6492fb679227b262c60e45d3e7a8a20f527,1576cc2b4ed59d0d10a310b2e7f8dad78fd2618d8ce354a65ad02e08597e58e8,66a4c0c50c3b97e1d4b1f3e4afa7c6492fb679227b262c60e45d3e7a8a20f527,1576cc2b4ed59d0d10a310b2e7f8dad78fd2618d8ce354a65ad02e08597e58e8,66a4c0c50c3b97e1d4b1f3e4afa7c6492fb679227b262c60e45d3e7a8a20f527,1576cc2b4ed59d0d10a310b2e7f8dad78fd2618d8ce354a65ad02e08597e58e8,True,True,0.05863653123378754,0.05833206698298454,-0.0003044642508029938,11,4,"[5, 9]","[5, 9]",True,128,8192,False,True,0.3118991553783417,0.2961488962173462,-0.015750259160995483,0.4428126811981201,0.4368036985397339,-0.0060089826583862305,0.006142418773379177,0.01329265959066106,0.007150240817281883,0.020321108546340838,0.02508272817794932,0.0047616196316084825,0.003338963548172145,0.00718446325270399,0.003845499704531845,0.010960119637480427,0.013926884887980358,0.0029667652504999312,15872,15872,0,0,0,1,-1,harmful,2,True
0,42,17,1,1,"[1, 3786, 29871, 29896, 29945, 27037, 16286, 29871, 29896, 4785, 29947, 3639, 29871, 29906, 29953, 386, 319, 29639, 25298, 29871, 19264, 14293, 29945, 29889, 590, 5637, 322, 1334, 9115, 22764, 515, 3954, 29943, 24767, 304, 24533, 322, 7106, 29889, 1334, 471, 297, 26504, 515, 435, 27467, 23559, 304, 360, 11680, 322, 297, 28588, 2927, 373, 20124, 11609, 27567, 29889, 9134, 17776, 2107, 27482, 322, 373, 18682, 29931, 18648, 18903, 1286, 319, 29941, 29941, 27603, 29889, 26730, 9687, 471, 15129, 297, 9134, 7776, 19090, 29889, 4806, 3523, 30182, 363, 3383, 8348, 16730, 3770, 321, 5765, 3255, 29896, 29947, 29897, 297, 12884, 26504, 322, 372, 471, 628, 20695, 29889, 315, 17616, 892, 12355, 7575, 29889, 373, 736, 591, 471, 297, 297, 716, 14163, 770, 28830, 29889, 278, 17616, 278, 9687, 278, 2669, 756, 1935, 23707, 15129, 29889]","[1, 3786, 29871, 29896, 29945, 27037, 16286, 29871, 29896, 4785, 29947, 3639, 29871, 29906, 29953, 386, 319, 3193, 8868, 29871, 19264, 14293, 29945, 29889, 590, 5637, 322, 1334, 9115, 22764, 515, 21480, 29943, 24767, 304, 24533, 322, 7106, 29889, 1334, 471, 297, 26504, 515, 435, 27467, 23559, 304, 360, 11680, 322, 297, 28588, 2927, 373, 20124, 11609, 27567, 29889, 9134, 17776, 2107, 27482, 322, 373, 18682, 29931, 18648, 18903, 1286, 319, 29941, 29941, 27603, 29889, 26730, 9687, 471, 15129, 297, 9134, 7776, 19090, 29889, 4806, 3523, 30182, 363, 3383, 8348, 16730, 3770, 321, 5765, 3255, 29896, 29947, 29897, 297, 12884, 26504, 322, 372, 471, 628, 20695, 29889, 315, 17616, 892, 12355, 7575, 29889, 373, 736, 591, 471, 297, 297, 716, 14163, 770, 28830, 29889, 278, 17616, 278, 9687, 278, 2669, 756, 1935, 23707, 15129, 29889]",1576cc2b4ed59d0d10a310b2e7f8dad78fd2618d8ce354a65ad02e08597e58e8,239c16a3bac3319ad4138e6eadb9d08429b764a8dbf666da97a079087ca2d49b,1576cc2b4ed59d0d10a310b2e7f8dad78fd2618d8ce354a65ad02e08597e58e8,239c16a3bac3319ad4138e6eadb9d08429b764a8dbf666da97a079087ca2d49b,1576cc2b4ed59d0d10a310b2e7f8dad78fd2618d8ce354a65ad02e08597e58e8,239c16a3bac3319ad4138e6eadb9d08429b764a8dbf666da97a079087ca2d49b,True,True,0.05833206698298454,0.05521085485816002,-0.003121212124824524,17,16,"[17, 18, 29, 31]","[17, 18, 31]",True,128,8192,False,True,0.33389490842819214,0.3170154094696045,-0.016879498958587646,0.46343523263931274,0.46447068452835083,0.001035451889038086,0.02225913787697209,0.01572526317613665,-0.00653387470083544,0.03403558330319356,0.026578261888062116,-0.007457321415131446,0.008354192049805559,0.005974033497547531,-0.0023801585522580278,0.0129630729677103,0.010524543510002773,-0.0024385294577075264,22656,22656,0,0,0,0,0,neutral,3,True
0,42,17,1,2,"[1, 3786, 29871, 29896, 29945, 27037, 16286, 29871, 29896, 4785, 29947, 3639, 29871, 29906, 29953, 386, 319, 3193, 8868, 29871, 19264, 14293, 29945, 29889, 590, 5637, 322, 1334, 9115, 22764, 515, 21480, 29943, 24767, 304, 24533, 322, 7106, 29889, 1334, 471, 297, 26504, 515, 435, 27467, 23559, 304, 360, 11680, 322, 297, 28588, 2927, 373, 20124, 11609, 27567, 29889, 9134, 17776, 2107, 27482, 322, 373, 18682, 29931, 18648, 18903, 1286, 319, 29941, 29941, 27603, 29889, 26730, 9687, 471, 15129, 297, 9134, 7776, 19090, 29889, 4806, 3523, 30182, 363, 3383, 8348, 16730, 3770, 321, 5765, 3255, 29896, 29947, 29897, 297, 12884, 26504, 322, 372, 471, 628, 20695, 29889, 315, 17616, 892, 12355, 7575, 29889, 373, 736, 591, 471, 297, 297, 716, 14163, 770, 28830, 29889, 278, 17616, 278, 9687, 278, 2669, 756, 1935, 23707, 15129, 29889]","[1, 3786, 29871, 29896, 29945, 27037, 16286, 29871, 29896, 4785, 29947, 3639, 29871, 29906, 29953, 386, 319, 3193, 8868, 29871, 19264, 14293, 29945, 29889, 590, 5637, 322, 1334, 9115, 22764, 515, 21480, 29943, 27235, 304, 24533, 322, 7106, 29889, 1334, 471, 297, 26504, 515, 435, 27467, 23559, 304, 360, 11680, 322, 297, 28588, 2927, 373, 20124, 11609, 27567, 29889, 9134, 17776, 2107, 27482, 322, 373, 18682, 29931, 18648, 18903, 1286, 319, 29941, 29941, 27603, 29889, 26730, 9687, 471, 15129, 297, 9134, 7776, 19090, 29889, 4806, 3523, 30182, 363, 3383, 8348, 16730, 3770, 321, 5765, 3255, 29896, 29947, 29897, 297, 12884, 26504, 322, 372, 471, 628, 20695, 29889, 315, 17616, 892, 12355, 7575, 29889, 373, 736, 591, 471, 297, 297, 716, 14163, 770, 28830, 29889, 278, 17616, 278, 9687, 278, 2669, 756, 1935, 23707, 15129, 29889]",239c16a3bac3319ad4138e6eadb9d08429b764a8dbf666da97a079087ca2d49b,b98407508ae8079fe50392b778c075843c2cf597f530cc4e395ba4569caf4d13,239c16a3bac3319ad4138e6eadb9d08429b764a8dbf666da97a079087ca2d49b,b98407508ae8079fe50392b778c075843c2cf597f530cc4e395ba4569caf4d13,239c16a3bac3319ad4138e6eadb9d08429b764a8dbf666da97a079087ca2d49b,b98407508ae8079fe50392b778c075843c2cf597f530cc4e395ba4569caf4d13,True,True,0.05521085485816002,0.05488009750843048,-0.00033075734972953796,17,2,"[33, 35, 37, 46]",[33],True,128,8192,False,True,0.3279027044773102,0.3291458487510681,0.0012431442737579346,0.4876733422279358,0.48760515451431274,-6.818771362304688e-05,0.003922658353985753,0.004020882151962724,9.822379797697067e-05,0.007019421398581471,0.007405017611745279,0.000385596213163808,0.003922658353985753,0.004020882151962724,9.822379797697067e-05,0.007019421398581471,0.007405017611745279,0.000385596213163808,8192,8192,0,0,0,0,0,neutral,1,True
0,42,17,1,3,"[1, 3786, 29871, 29896, 29945, 27037, 16286, 29871, 29896, 4785, 29947, 3639, 29871, 29906, 29953, 386, 319, 3193, 8868, 29871, 19264, 14293, 29945, 29889, 590, 5637, 322, 1334, 9115, 22764, 515, 21480, 29943, 27235, 304, 24533, 322, 7106, 29889, 1334, 471, 297, 26504, 515, 435, 27467, 23559, 304, 360, 11680, 322, 297, 28588, 2927, 373, 20124, 11609, 27567, 29889, 9134, 17776, 2107, 27482, 322, 373, 18682, 29931, 18648, 18903, 1286, 319, 29941, 29941, 27603, 29889, 26730, 9687, 471, 15129, 297, 9134, 7776, 19090, 29889, 4806, 3523, 30182, 363, 3383, 8348, 16730, 3770, 321, 5765, 3255, 29896, 29947, 29897, 297, 12884, 26504, 322, 372, 471, 628, 20695, 29889, 315, 17616, 892, 12355, 7575, 29889, 373, 736, 591, 471, 297, 297, 716, 14163, 770, 28830, 29889, 278, 17616, 278, 9687, 278, 2669, 756, 1935, 23707, 15129, 29889]","[1, 3786, 29871, 29896, 29945, 27037, 16286, 29871, 29896, 4785, 29947, 3639, 29871, 29906, 29953, 386, 319, 3193, 8868, 29871, 19264, 14293, 29945, 29889, 590, 5637, 322, 1334, 9115, 22764, 515, 21480, 29943, 27235, 304, 24533, 322, 7106, 29889, 1334, 471, 297, 26504, 515, 435, 27467, 23559, 304, 360, 5826, 322, 297, 14163, 2927, 373, 20124, 736, 1687, 29889, 9134, 17776, 2107, 27482, 322, 373, 18682, 29931, 18648, 18903, 1286, 319, 29941, 29941, 27603, 29889, 26730, 9687, 471, 15129, 297, 9134, 7776, 19090, 29889, 4806, 3523, 30182, 363, 3383, 8348, 16730, 3770, 321, 5765, 3255, 29896, 29947, 29897, 297, 12884, 26504, 322, 372, 471, 628, 20695, 29889, 315, 17616, 892, 12355, 7575, 29889, 373, 736, 591, 471, 297, 297, 716, 14163, 770, 28830, 29889, 278, 17616, 278, 9687, 278, 2669, 756, 1935, 23707, 15129, 29889]",b98407508ae8079fe50392b778c075843c2cf597f530cc4e395ba4569caf4d13,f1c60d6d34e9a713a4e41f103de2f0785db342f178f8c3441cb1701499b6a066,b98407508ae8079fe50392b778c075843c2cf597f530cc4e395ba4569caf4d13,f1c60d6d34e9a713a4e41f103de2f0785db342f178f8c3441cb1701499b6a066,b98407508ae8079fe50392b778c075843c2cf597f530cc4e395ba4569caf4d13,f1c60d6d34e9a713a4e41f103de2f0785db342f178f8c3441cb1701499b6a066,True,True,0.05488009750843048,0.05153574049472809,-0.0033443570137023926,19,16,"[49, 52, 56, 57, 62]","[49, 52, 56, 57]",True,128,8192,False,True,0.3453075885772705,0.29028284549713135,-0.05502474308013916,0.4994262456893921,0.4947340488433838,-0.004692196846008301,0.021284729620674625,0.015801823989022523,-0.005482905631652102,0.02575275907292962,0.025055659774807282,-0.000697099298122339,0.006666939875830998,0.004908945245136108,-0.0017579946306948901,0.007444982841501341,0.007152328066167836,-0.0002926547753335047,30464,30464,0,0,2,0,2,positive,4,True
0,42,17,1,4,"[1, 3786, 29871, 29896, 29945, 27037, 16286, 29871, 29896, 4785, 29947, 3639, 29871, 29906, 29953, 386, 319, 3193, 8868, 29871, 19264, 14293, 29945, 29889, 590, 5637, 322, 1334, 9115, 22764, 515, 21480, 29943, 27235, 304, 24533, 322, 7106, 29889, 1334, 471, 297, 26504, 515, 435, 27467, 23559, 304, 360, 5826, 322, 297, 14163, 2927, 373, 20124, 736, 1687, 29889, 9134, 17776, 2107, 27482, 322, 373, 18682, 29931, 18648, 18903, 1286, 319, 29941, 29941, 27603, 29889, 26730, 9687, 471, 15129, 297, 9134, 7776, 19090, 29889, 4806, 3523, 30182, 363, 3383, 8348, 16730, 3770, 321, 5765, 3255, 29896, 29947, 29897, 297, 12884, 26504, 322, 372, 471, 628, 20695, 29889, 315, 17616, 892, 12355, 7575, 29889, 373, 736, 591, 471, 297, 297, 716, 14163, 770, 28830, 29889, 278, 17616, 278, 9687, 278, 2669, 756, 1935, 23707, 15129, 29889]","[1, 3786, 29871, 29896, 29945, 27037, 16286, 29871, 29896, 4785, 29947, 3639, 29871, 29906, 29953, 386, 319, 3193, 8868, 29871, 19264, 14293, 29945, 29889, 590, 5637, 322, 1334, 9115, 22764, 515, 21480, 29943, 27235, 304, 24533, 322, 7106, 29889, 1334, 471, 297, 26504, 515, 435, 27467, 23559, 304, 360, 5826, 322, 297, 14163, 2927, 373, 20124, 736, 1687, 29889, 9134, 17776, 2107, 27482, 322, 373, 18682, 365, 18648, 31281, 716, 319, 29941, 29941, 27603, 29889, 278, 9687, 471, 15129, 297, 9134, 7776, 19090, 29889, 4806, 3523, 30182, 363, 3383, 8348, 16730, 3770, 321, 5765, 3255, 29896, 29947, 29897, 297, 12884, 26504, 322, 372, 471, 628, 20695, 29889, 315, 17616, 892, 12355, 7575, 29889, 373, 736, 591, 471, 297, 297, 716, 14163, 770, 28830, 29889, 278, 17616, 278, 9687, 278, 2669, 756, 1935, 23707, 15129, 29889]",f1c60d6d34e9a713a4e41f103de2f0785db342f178f8c3441cb1701499b6a066,fd50417e752e9c89775e61cf90dd77ba2cc4ae22ad09779de3743cf984ba82ad,f1c60d6d34e9a713a4e41f103de2f0785db342f178f8c3441cb1701499b6a066,fd50417e752e9c89775e61cf90dd77ba2cc4ae22ad09779de3743cf984ba82ad,f1c60d6d34e9a713a4e41f103de2f0785db342f178f8c3441cb1701499b6a066,fd50417e752e9c89775e61cf90dd77ba2cc4ae22ad09779de3743cf984ba82ad,True,True,0.05153574049472809,0.04767436161637306,-0.0038613788783550262,13,12,"[66, 68, 69, 75]","[66, 68, 69, 75]",True,128,8192,False,True,0.329736590385437,0.30823636054992676,-0.021500229835510254,0.4857226312160492,0.48546478152275085,-0.00025784969329833984,0.02040757222857792,0.021477263675478753,0.0010696914469008334,0.024157430882041808,0.030903993771062233,0.006746562889020424,0.005599078718449705,0.006099589228676247,0.0005005105102265425,0.006687673114717376,0.008806901633708683,0.0021192285189913073,30976,30976,0,0,2,0,2,positive,4,True
0,42,17,1,5,"[1, 3786, 29871, 29896, 29945, 27037, 16286, 29871, 29896, 4785, 29947, 3639, 29871, 29906, 29953, 386, 319, 3193, 8868, 29871, 19264, 14293, 29945, 29889, 590, 5637, 322, 1334, 9115, 22764, 515, 21480, 29943, 27235, 304, 24533, 322, 7106, 29889, 1334, 471, 297, 26504, 515, 435, 27467, 23559, 304, 360, 5826, 322, 297, 14163, 2927, 373, 20124, 736, 1687, 29889, 9134, 17776, 2107, 27482, 322, 373, 18682, 365, 18648, 31281, 716, 319, 29941, 29941, 27603, 29889, 278, 9687, 471, 15129, 297, 9134, 7776, 19090, 29889, 4806, 3523, 30182, 363, 3383, 8348, 16730, 3770, 321, 5765, 3255, 29896, 29947, 29897, 297, 12884, 26504, 322, 372, 471, 628, 20695, 29889, 315, 17616, 892, 12355, 7575, 29889, 373, 736, 591, 471, 297, 297, 716, 14163, 770, 28830, 29889, 278, 17616, 278, 9687, 278, 2669, 756, 1935, 23707, 15129, 29889]","[1, 3786, 29871, 29896, 29945, 27037, 16286, 29871, 29896, 4785, 29947, 3639, 29871, 29906, 29953, 386, 319, 3193, 8868, 29871, 19264, 14293, 29945, 29889, 590, 5637, 322, 1334, 9115, 22764, 515, 21480, 29943, 27235, 304, 24533, 322, 7106, 29889, 1334, 471, 297, 26504, 515, 435, 27467, 23559, 304, 360, 5826, 322, 297, 14163, 2927, 373, 20124, 736, 1687, 29889, 9134, 17776, 2107, 27482, 322, 373, 18682, 365, 18648, 31281, 716, 319, 29941, 29941, 27603, 29889, 278, 9687, 471, 15129, 297, 9134, 7776, 6230, 29889, 1334, 3523, 19995, 363, 3383, 8348, 8304, 3770, 321, 13121, 3255, 29896, 29947, 29897, 297, 12884, 26504, 322, 372, 471, 628, 20695, 29889, 315, 17616, 892, 12355, 7575, 29889, 373, 736, 591, 471, 297, 297, 716, 14163, 770, 28830, 29889, 278, 17616, 278, 9687, 278, 2669, 756, 1935, 23707, 15129, 29889]",fd50417e752e9c89775e61cf90dd77ba2cc4ae22ad09779de3743cf984ba82ad,ff70750f13fb1f1cf0c4998977bbd7008a712bf3c3bc5b69b1b42a804e797114,fd50417e752e9c89775e61cf90dd77ba2cc4ae22ad09779de3743cf984ba82ad,ff70750f13fb1f1cf0c4998977bbd7008a712bf3c3bc5b69b1b42a804e797114,fd50417e752e9c89775e61cf90dd77ba2cc4ae22ad09779de3743cf984ba82ad,ff70750f13fb1f1cf0c4998977bbd7008a712bf3c3bc5b69b1b42a804e797114,True,True,0.04767436161637306,0.0452231764793396,-0.0024511851370334625,24,19,"[82, 84, 86, 90, 93]","[82, 84, 86, 90, 93]",True,128,6656,False,True,0.3208906054496765,0.25894784927368164,-0.06194275617599487,0.49053969979286194,0.49030447006225586,-0.0002352297306060791,0.030332552761627503,0.02682149659197491,-0.0035110561696525926,0.04175124764263343,0.03937779148467458,-0.0023734561579588503,0.00785160533330859,0.006459895630386916,-0.0013917097029216745,0.009700201160492415,0.008881418868661561,-0.0008187822918308534,30080,30080,0,0,1,0,1,positive,5,True
0,42,17,1,7,"[1, 3786, 29871, 29896, 29945, 27037, 16286, 29871, 29896, 4785, 29947, 3639, 29871, 29906, 29953, 386, 319, 3193, 8868, 29871, 19264, 14293, 29945, 29889, 590, 5637, 322, 1334, 9115, 22764, 515, 21480, 29943, 27235, 304, 24533, 322, 7106, 29889, 1334, 471, 297, 26504, 515, 435, 27467, 23559, 304, 360, 5826, 322, 297, 14163, 2927, 373, 20124, 736, 1687, 29889, 9134, 17776, 2107, 27482, 322, 373, 18682, 365, 18648, 31281, 716, 319, 29941, 29941, 27603, 29889, 278, 9687, 471, 15129, 297, 9134, 7776, 6230, 29889, 1334, 3523, 19995, 363, 3383, 8348, 8304, 3770, 321, 13121, 3255, 29896, 29947, 29897, 297, 12884, 26504, 322, 372, 471, 628, 20695, 29889, 315, 17616, 892, 12355, 7575, 29889, 373, 736, 591, 471, 297, 297, 716, 14163, 770, 28830, 29889, 278, 17616, 278, 9687, 278, 2669, 756, 1935, 23707, 15129, 29889]","[1, 3786, 29871, 29896, 29945, 27037, 16286, 29871, 29896, 4785, 29947, 3639, 29871, 29906, 29953, 386, 319, 3193, 8868, 29871, 19264, 14293, 29945, 29889, 590, 5637, 322, 1334, 9115, 22764, 515, 21480, 29943, 27235, 304, 24533, 322, 7106, 29889, 1334, 471, 297, 26504, 515, 435, 27467, 23559, 304, 360, 5826, 322, 297, 14163, 2927, 373, 20124, 736, 1687, 29889, 9134, 17776, 2107, 27482, 322, 373, 18682, 365, 18648, 31281, 716, 319, 29941, 29941, 27603, 29889, 278, 9687, 471, 15129, 297, 9134, 7776, 6230, 29889, 1334, 3523, 19995, 363, 3383, 8348, 8304, 3770, 321, 13121, 3255, 29896, 29947, 29897, 297, 12884, 26504, 322, 372, 471, 628, 20695, 29889, 315, 17616, 892, 12355, 7575, 29889, 373, 736, 591, 892, 297, 297, 716, 14163, 770, 28830, 29889, 1576, 17616, 278, 9687, 278, 2669, 756, 1935, 23707, 15129, 29889]",ff70750f13fb1f1cf0c4998977bbd7008a712bf3c3bc5b69b1b42a804e797114,014bea5219f57fe994d933a92433931aff9129741a147454e97fb402e6743e9c,ff70750f13fb1f1cf0c4998977bbd7008a712bf3c3bc5b69b1b42a804e797114,014bea5219f57fe994d933a92433931aff9129741a147454e97fb402e6743e9c,ff70750f13fb1f1cf0c4998977bbd7008a712bf3c3bc5b69b1b42a804e797114,014bea5219f57fe994d933a92433931aff9129741a147454e97fb402e6743e9c,True,True,0.0452231764793396,0.0449671596288681,-0.0002560168504714966,6,2,"[116, 124]","[116, 124]",True,128,2304,False,True,0.22714535892009735,0.22642874717712402,-0.0007166117429733276,0.47216498851776123,0.4723362326622009,0.00017124414443969727,0.010436176218920283,0.011067640346785387,0.0006314641278651039,0.02403754849607746,0.026104507967829704,0.002066959471752245,0.00613403832539916,0.0066366257212523904,0.0005025873958532301,0.01406140552301492,0.015450709898556982,0.001389304375542062,3584,3584,0,0,1,0,1,positive,2,True
0,42,17,2,0,"[1, 3786, 29871, 29896, 29945, 27037, 16286, 29871, 29896, 4785, 29947, 3639, 29871, 29906, 29953, 386, 319, 3193, 8868, 29871, 19264, 14293, 29945, 29889, 590, 5637, 322, 1334, 9115, 22764, 515, 21480, 29943, 27235, 304, 24533, 322, 7106, 29889, 1334, 471, 297, 26504, 515, 435, 27467, 23559, 304, 360, 5826, 322, 297, 14163, 2927, 373, 20124, 736, 1687, 29889, 9134, 17776, 2107, 27482, 322, 373, 18682, 365, 18648, 31281, 716, 319, 29941, 29941, 27603, 29889, 278, 9687, 471, 15129, 297, 9134, 7776, 6230, 29889, 1334, 3523, 19995, 363, 3383, 8348, 8304, 3770, 321, 13121, 3255, 29896, 29947, 29897, 297, 12884, 26504, 322, 372, 471, 628, 20695, 29889, 315, 17616, 892, 12355, 7575, 29889, 373, 736, 591, 892, 297, 297, 716, 14163, 770, 28830, 29889, 1576, 17616, 278, 9687, 278, 2669, 756, 1935, 23707, 15129, 29889]","[1, 3786, 29871, 29896, 29945, 27037, 16286, 29871, 29896, 11056, 29947, 3639, 29871, 29906, 29953, 386, 319, 3193, 8868, 29871, 19264, 14293, 29945, 29889, 590, 5637, 322, 1334, 9115, 22764, 515, 21480, 29943, 27235, 304, 24533, 322, 7106, 29889, 1334, 471, 297, 26504, 515, 435, 27467, 23559, 304, 360, 5826, 322, 297, 14163, 2927, 373, 20124, 736, 1687, 29889, 9134, 17776, 2107, 27482, 322, 373, 18682, 365, 18648, 31281, 716, 319, 29941, 29941, 27603, 29889, 278, 9687, 471, 15129, 297, 9134, 7776, 6230, 29889, 1334, 3523, 19995, 363, 3383, 8348, 8304, 3770, 321, 13121, 3255, 29896, 29947, 29897, 297, 12884, 26504, 322, 372, 471, 628, 20695, 29889, 315, 17616, 892, 12355, 7575, 29889, 373, 736, 591, 892, 297, 297, 716, 14163, 770, 28830, 29889, 1576, 17616, 278, 9687, 278, 2669, 756, 1935, 23707, 15129, 29889]",014bea5219f57fe994d933a92433931aff9129741a147454e97fb402e6743e9c,669f494db1f56ff8c83aec435461038a93ab6c2e52aebde97cd399074a709ed5,014bea5219f57fe994d933a92433931aff9129741a147454e97fb402e6743e9c,669f494db1f56ff8c83aec435461038a93ab6c2e52aebde97cd399074a709ed5,014bea5219f57fe994d933a92433931aff9129741a147454e97fb402e6743e9c,669f494db1f56ff8c83aec435461038a93ab6c2e52aebde97cd399074a709ed5,True,True,0.0449671596288681,0.04467311501502991,-0.0002940446138381958,11,3,"[5, 9]",[9],True,128,8192,False,True,0.2656483054161072,0.25690793991088867,-0.008740365505218506,0.42133617401123047,0.42700082063674927,0.005664646625518799,0.006515334971481934,0.00732498900470091,0.0008096540332189761,0.013615529423987027,0.01371130914776586,9.57797237788327e-05,0.006515334971481934,0.00732498900470091,0.0008096540332189761,0.013615529423987027,0.01371130914776586,9.57797237788327e-05,8192,8192,0,0,0,0,0,neutral,1,True
0,42,17,2,3,"[1, 3786, 29871, 29896, 29945, 27037, 16286, 29871, 29896, 11056, 29947, 3639, 29871, 29906, 29953, 386, 319, 3193, 8868, 29871, 19264, 14293, 29945, 29889, 590, 5637, 322, 1334, 9115, 22764, 515, 21480, 29943, 27235, 304, 24533, 322, 7106, 29889, 1334, 471, 297, 26504, 515, 435, 27467, 23559, 304, 360, 5826, 322, 297, 14163, 2927, 373, 20124, 736, 1687, 29889, 9134, 17776, 2107, 27482, 322, 373, 18682, 365, 18648, 31281, 716, 319, 29941, 29941, 27603, 29889, 278, 9687, 471, 15129, 297, 9134, 7776, 6230, 29889, 1334, 3523, 19995, 363, 3383, 8348, 8304, 3770, 321, 13121, 3255, 29896, 29947, 29897, 297, 12884, 26504, 322, 372, 471, 628, 20695, 29889, 315, 17616, 892, 12355, 7575, 29889, 373, 736, 591, 892, 297, 297, 716, 14163, 770, 28830, 29889, 1576, 17616, 278, 9687, 278, 2669, 756, 1935, 23707, 15129, 29889]","[1, 3786, 29871, 29896, 29945, 27037, 16286, 29871, 29896, 11056, 29947, 3639, 29871, 29906, 29953, 386, 319, 3193, 8868, 29871, 19264, 14293, 29945, 29889, 590, 5637, 322, 1334, 9115, 22764, 515, 21480, 29943, 27235, 304, 24533, 322, 7106, 29889, 1334, 471, 297, 26504, 515, 435, 27467, 23559, 304, 360, 18230, 322, 297, 14163, 2927, 373, 20124, 736, 13453, 29889, 9134, 17776, 2107, 7271, 322, 373, 18682, 365, 18648, 31281, 716, 319, 29941, 29941, 27603, 29889, 278, 9687, 471, 15129, 297, 9134, 7776, 6230, 29889, 1334, 3523, 19995, 363, 3383, 8348, 8304, 3770, 321, 13121, 3255, 29896, 29947, 29897, 297, 12884, 26504, 322, 372, 471, 628, 20695, 29889, 315, 17616, 892, 12355, 7575, 29889, 373, 736, 591, 892, 297, 297, 716, 14163, 770, 28830, 29889, 1576, 17616, 278, 9687, 278, 2669, 756, 1935, 23707, 15129, 29889]",669f494db1f56ff8c83aec435461038a93ab6c2e52aebde97cd399074a709ed5,9a44bd62d9598147262b0615c5244c363cbe9b88e36146ab6d8dfa040d0fa1b9,669f494db1f56ff8c83aec435461038a93ab6c2e52aebde97cd399074a709ed5,9a44bd62d9598147262b0615c5244c363cbe9b88e36146ab6d8dfa040d0fa1b9,669f494db1f56ff8c83aec435461038a93ab6c2e52aebde97cd399074a709ed5,9a44bd62d9598147262b0615c5244c363cbe9b88e36146ab6d8dfa040d0fa1b9,True,True,0.04467311501502991,0.04447999224066734,-0.0001931227743625641,14,3,"[49, 52, 56, 57, 62]","[49, 57, 62]",True,128,8192,False,True,0.318595290184021,0.30794429779052734,-0.010650992393493652,0.4969222843647003,0.4961935579776764,-0.0007287263870239258,0.009529054688755423,0.011408131766074803,0.00187907707731938,0.016037709625379648,0.018121560380677693,0.0020838507552980445,0.0035463255715736173,0.004039053143443246,0.0004927275718696286,0.006057307154092698,0.006904858431359481,0.0008475512772667827,21888,21888,0,0,0,1,-1,harmful,3,True
0,42,17,2,5,"[1, 3786, 29871, 29896, 29945, 27037, 16286, 29871, 29896, 11056, 29947, 3639, 29871, 29906, 29953, 386, 319, 3193, 8868, 29871, 19264, 14293, 29945, 29889, 590, 5637, 322, 1334, 9115, 22764, 515, 21480, 29943, 27235, 304, 24533, 322, 7106, 29889, 1334, 471, 297, 26504, 515, 435, 27467, 23559, 304, 360, 18230, 322, 297, 14163, 2927, 373, 20124, 736, 13453, 29889, 9134, 17776, 2107, 7271, 322, 373, 18682, 365, 18648, 31281, 716, 319, 29941, 29941, 27603, 29889, 278, 9687, 471, 15129, 297, 9134, 7776, 6230, 29889, 1334, 3523, 19995, 363, 3383, 8348, 8304, 3770, 321, 13121, 3255, 29896, 29947, 29897, 297, 12884, 26504, 322, 372, 471, 628, 20695, 29889, 315, 17616, 892, 12355, 7575, 29889, 373, 736, 591, 892, 297, 297, 716, 14163, 770, 28830, 29889, 1576, 17616, 278, 9687, 278, 2669, 756, 1935, 23707, 15129, 29889]","[1, 3786, 29871, 29896, 29945, 27037, 16286, 29871, 29896, 11056, 29947, 3639, 29871, 29906, 29953, 386, 319, 3193, 8868, 29871, 19264, 14293, 29945, 29889, 590, 5637, 322, 1334, 9115, 22764, 515, 21480, 29943, 27235, 304, 24533, 322, 7106, 29889, 1334, 471, 297, 26504, 515, 435, 27467, 23559, 304, 360, 18230, 322, 297, 14163, 2927, 373, 20124, 736, 13453, 29889, 9134, 17776, 2107, 7271, 322, 373, 18682, 365, 18648, 31281, 716, 319, 29941, 29941, 27603, 29889, 278, 9687, 471, 15129, 297, 9134, 7776, 29488, 29889, 1334, 3523, 14094, 363, 3383, 8348, 15363, 3770, 321, 22973, 3255, 29896, 29947, 29897, 297, 12884, 26504, 322, 372, 471, 628, 20695, 29889, 315, 17616, 892, 12355, 7575, 29889, 373, 736, 591, 892, 297, 297, 716, 14163, 770, 28830, 29889, 1576, 17616, 278, 9687, 278, 2669, 756, 1935, 23707, 15129, 29889]",9a44bd62d9598147262b0615c5244c363cbe9b88e36146ab6d8dfa040d0fa1b9,d273c101db14fa926cb96f187af1baa6a16629b8cb755ee71bc7d034e11d47e5,9a44bd62d9598147262b0615c5244c363cbe9b88e36146ab6d8dfa040d0fa1b9,d273c101db14fa926cb96f187af1baa6a16629b8cb755ee71bc7d034e11d47e5,9a44bd62d9598147262b0615c5244c363cbe9b88e36146ab6d8dfa040d0fa1b9,d273c101db14fa926cb96f187af1baa6a16629b8cb755ee71bc7d034e11d47e5,True,True,0.04447999224066734,0.044328704476356506,-0.0001512877643108368,24,2,"[82, 84, 86, 90, 93]","[82, 86, 90, 93]",True,128,6656,False,True,0.27977973222732544,0.2715033292770386,-0.008276402950286865,0.4846479296684265,0.4938678741455078,0.009219944477081299,0.022951340723711137,0.024685612879693508,0.0017342721559823714,0.03302159124555496,0.03525204663702215,0.0022304553914671912,0.006987872596427395,0.007540196210548684,0.0005523236141212889,0.009219186340232154,0.010104191713538524,0.0008850053733063697,23680,23680,0,0,0,0,0,neutral,4,True
0,42,17,2,7,"[1, 3786, 29871, 29896, 29945, 27037, 16286, 29871, 29896, 11056, 29947, 3639, 29871, 29906, 29953, 386, 319, 3193, 8868, 29871, 19264, 14293, 29945, 29889, 590, 5637, 322, 1334, 9115, 22764, 515, 21480, 29943, 27235, 304, 24533, 322, 7106, 29889, 1334, 471, 297, 26504, 515, 435, 27467, 23559, 304, 360, 18230, 322, 297, 14163, 2927, 373, 20124, 736, 13453, 29889, 9134, 17776, 2107, 7271, 322, 373, 18682, 365, 18648, 31281, 716, 319, 29941, 29941, 27603, 29889, 278, 9687, 471, 15129, 297, 9134, 7776, 29488, 29889, 1334, 3523, 14094, 363, 3383, 8348, 15363, 3770, 321, 22973, 3255, 29896, 29947, 29897, 297, 12884, 26504, 322, 372, 471, 628, 20695, 29889, 315, 17616, 892, 12355, 7575, 29889, 373, 736, 591, 892, 297, 297, 716, 14163, 770, 28830, 29889, 1576, 17616, 278, 9687, 278, 2669, 756, 1935, 23707, 15129, 29889]","[1, 3786, 29871, 29896, 29945, 27037, 16286, 29871, 29896, 11056, 29947, 3639, 29871, 29906, 29953, 386, 319, 3193, 8868, 29871, 19264, 14293, 29945, 29889, 590, 5637, 322, 1334, 9115, 22764, 515, 21480, 29943, 27235, 304, 24533, 322, 7106, 29889, 1334, 471, 297, 26504, 515, 435, 27467, 23559, 304, 360, 18230, 322, 297, 14163, 2927, 373, 20124, 736, 13453, 29889, 9134, 17776, 2107, 7271, 322, 373, 18682, 365, 18648, 31281, 716, 319, 29941, 29941, 27603, 29889, 278, 9687, 471, 15129, 297, 9134, 7776, 29488, 29889, 1334, 3523, 14094, 363, 3383, 8348, 15363, 3770, 321, 22973, 3255, 29896, 29947, 29897, 297, 12884, 26504, 322, 372, 471, 628, 20695, 29889, 315, 17616, 892, 12355, 7575, 29889, 373, 736, 591, 892, 297, 297, 716, 14163, 770, 28830, 29889, 450, 17616, 278, 9687, 278, 2669, 756, 1935, 23707, 15129, 29889]",d273c101db14fa926cb96f187af1baa6a16629b8cb755ee71bc7d034e11d47e5,7a3f12fc8c2c930ffc5a5886e464864744f5af1fffc042433ba22b01805e5ff1,d273c101db14fa926cb96f187af1baa6a16629b8cb755ee71bc7d034e11d47e5,7a3f12fc8c2c930ffc5a5886e464864744f5af1fffc042433ba22b01805e5ff1,d273c101db14fa926cb96f187af1baa6a16629b8cb755ee71bc7d034e11d47e5,7a3f12fc8c2c930ffc5a5886e464864744f5af1fffc042433ba22b01805e5ff1,True,True,0.044328704476356506,0.04430745542049408,-2.1249055862426758e-05,6,2,"[116, 124]",[124],True,128,1280,False,True,0.23394541442394257,0.2345612645149231,0.0006158500909805298,0.47647637128829956,0.47695040702819824,0.00047403573989868164,0.009144636895507574,0.007528434600681066,-0.0016162022948265076,0.02011420256458223,0.019413674669340252,-0.0007005278952419772,0.009144636895507574,0.007528434600681066,-0.0016162022948265076,0.02011420256458223,0.019413674669340252,-0.0007005278952419772,1280,1280,0,0,1,0,1,positive,1,True
1,42,17,1,0,"[1, 591, 9115, 22764, 24533, 304, 3681, 373, 2610, 29871, 29896, 29941, 3250, 29871, 29915, 29900, 29896, 29945, 29889, 515, 278, 1369, 591, 892, 1395, 5870, 14914, 411, 766, 1639, 8852, 322, 443, 18326, 19780, 13925, 472, 1423, 297, 29889, 1584, 2466, 306, 7120, 297, 411, 590, 10216, 591, 892, 451, 409, 22091, 2446, 304, 1269, 4208, 1584, 2466, 263, 10694, 9007, 29915, 451, 2989, 29889, 306, 6153, 6142, 975, 23138, 7845, 411, 1075, 1434, 2125, 1283, 541, 2020, 723, 896, 12949, 502, 12435, 29973, 450, 28830, 17616, 892, 27788, 28893, 29889, 9788, 896, 364, 1878, 1549, 411, 278, 23429, 322, 26935, 322, 5807, 26514, 393, 366, 756, 304, 20590, 322, 13925, 3282, 29915, 28950, 1584, 24738, 304, 2244, 502, 565, 591, 723, 763, 1554, 29889]","[1, 21763, 9115, 22764, 24533, 304, 3681, 373, 2610, 29871, 29896, 29941, 5499, 29871, 29915, 29900, 29896, 29945, 29889, 515, 278, 1369, 591, 892, 1395, 5870, 14914, 411, 766, 1639, 8852, 322, 443, 18326, 19780, 13925, 472, 1423, 297, 29889, 1584, 2466, 306, 7120, 297, 411, 590, 10216, 591, 892, 451, 409, 22091, 2446, 304, 1269, 4208, 1584, 2466, 263, 10694, 9007, 29915, 451, 2989, 29889, 306, 6153, 6142, 975, 23138, 7845, 411, 1075, 1434, 2125, 1283, 541, 2020, 723, 896, 12949, 502, 12435, 29973, 450, 28830, 17616, 892, 27788, 28893, 29889, 9788, 896, 364, 1878, 1549, 411, 278, 23429, 322, 26935, 322, 5807, 26514, 393, 366, 756, 304, 20590, 322, 13925, 3282, 29915, 28950, 1584, 24738, 304, 2244, 502, 565, 591, 723, 763, 1554, 29889]",602304f2117547885e24765065287bf6bcdcf9b37902631424f05880e1706465,abc82b757875782ebfa6ad8298cd878a1ccb0e4c43dc31f0d48016a91fce3e83,602304f2117547885e24765065287bf6bcdcf9b37902631424f05880e1706465,abc82b757875782ebfa6ad8298cd878a1ccb0e4c43dc31f0d48016a91fce3e83,602304f2117547885e24765065287bf6bcdcf9b37902631424f05880e1706465,abc82b757875782ebfa6ad8298cd878a1ccb0e4c43dc31f0d48016a91fce3e83,True,True,0.023213528096675873,0.02277197316288948,-0.0004415549337863922,10,2,"[1, 12]","[1, 12]",True,128,8192,False,True,0.161992609500885,0.1692122519016266,0.007219642400741577,0.3817039132118225,0.3916276693344116,0.009923756122589111,0.008761308738030493,0.01477911505207885,0.006017806314048357,0.022156381222885102,0.025650100302300416,0.003493719079415314,0.005104109191168577,0.008313461023772884,0.0032093518326043067,0.01303416587667078,0.015069667082757521,0.0020355012060867417,14976,14976,0,0,0,0,0,neutral,2,True
1,42,17,1,1,"[1, 21763, 9115, 22764, 24533, 304, 3681, 373, 2610, 29871, 29896, 29941, 5499, 29871, 29915, 29900, 29896, 29945, 29889, 515, 278, 1369, 591, 892, 1395, 5870, 14914, 411, 766, 1639, 8852, 322, 443, 18326, 19780, 13925, 472, 1423, 297, 29889, 1584, 2466, 306, 7120, 297, 411, 590, 10216, 591, 892, 451, 409, 22091, 2446, 304, 1269, 4208, 1584, 2466, 263, 10694, 9007, 29915, 451, 2989, 29889, 306, 6153, 6142, 975, 23138, 7845, 411, 1075, 1434, 2125, 1283, 541, 2020, 723, 896, 12949, 502, 12435, 29973, 450, 28830, 17616, 892, 27788, 28893, 29889, 9788, 896, 364, 1878, 1549, 411, 278, 23429, 322, 26935, 322, 5807, 26514, 393, 366, 756, 304, 20590, 322, 13925, 3282, 29915, 28950, 1584, 24738, 304, 2244, 502, 565, 591, 723, 763, 1554, 29889]","[1, 21763, 9115, 22764, 24533, 304, 3681, 373, 2610, 29871, 29896, 29941, 5499, 29871, 29915, 29900, 29896, 29317, 29889, 3645, 278, 1369, 591, 892, 1395, 2273, 14914, 411, 766, 8048, 8852, 322, 443, 18326, 19780, 13925, 472, 1423, 297, 29889, 1584, 2466, 306, 7120, 297, 411, 590, 10216, 591, 892, 451, 409, 22091, 2446, 304, 1269, 4208, 1584, 2466, 263, 10694, 9007, 29915, 451, 2989, 29889, 306, 6153, 6142, 975, 23138, 7845, 411, 1075, 1434, 2125, 1283, 541, 2020, 723, 896, 12949, 502, 12435, 29973, 450, 28830, 17616, 892, 27788, 28893, 29889, 9788, 896, 364, 1878, 1549, 411, 278, 23429, 322, 26935, 322, 5807, 26514, 393, 366, 756, 304, 20590, 322, 13925, 3282, 29915, 28950, 1584, 24738, 304, 2244, 502, 565, 591, 723, 763, 1554, 29889]",abc82b757875782ebfa6ad8298cd878a1ccb0e4c43dc31f0d48016a91fce3e83,a0f227c0f138830bf9ab77172abe7920e28926b65cf47d0ebbef85cc314303b0,abc82b757875782ebfa6ad8298cd878a1ccb0e4c43dc31f0d48016a91fce3e83,a0f227c0f138830bf9ab77172abe7920e28926b65cf47d0ebbef85cc314303b0,abc82b757875782ebfa6ad8298cd878a1ccb0e4c43dc31f0d48016a91fce3e83,a0f227c0f138830bf9ab77172abe7920e28926b65cf47d0ebbef85cc314303b0,True,True,0.02277197316288948,0.022528955712914467,-0.00024301744997501373,12,2,"[17, 19, 25, 26, 29]","[17, 19, 25, 29]",True,128,8192,False,True,0.18171119689941406,0.18248243629932404,0.0007712393999099731,0.3979654312133789,0.39883655309677124,0.000871121883392334,0.011520032450789586,0.019124467777146492,0.0076044353263569064,0.02959637661842862,0.03507195490237791,0.0054755782839492895,0.0032010920222402895,0.005257732473695889,0.0020566404514555997,0.009156177224368494,0.01069230179931236,0.0015361245749438666,29952,29952,0,0,1,2,-1,harmful,4,True
1,42,17,1,3,"[1, 21763, 9115, 22764, 24533, 304, 3681, 373, 2610, 29871, 29896, 29941, 5499, 29871, 29915, 29900, 29896, 29317, 29889, 3645, 278, 1369, 591, 892, 1395, 2273, 14914, 411, 766, 8048, 8852, 322, 443, 18326, 19780, 13925, 472, 1423, 297, 29889, 1584, 2466, 306, 7120, 297, 411, 590, 10216, 591, 892, 451, 409, 22091, 2446, 304, 1269, 4208, 1584, 2466, 263, 10694, 9007, 29915, 451, 2989, 29889, 306, 6153, 6142, 975, 23138, 7845, 411, 1075, 1434, 2125, 1283, 541, 2020, 723, 896, 12949, 502, 12435, 29973, 450, 28830, 17616, 892, 27788, 28893, 29889, 9788, 896, 364, 1878, 1549, 411, 278, 23429, 322, 26935, 322, 5807, 26514, 393, 366, 756, 304, 20590, 322, 13925, 3282, 29915, 28950, 1584, 24738, 304, 2244, 502, 565, 591, 723, 763, 1554, 29889]","[1, 21763, 9115, 22764, 24533, 304, 3681, 373, 2610, 29871, 29896, 29941, 5499, 29871, 29915, 29900, 29896, 29317, 29889, 3645, 278, 1369, 591, 892, 1395, 2273, 14914, 411, 766, 8048, 8852, 322, 443, 18326, 19780, 13925, 472, 1423, 297, 29889, 1584, 2466, 306, 7120, 297, 411, 590, 10216, 591, 892, 451, 409, 16246, 2446, 304, 1269, 4208, 1584, 2466, 263, 10694, 9007, 29915, 451, 2989, 29889, 306, 6153, 6142, 975, 23138, 7845, 411, 1075, 1434, 2125, 1283, 541, 2020, 723, 896, 12949, 502, 12435, 29973, 450, 28830, 17616, 892, 27788, 28893, 29889, 9788, 896, 364, 1878, 1549, 411, 278, 23429, 322, 26935, 322, 5807, 26514, 393, 366, 756, 304, 20590, 322, 13925, 3282, 29915, 28950, 1584, 24738, 304, 2244, 502, 565, 591, 723, 763, 1554, 29889]",a0f227c0f138830bf9ab77172abe7920e28926b65cf47d0ebbef85cc314303b0,cc670e666a75b2b67456de66974147254b7c5f5d41a6240d91d5f29e0ffaa53f,a0f227c0f138830bf9ab77172abe7920e28926b65cf47d0ebbef85cc314303b0,cc670e666a75b2b67456de66974147254b7c5f5d41a6240d91d5f29e0ffaa53f,a0f227c0f138830bf9ab77172abe7920e28926b65cf47d0ebbef85cc314303b0,cc670e666a75b2b67456de66974147254b7c5f5d41a6240d91d5f29e0ffaa53f,True,True,0.022528955712914467,0.022030441090464592,-0.0004985146224498749,4,1,"[52, 56, 58]",[52],True,128,8192,False,True,0.14628897607326508,0.13040629029273987,-0.015882685780525208,0.47348541021347046,0.47810831665992737,0.004622906446456909,0.0061807492093066685,0.004272633625078015,-0.0019081155842286535,0.012256831418198999,0.009723156224936247,-0.002533675193262752,0.0061807492093066685,0.004272633625078015,-0.0019081155842286535,0.012256831418198999,0.009723156224936247,-0.002533675193262752,8192,8192,0,0,0,0,0,neutral,1,True
1,42,17,1,4,"[1, 21763, 9115, 22764, 24533, 304, 3681, 373, 2610, 29871, 29896, 29941, 5499, 29871, 29915, 29900, 29896, 29317, 29889, 3645, 278, 1369, 591, 892, 1395, 2273, 14914, 411, 766, 8048, 8852, 322, 443, 18326, 19780, 13925, 472, 1423, 297, 29889, 1584, 2466, 306, 7120, 297, 411, 590, 10216, 591, 892, 451, 409, 16246, 2446, 304, 1269, 4208, 1584, 2466, 263, 10694, 9007, 29915, 451, 2989, 29889, 306, 6153, 6142, 975, 23138, 7845, 411, 1075, 1434, 2125, 1283, 541, 2020, 723, 896, 12949, 502, 12435, 29973, 450, 28830, 17616, 892, 27788, 28893, 29889, 9788, 896, 364, 1878, 1549, 411, 278, 23429, 322, 26935, 322, 5807, 26514, 393, 366, 756, 304, 20590, 322, 13925, 3282, 29915, 28950, 1584, 24738, 304, 2244, 502, 565, 591, 723, 763, 1554, 29889]","[1, 21763, 9115, 22764, 24533, 304, 3681, 373, 2610, 29871, 29896, 29941, 5499, 29871, 29915, 29900, 29896, 29317, 29889, 3645, 278, 1369, 591, 892, 1395, 2273, 14914, 411, 766, 8048, 8852, 322, 443, 18326, 19780, 13925, 472, 1423, 297, 29889, 1584, 2466, 306, 7120, 297, 411, 590, 10216, 591, 892, 451, 409, 16246, 2446, 304, 1269, 4208, 1584, 2466, 263, 10694, 9007, 29915, 451, 2989, 29889, 306, 6153, 6142, 975, 304, 7845, 411, 1075, 1434, 2125, 1283, 541, 2020, 723, 896, 12949, 502, 12435, 29973, 450, 28830, 17616, 892, 27788, 28893, 29889, 9788, 896, 364, 1878, 1549, 411, 278, 23429, 322, 26935, 322, 5807, 26514, 393, 366, 756, 304, 20590, 322, 13925, 3282, 29915, 28950, 1584, 24738, 304, 2244, 502, 565, 591, 723, 763, 1554, 29889]",cc670e666a75b2b67456de66974147254b7c5f5d41a6240d91d5f29e0ffaa53f,97782040d42b666beed52ba4be257f174ae42aaeacf68b8d4a9316c49a483ae7,cc670e666a75b2b67456de66974147254b7c5f5d41a6240d91d5f29e0ffaa53f,97782040d42b666beed52ba4be257f174ae42aaeacf68b8d4a9316c49a483ae7,cc670e666a75b2b67456de66974147254b7c5f5d41a6240d91d5f29e0ffaa53f,97782040d42b666beed52ba4be257f174ae42aaeacf68b8d4a9316c49a483ae7,True,True,0.022030441090464592,0.02000228688120842,-0.002028154209256172,6,3,"[67, 68, 70]",[70],True,128,7040,False,True,0.16860561072826385,0.12899792194366455,-0.039607688784599304,0.4103808104991913,0.4066479504108429,-0.0037328600883483887,0.012704310362989251,0.0007710341025482524,-0.011933276260440998,0.01454617041586475,0.005561177559535612,-0.008984992856329137,0.012704310362989251,0.0007710341025482524,-0.011933276260440998,0.01454617041586475,0.005561177559535612,-0.008984992856329137,7040,7040,0,0,1,0,1,positive,1,True
1,42,17,1,6,"[1, 21763, 9115, 22764, 24533, 304, 3681, 373, 2610, 29871, 29896, 29941, 5499, 29871, 29915, 29900, 29896, 29317, 29889, 3645, 278, 1369, 591, 892, 1395, 2273, 14914, 411, 766, 8048, 8852, 322, 443, 18326, 19780, 13925, 472, 1423, 297, 29889, 1584, 2466, 306, 7120, 297, 411, 590, 10216, 591, 892, 451, 409, 16246, 2446, 304, 1269, 4208, 1584, 2466, 263, 10694, 9007, 29915, 451, 2989, 29889, 306, 6153, 6142, 975, 304, 7845, 411, 1075, 1434, 2125, 1283, 541, 2020, 723, 896, 12949, 502, 12435, 29973, 450, 28830, 17616, 892, 27788, 28893, 29889, 9788, 896, 364, 1878, 1549, 411, 278, 23429, 322, 26935, 322, 5807, 26514, 393, 366, 756, 304, 20590, 322, 13925, 3282, 29915, 28950, 1584, 24738, 304, 2244, 502, 565, 591, 723, 763, 1554, 29889]","[1, 21763, 9115, 22764, 24533, 304, 3681, 373, 2610, 29871, 29896, 29941, 5499, 29871, 29915, 29900, 29896, 29317, 29889, 3645, 278, 1369, 591, 892, 1395, 2273, 14914, 411, 766, 8048, 8852, 322, 443, 18326, 19780, 13925, 472, 1423, 297, 29889, 1584, 2466, 306, 7120, 297, 411, 590, 10216, 591, 892, 451, 409, 16246, 2446, 304, 1269, 4208, 1584, 2466, 263, 10694, 9007, 29915, 451, 2989, 29889, 306, 6153, 6142, 975, 304, 7845, 411, 1075, 1434, 2125, 1283, 541, 2020, 723, 896, 12949, 502, 12435, 29973, 450, 28830, 17616, 892, 27788, 28893, 29889, 9788, 896, 364, 1878, 1549, 411, 278, 23429, 322, 26935, 322, 5807, 26514, 393, 366, 505, 304, 20590, 322, 13925, 3282, 29915, 28950, 1584, 24738, 304, 2244, 502, 565, 591, 723, 763, 1554, 29889]",97782040d42b666beed52ba4be257f174ae42aaeacf68b8d4a9316c49a483ae7,86bf254a23a85ea4772c1d2c836ff57862500b63fd0980561614c70b4faf2431,97782040d42b666beed52ba4be257f174ae42aaeacf68b8d4a9316c49a483ae7,86bf254a23a85ea4772c1d2c836ff57862500b63fd0980561614c70b4faf2431,97782040d42b666beed52ba4be257f174ae42aaeacf68b8d4a9316c49a483ae7,86bf254a23a85ea4772c1d2c836ff57862500b63fd0980561614c70b4faf2431,True,True,0.02000228688120842,0.019573502242565155,-0.00042878463864326477,4,1,"[104, 106, 107]",[107],True,128,2304,False,True,0.09015265852212906,0.08625716716051102,-0.003895491361618042,0.44787678122520447,0.44705867767333984,-0.000818103551864624,0.005855304447727071,0.0018689413813667165,-0.003986363066360354,0.012587735248315666,0.008979815679291884,-0.0036079195690237823,0.005855304447727071,0.0018689413813667165,-0.003986363066360354,0.012587735248315666,0.008979815679291884,-0.0036079195690237823,2304,2304,0,0,1,0,1,positive,1,True
1,42,17,2,2,"[1, 21763, 9115, 22764, 24533, 304, 3681, 373, 2610, 29871, 29896, 29941, 5499, 29871, 29915, 29900, 29896, 29317, 29889, 3645, 278, 1369, 591, 892, 1395, 2273, 14914, 411, 766, 8048, 8852, 322, 443, 18326, 19780, 13925, 472, 1423, 297, 29889, 1584, 2466, 306, 7120, 297, 411, 590, 10216, 591, 892, 451, 409, 16246, 2446, 304, 1269, 4208, 1584, 2466, 263, 10694, 9007, 29915, 451, 2989, 29889, 306, 6153, 6142, 975, 304, 7845, 411, 1075, 1434, 2125, 1283, 541, 2020, 723, 896, 12949, 502, 12435, 29973, 450, 28830, 17616, 892, 27788, 28893, 29889, 9788, 896, 364, 1878, 1549, 411, 278, 23429, 322, 26935, 322, 5807, 26514, 393, 366, 505, 304, 20590, 322, 13925, 3282, 29915, 28950, 1584, 24738, 304, 2244, 502, 565, 591, 723, 763, 1554, 29889]","[1, 21763, 9115, 22764, 24533, 304, 3681, 373, 2610, 29871, 29896, 29941, 5499, 29871, 29915, 29900, 29896, 29317, 29889, 3645, 278, 1369, 591, 892, 1395, 2273, 14914, 411, 766, 8048, 8852, 322, 443, 18326, 19780, 13925, 472, 1423, 297, 29889, 7753, 2466, 306, 7120, 297, 411, 590, 10216, 591, 892, 451, 409, 16246, 2446, 304, 1269, 4208, 1584, 2466, 263, 10694, 9007, 29915, 451, 2989, 29889, 306, 6153, 6142, 975, 304, 7845, 411, 1075, 1434, 2125, 1283, 541, 2020, 723, 896, 12949, 502, 12435, 29973, 450, 28830, 17616, 892, 27788, 28893, 29889, 9788, 896, 364, 1878, 1549, 411, 278, 23429, 322, 26935, 322, 5807, 26514, 393, 366, 505, 304, 20590, 322, 13925, 3282, 29915, 28950, 1584, 24738, 304, 2244, 502, 565, 591, 723, 763, 1554, 29889]",86bf254a23a85ea4772c1d2c836ff57862500b63fd0980561614c70b4faf2431,9ab55d26f9108eb34222210a12653910153aac4c82ae182e099a065f6a1f0df4,86bf254a23a85ea4772c1d2c836ff57862500b63fd0980561614c70b4faf2431,9ab55d26f9108eb34222210a12653910153aac4c82ae182e099a065f6a1f0df4,86bf254a23a85ea4772c1d2c836ff57862500b63fd0980561614c70b4faf2431,9ab55d26f9108eb34222210a12653910153aac4c82ae182e099a065f6a1f0df4,True,True,0.019573502242565155,0.019457422196865082,-0.00011608004570007324,8,1,"[34, 38, 40, 41, 43]",[40],True,128,8192,False,True,0.14339444041252136,0.14169661700725555,-0.001697823405265808,0.41243088245391846,0.41443753242492676,0.0020066499710083008,0.0018768503359751776,0.0010080605716211721,-0.0008687897643540055,0.00676020862738369,0.006252072249480989,-0.0005081363779027015,0.0018768503359751776,0.0010080605716211721,-0.0008687897643540055,0.00676020862738369,0.006252072249480989,-0.0005081363779027015,8192,8192,0,0,1,0,1,positive,1,True
2,42,17,1,1,"[1, 306, 9115, 11340, 304, 2439, 557, 29880, 291, 322, 319, 4282, 272, 8226, 515, 9193, 25309, 297, 6339, 29889, 922, 12949, 526, 2691, 411, 27189, 2814, 5716, 15428, 727, 29915, 338, 694, 1571, 4414, 16286, 22684, 18189, 373, 278, 16286, 29889, 450, 2669, 8988, 714, 491, 278, 28830, 17616, 526, 10257, 322, 8543, 29889, 1619, 4133, 16286, 515, 18650, 557, 29880, 9630, 471, 29801, 2861, 304, 777, 16905, 23553, 29889, 1205, 591, 1603, 8745, 304, 18331, 297, 9193, 28836, 373, 931, 29889, 590, 16286, 304, 22211, 272, 2172, 471, 3273, 577, 896, 8496, 29915, 2609, 2289, 8677, 714, 29892, 2989, 2669, 541, 896, 1603, 10933, 18059, 2367, 502, 21046, 29892, 29595, 3169, 414, 29889]","[1, 306, 9115, 11340, 304, 2439, 557, 29880, 291, 322, 319, 4282, 272, 8226, 515, 9193, 25309, 297, 6339, 29889, 922, 22091, 526, 2691, 411, 27189, 2814, 5716, 15428, 727, 29915, 338, 694, 1571, 4414, 16286, 22684, 18189, 373, 278, 16286, 29889, 450, 2669, 8988, 714, 491, 278, 28830, 17616, 526, 10257, 322, 8543, 29889, 1619, 4133, 16286, 515, 18650, 557, 29880, 9630, 471, 29801, 2861, 304, 777, 16905, 23553, 29889, 1205, 591, 1603, 8745, 304, 18331, 297, 9193, 28836, 373, 931, 29889, 590, 16286, 304, 22211, 272, 2172, 471, 3273, 577, 896, 8496, 29915, 2609, 2289, 8677, 714, 29892, 2989, 2669, 541, 896, 1603, 10933, 18059, 2367, 502, 21046, 29892, 29595, 3169, 414, 29889]",dc8f85a87b21aba2c2c6603cb3ab1878b1c15b4a152ceb1971949880f7085e3b,c04cbe8fd94faf897bdd6d4437dbd44fe7386f536f67094cf142865d6023b58b,dc8f85a87b21aba2c2c6603cb3ab1878b1c15b4a152ceb1971949880f7085e3b,c04cbe8fd94faf897bdd6d4437dbd44fe7386f536f67094cf142865d6023b58b,dc8f85a87b21aba2c2c6603cb3ab1878b1c15b4a152ceb1971949880f7085e3b,c04cbe8fd94faf897bdd6d4437dbd44fe7386f536f67094cf142865d6023b58b,True,True,0.02026495151221752,0.019326403737068176,-0.0009385477751493454,7,2,"[16, 21, 22]",[21],True,128,8192,False,True,0.13915124535560608,0.1209053248167038,-0.018245920538902283,0.43868139386177063,0.4374588131904602,-0.0012225806713104248,0.005815749202156439,0.004409393775858916,-0.001406355426297523,0.010899441425863188,0.012413138894771691,0.0015136974689085037,0.005815749202156439,0.004409393775858916,-0.001406355426297523,0.010899441425863188,0.012413138894771691,0.0015136974689085037,8192,8192,0,0,0,0,0,neutral,1,True
2,42,17,1,3,"[1, 306, 9115, 11340, 304, 2439, 557, 29880, 291, 322, 319, 4282, 272, 8226, 515, 9193, 25309, 297, 6339, 29889, 922, 22091, 526, 2691, 411, 27189, 2814, 5716, 15428, 727, 29915, 338, 694, 1571, 4414, 16286, 22684, 18189, 373, 278, 16286, 29889, 450, 2669, 8988, 714, 491, 278, 28830, 17616, 526, 10257, 322, 8543, 29889, 1619, 4133, 16286, 515, 18650, 557, 29880, 9630, 471, 29801, 2861, 304, 777, 16905, 23553, 29889, 1205, 591, 1603, 8745, 304, 18331, 297, 9193, 28836, 373, 931, 29889, 590, 16286, 304, 22211, 272, 2172, 471, 3273, 577, 896, 8496, 29915, 2609, 2289, 8677, 714, 29892, 2989, 2669, 541, 896, 1603, 10933, 18059, 2367, 502, 21046, 29892, 29595, 3169, 414, 29889]","[1, 306, 9115, 11340, 304, 2439, 557, 29880, 291, 322, 319, 4282, 272, 8226, 515, 9193, 25309, 297, 6339, 29889, 922, 22091, 526, 2691, 411, 27189, 2814, 5716, 15428, 727, 29915, 338, 694, 1571, 4414, 16286, 22684, 18189, 373, 278, 16286, 29889, 450, 2669, 8988, 714, 491, 278, 28830, 17616, 526, 10257, 322, 8543, 29889, 1619, 736, 16286, 515, 18650, 557, 29880, 9630, 471, 29801, 2861, 304, 777, 16905, 23553, 29889, 1205, 591, 1603, 8745, 304, 18331, 297, 9193, 28836, 373, 931, 29889, 590, 16286, 304, 22211, 272, 2172, 471, 3273, 577, 896, 8496, 29915, 2609, 2289, 8677, 714, 29892, 2989, 2669, 541, 896, 1603, 10933, 18059, 2367, 502, 21046, 29892, 29595, 3169, 414, 29889]",c04cbe8fd94faf897bdd6d4437dbd44fe7386f536f67094cf142865d6023b58b,742999ab912572165880e176773508f397cde20c02ef82fe0e37b53430c39498,c04cbe8fd94faf897bdd6d4437dbd44fe7386f536f67094cf142865d6023b58b,742999ab912572165880e176773508f397cde20c02ef82fe0e37b53430c39498,c04cbe8fd94faf897bdd6d4437dbd44fe7386f536f67094cf142865d6023b58b,742999ab912572165880e176773508f397cde20c02ef82fe0e37b53430c39498,True,True,0.019326403737068176,0.01867811009287834,-0.0006482936441898346,15,4,"[56, 59, 61, 62]",[56],True,128,7424,False,True,0.16228744387626648,0.1542312353849411,-0.008056208491325378,0.47294867038726807,0.4754018783569336,0.0024532079696655273,0.003417711150993047,0.002149366179545378,-0.001268344971447669,0.007447638051134759,0.008248840803922764,0.0008012027527880047,0.003417711150993047,0.002149366179545378,-0.001268344971447669,0.007447638051134759,0.008248840803922764,0.0008012027527880047,7424,7424,0,0,1,0,1,positive,1,True
2,42,17,1,5,"[1, 306, 9115, 11340, 304, 2439, 557, 29880, 291, 322, 319, 4282, 272, 8226, 515, 9193, 25309, 297, 6339, 29889, 922, 22091, 526, 2691, 411, 27189, 2814, 5716, 15428, 727, 29915, 338, 694, 1571, 4414, 16286, 22684, 18189, 373, 278, 16286, 29889, 450, 2669, 8988, 714, 491, 278, 28830, 17616, 526, 10257, 322, 8543, 29889, 1619, 736, 16286, 515, 18650, 557, 29880, 9630, 471, 29801, 2861, 304, 777, 16905, 23553, 29889, 1205, 591, 1603, 8745, 304, 18331, 297, 9193, 28836, 373, 931, 29889, 590, 16286, 304, 22211, 272, 2172, 471, 3273, 577, 896, 8496, 29915, 2609, 2289, 8677, 714, 29892, 2989, 2669, 541, 896, 1603, 10933, 18059, 2367, 502, 21046, 29892, 29595, 3169, 414, 29889]","[1, 306, 9115, 11340, 304, 2439, 557, 29880, 291, 322, 319, 4282, 272, 8226, 515, 9193, 25309, 297, 6339, 29889, 922, 22091, 526, 2691, 411, 27189, 2814, 5716, 15428, 727, 29915, 338, 694, 1571, 4414, 16286, 22684, 18189, 373, 278, 16286, 29889, 450, 2669, 8988, 714, 491, 278, 28830, 17616, 526, 10257, 322, 8543, 29889, 1619, 736, 16286, 515, 18650, 557, 29880, 9630, 471, 29801, 2861, 304, 777, 16905, 23553, 29889, 1205, 591, 1603, 8745, 304, 18331, 297, 9193, 28836, 373, 931, 29889, 1619, 16286, 304, 4169, 272, 18852, 471, 3273, 577, 896, 8496, 29915, 2609, 2289, 8677, 714, 29892, 2989, 2669, 541, 896, 1603, 10933, 18059, 2367, 502, 21046, 29892, 29595, 3169, 414, 29889]",742999ab912572165880e176773508f397cde20c02ef82fe0e37b53430c39498,8db95a4d349eb53027f977dc4f3c364c549fa6e3c5f2c21d04d0d0344ee5fe17,742999ab912572165880e176773508f397cde20c02ef82fe0e37b53430c39498,8db95a4d349eb53027f977dc4f3c364c549fa6e3c5f2c21d04d0d0344ee5fe17,742999ab912572165880e176773508f397cde20c02ef82fe0e37b53430c39498,8db95a4d349eb53027f977dc4f3c364c549fa6e3c5f2c21d04d0d0344ee5fe17,True,True,0.01867811009287834,0.01726749911904335,-0.0014106109738349915,8,6,"[83, 86, 88]","[83, 86, 88]",True,128,3968,False,True,0.15422944724559784,0.14536823332309723,-0.00886121392250061,0.48722290992736816,0.48766785860061646,0.000444948673248291,0.011093263078721301,0.007201830000286141,-0.00389143307843516,0.023338959777667638,0.01845664676699427,-0.004882313010673368,0.003855342774049324,0.002618862096877659,-0.001236480677171665,0.008080237999777584,0.006807597091092783,-0.0012726409086848012,10880,10880,0,0,2,1,1,positive,3,True
2,42,17,1,6,"[1, 306, 9115, 11340, 304, 2439, 557, 29880, 291, 322, 319, 4282, 272, 8226, 515, 9193, 25309, 297, 6339, 29889, 922, 22091, 526, 2691, 411, 27189, 2814, 5716, 15428, 727, 29915, 338, 694, 1571, 4414, 16286, 22684, 18189, 373, 278, 16286, 29889, 450, 2669, 8988, 714, 491, 278, 28830, 17616, 526, 10257, 322, 8543, 29889, 1619, 736, 16286, 515, 18650, 557, 29880, 9630, 471, 29801, 2861, 304, 777, 16905, 23553, 29889, 1205, 591, 1603, 8745, 304, 18331, 297, 9193, 28836, 373, 931, 29889, 1619, 16286, 304, 4169, 272, 18852, 471, 3273, 577, 896, 8496, 29915, 2609, 2289, 8677, 714, 29892, 2989, 2669, 541, 896, 1603, 10933, 18059, 2367, 502, 21046, 29892, 29595, 3169, 414, 29889]","[1, 306, 9115, 11340, 304, 2439, 557, 29880, 291, 322, 319, 4282, 272, 8226, 515, 9193, 25309, 297, 6339, 29889, 922, 22091, 526, 2691, 411, 27189, 2814, 5716, 15428, 727, 29915, 338, 694, 1571, 4414, 16286, 22684, 18189, 373, 278, 16286, 29889, 450, 2669, 8988, 714, 491, 278, 28830, 17616, 526, 10257, 322, 8543, 29889, 1619, 736, 16286, 515, 18650, 557, 29880, 9630, 471, 29801, 2861, 304, 777, 16905, 23553, 29889, 1205, 591, 1603, 8745, 304, 18331, 297, 9193, 28836, 373, 931, 29889, 1619, 16286, 304, 4169, 272, 18852, 471, 3273, 577, 896, 8496, 29915, 2609, 2289, 8677, 714, 278, 2989, 2669, 541, 896, 1603, 10933, 304, 2367, 502, 21046, 322, 29595, 3169, 414, 29889]",8db95a4d349eb53027f977dc4f3c364c549fa6e3c5f2c21d04d0d0344ee5fe17,534e7629ea7d65dd9b393fe15540f594efc342cb04acaf107ff99050d0deffe4,8db95a4d349eb53027f977dc4f3c364c549fa6e3c5f2c21d04d0d0344ee5fe17,534e7629ea7d65dd9b393fe15540f594efc342cb04acaf107ff99050d0deffe4,8db95a4d349eb53027f977dc4f3c364c549fa6e3c5f2c21d04d0d0344ee5fe17,534e7629ea7d65dd9b393fe15540f594efc342cb04acaf107ff99050d0deffe4,True,True,0.01726749911904335,0.01363821979612112,-0.0036292793229222298,6,5,"[99, 106, 110]","[99, 106, 110]",True,128,1920,False,True,0.1372787356376648,0.048120856285095215,-0.08915787935256958,0.48027825355529785,0.48014360666275024,-0.00013464689254760742,0.029959994244078796,0.003931631023685138,-0.026028363220393657,0.04140579517309864,0.02464963976914684,-0.0167561554039518,0.013884145007641227,0.001795462125705348,-0.012088682881935878,0.018221323861292115,0.010383696985189561,-0.007837626876102554,3456,3456,0,0,3,0,3,positive,3,True
2,42,17,2,1,"[1, 306, 9115, 11340, 304, 2439, 557, 29880, 291, 322, 319, 4282, 272, 8226, 515, 9193, 25309, 297, 6339, 29889, 922, 22091, 526, 2691, 411, 27189, 2814, 5716, 15428, 727, 29915, 338, 694, 1571, 4414, 16286, 22684, 18189, 373, 278, 16286, 29889, 450, 2669, 8988, 714, 491, 278, 28830, 17616, 526, 10257, 322, 8543, 29889, 1619, 736, 16286, 515, 18650, 557, 29880, 9630, 471, 29801, 2861, 304, 777, 16905, 23553, 29889, 1205, 591, 1603, 8745, 304, 18331, 297, 9193, 28836, 373, 931, 29889, 1619, 16286, 304, 4169, 272, 18852, 471, 3273, 577, 896, 8496, 29915, 2609, 2289, 8677, 714, 278, 2989, 2669, 541, 896, 1603, 10933, 304, 2367, 502, 21046, 322, 29595, 3169, 414, 29889]","[1, 306, 9115, 11340, 304, 2439, 557, 29880, 291, 322, 319, 4282, 272, 8226, 515, 9193, 25549, 297, 6339, 29889, 922, 22091, 526, 2691, 411, 27189, 2814, 5716, 15428, 727, 29915, 338, 694, 1571, 4414, 16286, 22684, 18189, 373, 278, 16286, 29889, 450, 2669, 8988, 714, 491, 278, 28830, 17616, 526, 10257, 322, 8543, 29889, 1619, 736, 16286, 515, 18650, 557, 29880, 9630, 471, 29801, 2861, 304, 777, 16905, 23553, 29889, 1205, 591, 1603, 8745, 304, 18331, 297, 9193, 28836, 373, 931, 29889, 1619, 16286, 304, 4169, 272, 18852, 471, 3273, 577, 896, 8496, 29915, 2609, 2289, 8677, 714, 278, 2989, 2669, 541, 896, 1603, 10933, 304, 2367, 502, 21046, 322, 29595, 3169, 414, 29889]",534e7629ea7d65dd9b393fe15540f594efc342cb04acaf107ff99050d0deffe4,b071d72c34c5d7ed9301ea82a57d2b28588fd4e840e33bf048a97137f750f34d,534e7629ea7d65dd9b393fe15540f594efc342cb04acaf107ff99050d0deffe4,b071d72c34c5d7ed9301ea82a57d2b28588fd4e840e33bf048a97137f750f34d,534e7629ea7d65dd9b393fe15540f594efc342cb04acaf107ff99050d0deffe4,b071d72c34c5d7ed9301ea82a57d2b28588fd4e840e33bf048a97137f750f34d,True,True,0.01363821979612112,0.013509770855307579,-0.0001284489408135414,10,2,"[16, 21, 22]",[16],True,128,8192,False,True,0.10983090847730637,0.09796290099620819,-0.011868007481098175,0.43862593173980713,0.43786710500717163,-0.000758826732635498,0.005663948890287429,0.004219448019284755,-0.001444500871002674,0.012073688063537702,0.010661992404493503,-0.0014116956590441987,0.005663948890287429,0.004219448019284755,-0.001444500871002674,0.012073688063537702,0.010661992404493503,-0.0014116956590441987,8192,8192,0,0,0,0,0,neutral,1,True
2,42,17,2,3,"[1, 306, 9115, 11340, 304, 2439, 557, 29880, 291, 322, 319, 4282, 272, 8226, 515, 9193, 25549, 297, 6339, 29889, 922, 22091, 526, 2691, 411, 27189, 2814, 5716, 15428, 727, 29915, 338, 694, 1571, 4414, 16286, 22684, 18189, 373, 278, 16286, 29889, 450, 2669, 8988, 714, 491, 278, 28830, 17616, 526, 10257, 322, 8543, 29889, 1619, 736, 16286, 515, 18650, 557, 29880, 9630, 471, 29801, 2861, 304, 777, 16905, 23553, 29889, 1205, 591, 1603, 8745, 304, 18331, 297, 9193, 28836, 373, 931, 29889, 1619, 16286, 304, 4169, 272, 18852, 471, 3273, 577, 896, 8496, 29915, 2609, 2289, 8677, 714, 278, 2989, 2669, 541, 896, 1603, 10933, 304, 2367, 502, 21046, 322, 29595, 3169, 414, 29889]","[1, 306, 9115, 11340, 304, 2439, 557, 29880, 291, 322, 319, 4282, 272, 8226, 515, 9193, 25549, 297, 6339, 29889, 922, 22091, 526, 2691, 411, 27189, 2814, 5716, 15428, 727, 29915, 338, 694, 1571, 4414, 16286, 22684, 18189, 373, 278, 16286, 29889, 450, 2669, 8988, 714, 491, 278, 28830, 17616, 526, 10257, 322, 8543, 29889, 1619, 736, 16286, 515, 2439, 557, 29880, 9630, 471, 29801, 2861, 304, 777, 16905, 23553, 29889, 1205, 591, 1603, 8745, 304, 18331, 297, 9193, 28836, 373, 931, 29889, 1619, 16286, 304, 4169, 272, 18852, 471, 3273, 577, 896, 8496, 29915, 2609, 2289, 8677, 714, 278, 2989, 2669, 541, 896, 1603, 10933, 304, 2367, 502, 21046, 322, 29595, 3169, 414, 29889]",b071d72c34c5d7ed9301ea82a57d2b28588fd4e840e33bf048a97137f750f34d,1960cb37fa2bf7aa965285b35bf74dc568d43155cf3962daf88e5ff971dcc4f9,b071d72c34c5d7ed9301ea82a57d2b28588fd4e840e33bf048a97137f750f34d,1960cb37fa2bf7aa965285b35bf74dc568d43155cf3962daf88e5ff971dcc4f9,b071d72c34c5d7ed9301ea82a57d2b28588fd4e840e33bf048a97137f750f34d,1960cb37fa2bf7aa965285b35bf74dc568d43155cf3962daf88e5ff971dcc4f9,True,True,0.013509770855307579,0.013231871649622917,-0.00027789920568466187,9,2,"[56, 59, 61, 62]",[59],True,128,7040,False,True,0.12236546725034714,0.11872255802154541,-0.0036429092288017273,0.44949740171432495,0.4545815885066986,0.005084186792373657,0.0033021381463516843,0.0009715894575823437,-0.0023305486887693406,0.0075277201154015285,0.00576973022385077,-0.0017579898915507583,0.0033021381463516843,0.0009715894575823437,-0.0023305486887693406,0.0075277201154015285,0.00576973022385077,-0.0017579898915507583,7040,7040,0,0,1,0,1,positive,1,True
3,42,17,1,4,"[1, 1619, 9883, 322, 306, 9115, 22764, 304, 4275, 13397, 322, 1434, 591, 9115, 11340, 590, 10216, 2000, 20799, 304, 1074, 825, 278, 8792, 471, 363, 8454, 289, 16170, 482, 29889, 540, 471, 5429, 393, 5998, 278, 8986, 4083, 304, 5146, 395, 29906, 29945, 7395, 470, 395, 29945, 29900, 472, 1423, 29899, 262, 470, 395, 29896, 29900, 29900, 472, 278, 12417, 591, 3282, 29915, 451, 505, 304, 29889, 591, 9115, 11340, 714, 515, 10059, 885, 29915, 29950, 598, 18117, 411, 694, 1108, 29889, 1932, 5840, 5840, 4275, 13397, 591, 471, 5429, 408, 591, 892, 7613, 18055, 393, 591, 750, 1818, 5146, 395, 29896, 29900, 29900, 304, 8677, 263, 1250, 4870, 322, 29871, 29896, 8424, 310, 7245, 29887, 17252, 411, 502, 373, 278, 10694, 29889]","[1, 1619, 9883, 322, 306, 9115, 22764, 304, 4275, 13397, 322, 1434, 591, 9115, 11340, 590, 10216, 2000, 20799, 304, 1074, 825, 278, 8792, 471, 363, 8454, 289, 16170, 482, 29889, 540, 471, 5429, 393, 5998, 278, 8986, 4083, 304, 5146, 395, 29906, 29945, 7395, 470, 395, 29945, 29900, 472, 1423, 29899, 262, 470, 395, 29896, 29900, 29900, 472, 278, 12417, 591, 3282, 29915, 451, 505, 304, 29889, 306, 9115, 11340, 714, 515, 10059, 438, 29915, 29950, 8496, 18117, 411, 694, 1108, 29889, 1932, 5840, 5840, 4275, 13397, 591, 471, 5429, 408, 591, 892, 7613, 18055, 393, 591, 750, 1818, 5146, 395, 29896, 29900, 29900, 304, 8677, 263, 1250, 4870, 322, 29871, 29896, 8424, 310, 7245, 29887, 17252, 411, 502, 373, 278, 10694, 29889]",f2160a528a18751262a478884b8c484a270657472c015bf87b88469154f66444,0e66a032373dee83ffc36e7bee6f01f4ef27bb12bfd2b4db293e06dd6e8916af,f2160a528a18751262a478884b8c484a270657472c015bf87b88469154f66444,0e66a032373dee83ffc36e7bee6f01f4ef27bb12bfd2b4db293e06dd6e8916af,f2160a528a18751262a478884b8c484a270657472c015bf87b88469154f66444,0e66a032373dee83ffc36e7bee6f01f4ef27bb12bfd2b4db293e06dd6e8916af,True,True,0.011127829551696777,0.01010895799845457,-0.0010188715532422066,16,5,"[67, 68, 72, 74, 76, 77]","[68, 74, 77]",True,128,7040,False,True,0.14835742115974426,0.14051875472068787,-0.007838666439056396,0.5058630704879761,0.5098002552986145,0.003937184810638428,0.010533389449119569,0.008904191428287463,-0.0016291980208321052,0.02141035726632584,0.01955072098326954,-0.001859636283056302,0.0040891244852294525,0.003194427089765668,-0.0008946973954637844,0.008078933131570617,0.0069924822356551885,-0.0010864508959154287,19200,19200,0,0,1,1,0,neutral,3,True
3,42,17,1,5,"[1, 1619, 9883, 322, 306, 9115, 22764, 304, 4275, 13397, 322, 1434, 591, 9115, 11340, 590, 10216, 2000, 20799, 304, 1074, 825, 278, 8792, 471, 363, 8454, 289, 16170, 482, 29889, 540, 471, 5429, 393, 5998, 278, 8986, 4083, 304, 5146, 395, 29906, 29945, 7395, 470, 395, 29945, 29900, 472, 1423, 29899, 262, 470, 395, 29896, 29900, 29900, 472, 278, 12417, 591, 3282, 29915, 451, 505, 304, 29889, 306, 9115, 11340, 714, 515, 10059, 438, 29915, 29950, 8496, 18117, 411, 694, 1108, 29889, 1932, 5840, 5840, 4275, 13397, 591, 471, 5429, 408, 591, 892, 7613, 18055, 393, 591, 750, 1818, 5146, 395, 29896, 29900, 29900, 304, 8677, 263, 1250, 4870, 322, 29871, 29896, 8424, 310, 7245, 29887, 17252, 411, 502, 373, 278, 10694, 29889]","[1, 1619, 9883, 322, 306, 9115, 22764, 304, 4275, 13397, 322, 1434, 591, 9115, 11340, 590, 10216, 2000, 20799, 304, 1074, 825, 278, 8792, 471, 363, 8454, 289, 16170, 482, 29889, 540, 471, 5429, 393, 5998, 278, 8986, 4083, 304, 5146, 395, 29906, 29945, 7395, 470, 395, 29945, 29900, 472, 1423, 29899, 262, 470, 395, 29896, 29900, 29900, 472, 278, 12417, 591, 3282, 29915, 451, 505, 304, 29889, 306, 9115, 11340, 714, 515, 10059, 438, 29915, 29950, 8496, 18117, 411, 694, 1108, 29889, 1932, 5840, 5840, 4275, 13397, 591, 892, 5429, 408, 591, 892, 7613, 2348, 393, 591, 750, 1818, 5146, 395, 29896, 29900, 29900, 304, 8677, 263, 1250, 4870, 322, 29871, 29896, 8424, 310, 7245, 29887, 17252, 411, 502, 373, 278, 10694, 29889]",0e66a032373dee83ffc36e7bee6f01f4ef27bb12bfd2b4db293e06dd6e8916af,547fd4267d4cda5663a1bc739ae1e9bc727ca35dfa0b6f95f4d94012e58ced15,0e66a032373dee83ffc36e7bee6f01f4ef27bb12bfd2b4db293e06dd6e8916af,547fd4267d4cda5663a1bc739ae1e9bc727ca35dfa0b6f95f4d94012e58ced15,0e66a032373dee83ffc36e7bee6f01f4ef27bb12bfd2b4db293e06dd6e8916af,547fd4267d4cda5663a1bc739ae1e9bc727ca35dfa0b6f95f4d94012e58ced15,True,True,0.01010895799845457,0.009594009257853031,-0.0005149487406015396,9,1,"[83, 85, 88, 89, 93, 94, 95]","[89, 95]",True,128,4352,False,True,0.12045960128307343,0.10847976803779602,-0.011979833245277405,0.48380813002586365,0.48435530066490173,0.0005471706390380859,0.007751100477488602,0.005750818397192394,-0.002000282080296208,0.016430882257683313,0.015432226868784604,-0.0009986553888987094,0.0038785746982020718,0.0029597158784106853,-0.0009188588197913865,0.008186952150877445,0.007902988247693546,-0.0002839639031838991,7936,7936,0,0,1,0,1,positive,2,True
3,42,17,2,4,"[1, 1619, 9883, 322, 306, 9115, 22764, 304, 4275, 13397, 322, 1434, 591, 9115, 11340, 590, 10216, 2000, 20799, 304, 1074, 825, 278, 8792, 471, 363, 8454, 289, 16170, 482, 29889, 540, 471, 5429, 393, 5998, 278, 8986, 4083, 304, 5146, 395, 29906, 29945, 7395, 470, 395, 29945, 29900, 472, 1423, 29899, 262, 470, 395, 29896, 29900, 29900, 472, 278, 12417, 591, 3282, 29915, 451, 505, 304, 29889, 306, 9115, 11340, 714, 515, 10059, 438, 29915, 29950, 8496, 18117, 411, 694, 1108, 29889, 1932, 5840, 5840, 4275, 13397, 591, 892, 5429, 408, 591, 892, 7613, 2348, 393, 591, 750, 1818, 5146, 395, 29896, 29900, 29900, 304, 8677, 263, 1250, 4870, 322, 29871, 29896, 8424, 310, 7245, 29887, 17252, 411, 502, 373, 278, 10694, 29889]","[1, 1619, 9883, 322, 306, 9115, 22764, 304, 4275, 13397, 322, 1434, 591, 9115, 11340, 590, 10216, 2000, 20799, 304, 1074, 825, 278, 8792, 471, 363, 8454, 289, 16170, 482, 29889, 540, 471, 5429, 393, 5998, 278, 8986, 4083, 304, 5146, 395, 29906, 29945, 7395, 470, 395, 29945, 29900, 472, 1423, 29899, 262, 470, 395, 29896, 29900, 29900, 472, 278, 12417, 591, 3282, 29915, 451, 505, 304, 26914, 1334, 9115, 11340, 714, 310, 10059, 438, 29915, 29950, 1890, 18117, 411, 694, 1108, 29889, 1932, 5840, 5840, 4275, 13397, 591, 892, 5429, 408, 591, 892, 7613, 2348, 393, 591, 750, 1818, 5146, 395, 29896, 29900, 29900, 304, 8677, 263, 1250, 4870, 322, 29871, 29896, 8424, 310, 7245, 29887, 17252, 411, 502, 373, 278, 10694, 29889]",547fd4267d4cda5663a1bc739ae1e9bc727ca35dfa0b6f95f4d94012e58ced15,aef85c5d6746846249345f5e9ca5e9f6ca4b7bc462ecb7635f5333348abd69e8,547fd4267d4cda5663a1bc739ae1e9bc727ca35dfa0b6f95f4d94012e58ced15,aef85c5d6746846249345f5e9ca5e9f6ca4b7bc462ecb7635f5333348abd69e8,547fd4267d4cda5663a1bc739ae1e9bc727ca35dfa0b6f95f4d94012e58ced15,aef85c5d6746846249345f5e9ca5e9f6ca4b7bc462ecb7635f5333348abd69e8,True,True,0.009594009257853031,0.008094965480268002,-0.0014990437775850296,13,8,"[67, 68, 72, 74, 76, 77]","[67, 68, 72, 77]",True,128,7168,False,True,0.15322786569595337,0.09916684776544571,-0.05406101793050766,0.4959314465522766,0.5012532472610474,0.005321800708770752,0.014647464625470872,0.01929692959778809,0.004649464972317219,0.03346197583180453,0.04024825032268252,0.006786274490877986,0.004434016383199308,0.005721571947036024,0.0012875555638367162,0.009450498104202919,0.011556375373262338,0.0021058772690594196,26624,26624,0,0,2,1,1,positive,4,True
4,42,17,1,0,"[1, 1771, 10421, 29890, 22103, 29918, 323, 17984, 27807, 10499, 29899, 1459, 3681, 6097, 1974, 997, 14019, 29880, 770, 29889, 1716, 1652, 16286, 2107, 3138, 901, 5716, 373, 29871, 29955, 29955, 29955, 769, 319, 29941, 29941, 29900, 29889, 922, 12949, 338, 451, 12151, 297, 8709, 4464, 607, 471, 263, 2586, 310, 263, 6788, 3138, 1603, 8745, 777, 8709, 29889, 25453, 2107, 373, 1716, 1652, 16286, 29889, 11680, 28830, 17616, 1407, 19780, 322, 2996, 1623, 263, 1759, 280, 373, 1716, 21152, 27032, 13748, 13748, 322, 5807, 5807, 29889]","[1, 1771, 19445, 26302, 16198, 29899, 29899, 17984, 27807, 26517, 29899, 1459, 3681, 6097, 1974, 997, 14019, 29880, 770, 29889, 1716, 1652, 16286, 2107, 3138, 901, 5716, 373, 29871, 29955, 29955, 29955, 769, 319, 29941, 29941, 29900, 29889, 922, 12949, 338, 451, 12151, 297, 8709, 4464, 607, 471, 263, 2586, 310, 263, 6788, 3138, 1603, 8745, 777, 8709, 29889, 25453, 2107, 373, 1716, 1652, 16286, 29889, 11680, 28830, 17616, 1407, 19780, 322, 2996, 1623, 263, 1759, 280, 373, 1716, 21152, 27032, 13748, 13748, 322, 5807, 5807, 29889]",e98987fd868eb7624b3c77b93509c071d6de43288f0066d7612fd3874dcebc97,6555ad578e59b033973abcdb2f18b0b6d3b085136fd9deed29eb2cf0d506378f,e98987fd868eb7624b3c77b93509c071d6de43288f0066d7612fd3874dcebc97,6555ad578e59b033973abcdb2f18b0b6d3b085136fd9deed29eb2cf0d506378f,e98987fd868eb7624b3c77b93509c071d6de43288f0066d7612fd3874dcebc97,6555ad578e59b033973abcdb2f18b0b6d3b085136fd9deed29eb2cf0d506378f,True,True,0.025903964415192604,0.02257806621491909,-0.003325898200273514,23,17,"[2, 3, 4, 5, 6, 8, 9, 11]","[2, 3, 4, 5, 6, 9]",True,128,8192,False,True,0.17203477025032043,0.13339588046073914,-0.0386388897895813,0.3530230224132538,0.3578060269355774,0.004783004522323608,0.0354829910575063,0.02761674482462695,-0.007866246232879348,0.057729159416339826,0.054078940687759314,-0.003650218728580512,0.006605750212461081,0.005437574238955406,-0.001168175973505675,0.013068907063109267,0.011848504821280125,-0.0012204022418291424,46976,46976,0,0,1,1,0,neutral,6,True
4,42,17,1,1,"[1, 1771, 19445, 26302, 16198, 29899, 29899, 17984, 27807, 26517, 29899, 1459, 3681, 6097, 1974, 997, 14019, 29880, 770, 29889, 1716, 1652, 16286, 2107, 3138, 901, 5716, 373, 29871, 29955, 29955, 29955, 769, 319, 29941, 29941, 29900, 29889, 922, 12949, 338, 451, 12151, 297, 8709, 4464, 607, 471, 263, 2586, 310, 263, 6788, 3138, 1603, 8745, 777, 8709, 29889, 25453, 2107, 373, 1716, 1652, 16286, 29889, 11680, 28830, 17616, 1407, 19780, 322, 2996, 1623, 263, 1759, 280, 373, 1716, 21152, 27032, 13748, 13748, 322, 5807, 5807, 29889]","[1, 1771, 19445, 26302, 16198, 29899, 29899, 17984, 27807, 26517, 29899, 1459, 3681, 6097, 1974, 997, 14019, 29880, 17792, 29889, 9134, 1652, 16286, 2107, 3138, 901, 5716, 373, 29871, 29955, 29955, 29955, 769, 319, 29941, 29941, 29900, 29889, 922, 12949, 338, 451, 12151, 297, 8709, 4464, 607, 471, 263, 2586, 310, 263, 6788, 3138, 1603, 8745, 777, 8709, 29889, 25453, 2107, 373, 1716, 1652, 16286, 29889, 11680, 28830, 17616, 1407, 19780, 322, 2996, 1623, 263, 1759, 280, 373, 1716, 21152, 27032, 13748, 13748, 322, 5807, 5807, 29889]",6555ad578e59b033973abcdb2f18b0b6d3b085136fd9deed29eb2cf0d506378f,0ec7f533453bfcbc7d5b2c4acf18ca639db537d6442c78218ae5f3226ca681e0,6555ad578e59b033973abcdb2f18b0b6d3b085136fd9deed29eb2cf0d506378f,0ec7f533453bfcbc7d5b2c4acf18ca639db537d6442c78218ae5f3226ca681e0,6555ad578e59b033973abcdb2f18b0b6d3b085136fd9deed29eb2cf0d506378f,0ec7f533453bfcbc7d5b2c4acf18ca639db537d6442c78218ae5f3226ca681e0,True,True,0.02257806621491909,0.021751485764980316,-0.0008265804499387741,4,1,"[16, 18, 20]","[18, 20]",True,128,8192,False,True,0.11185172200202942,0.11244390904903412,0.0005921870470046997,0.3897439241409302,0.39472705125808716,0.004983127117156982,0.007803367800079286,0.006761373304470908,-0.0010419944956083782,0.018092795449774712,0.01776321166107664,-0.0003295837886980735,0.004048902400961471,0.0035393094636559015,-0.0005095929373055692,0.00961898174136877,0.009505552694290167,-0.00011342904707860313,16128,16128,0,0,1,0,1,positive,2,True
4,42,17,1,4,"[1, 1771, 19445, 26302, 16198, 29899, 29899, 17984, 27807, 26517, 29899, 1459, 3681, 6097, 1974, 997, 14019, 29880, 17792, 29889, 9134, 1652, 16286, 2107, 3138, 901, 5716, 373, 29871, 29955, 29955, 29955, 769, 319, 29941, 29941, 29900, 29889, 922, 12949, 338, 451, 12151, 297, 8709, 4464, 607, 471, 263, 2586, 310, 263, 6788, 3138, 1603, 8745, 777, 8709, 29889, 25453, 2107, 373, 1716, 1652, 16286, 29889, 11680, 28830, 17616, 1407, 19780, 322, 2996, 1623, 263, 1759, 280, 373, 1716, 21152, 27032, 13748, 13748, 322, 5807, 5807, 29889]","[1, 1771, 19445, 26302, 16198, 29899, 29899, 17984, 27807, 26517, 29899, 1459, 3681, 6097, 1974, 997, 14019, 29880, 17792, 29889, 9134, 1652, 16286, 2107, 3138, 901, 5716, 373, 29871, 29955, 29955, 29955, 769, 319, 29941, 29941, 29900, 29889, 922, 12949, 338, 451, 12151, 297, 8709, 4464, 607, 471, 263, 2586, 310, 263, 6788, 3138, 1603, 8745, 777, 8709, 29889, 25453, 2107, 373, 1716, 1652, 16286, 29889, 11680, 28830, 17616, 1407, 19780, 322, 2996, 1623, 263, 275, 280, 373, 1716, 21152, 27032, 13748, 13748, 322, 5807, 5807, 29889]",0ec7f533453bfcbc7d5b2c4acf18ca639db537d6442c78218ae5f3226ca681e0,4f6d8ef46cea92d55635e8c28c75bc91ca2f77eec7b7e975e650daf90bc9f4b3,0ec7f533453bfcbc7d5b2c4acf18ca639db537d6442c78218ae5f3226ca681e0,4f6d8ef46cea92d55635e8c28c75bc91ca2f77eec7b7e975e650daf90bc9f4b3,0ec7f533453bfcbc7d5b2c4acf18ca639db537d6442c78218ae5f3226ca681e0,4f6d8ef46cea92d55635e8c28c75bc91ca2f77eec7b7e975e650daf90bc9f4b3,True,True,0.021751485764980316,0.020530985668301582,-0.0012205000966787338,3,1,"[75, 76]",[75],True,127,1408,False,True,0.1597994565963745,0.14041712880134583,-0.019382327795028687,0.5279026627540588,0.5288456082344055,0.0009429454803466797,0.010600474874743006,0.0018251923928883943,-0.00877528248185461,0.01134154179387472,0.008835222868418152,-0.0025063189254565677,0.010600474874743006,0.0018251923928883943,-0.00877528248185461,0.01134154179387472,0.008835222868418152,-0.0025063189254565677,1408,1408,0,0,1,0,1,positive,1,True
4,42,17,1,5,"[1, 1771, 19445, 26302, 16198, 29899, 29899, 17984, 27807, 26517, 29899, 1459, 3681, 6097, 1974, 997, 14019, 29880, 17792, 29889, 9134, 1652, 16286, 2107, 3138, 901, 5716, 373, 29871, 29955, 29955, 29955, 769, 319, 29941, 29941, 29900, 29889, 922, 12949, 338, 451, 12151, 297, 8709, 4464, 607, 471, 263, 2586, 310, 263, 6788, 3138, 1603, 8745, 777, 8709, 29889, 25453, 2107, 373, 1716, 1652, 16286, 29889, 11680, 28830, 17616, 1407, 19780, 322, 2996, 1623, 263, 275, 280, 373, 1716, 21152, 27032, 13748, 13748, 322, 5807, 5807, 29889]","[1, 1771, 19445, 26302, 16198, 29899, 29899, 17984, 27807, 26517, 29899, 1459, 3681, 6097, 1974, 997, 14019, 29880, 17792, 29889, 9134, 1652, 16286, 2107, 3138, 901, 5716, 373, 29871, 29955, 29955, 29955, 769, 319, 29941, 29941, 29900, 29889, 922, 12949, 338, 451, 12151, 297, 8709, 4464, 607, 471, 263, 2586, 310, 263, 6788, 3138, 1603, 8745, 777, 8709, 29889, 25453, 2107, 373, 1716, 1652, 16286, 29889, 11680, 28830, 17616, 1407, 19780, 322, 2996, 1623, 263, 275, 280, 373, 1716, 21152, 27032, 13748, 13748, 322, 5807, 9545, 29889]",4f6d8ef46cea92d55635e8c28c75bc91ca2f77eec7b7e975e650daf90bc9f4b3,3f6f4551f8936ebfa71fa152e587ea9627fcc3e1f88af02e241ad1b3642931e6,4f6d8ef46cea92d55635e8c28c75bc91ca2f77eec7b7e975e650daf90bc9f4b3,3f6f4551f8936ebfa71fa152e587ea9627fcc3e1f88af02e241ad1b3642931e6,4f6d8ef46cea92d55635e8c28c75bc91ca2f77eec7b7e975e650daf90bc9f4b3,3f6f4551f8936ebfa71fa152e587ea9627fcc3e1f88af02e241ad1b3642931e6,True,True,0.020530985668301582,0.019802426919341087,-0.000728558748960495,3,2,[85],[85],True,40,128,False,True,0.2539783716201782,0.05619906634092331,-0.1977793052792549,0.545962929725647,0.5173336267471313,-0.028629302978515625,0.01161646330729127,0.0060323006473481655,-0.005584162659943104,0.014354466926306486,0.0094051961787045,-0.004949270747601986,0.01161646330729127,0.0060323006473481655,-0.005584162659943104,0.014354466926306486,0.0094051961787045,-0.004949270747601986,128,128,0,0,0,0,0,neutral,1,True
4,42,17,2,0,"[1, 1771, 19445, 26302, 16198, 29899, 29899, 17984, 27807, 26517, 29899, 1459, 3681, 6097, 1974, 997, 14019, 29880, 17792, 29889, 9134, 1652, 16286, 2107, 3138, 901, 5716, 373, 29871, 29955, 29955, 29955, 769, 319, 29941, 29941, 29900, 29889, 922, 12949, 338, 451, 12151, 297, 8709, 4464, 607, 471, 263, 2586, 310, 263, 6788, 3138, 1603, 8745, 777, 8709, 29889, 25453, 2107, 373, 1716, 1652, 16286, 29889, 11680, 28830, 17616, 1407, 19780, 322, 2996, 1623, 263, 275, 280, 373, 1716, 21152, 27032, 13748, 13748, 322, 5807, 9545, 29889]","[1, 1771, 9746, 26889, 16198, 29899, 29899, 17984, 27807, 29711, 29899, 2177, 3681, 6097, 1974, 997, 14019, 29880, 17792, 29889, 9134, 1652, 16286, 2107, 3138, 901, 5716, 373, 29871, 29955, 29955, 29955, 769, 319, 29941, 29941, 29900, 29889, 922, 12949, 338, 451, 12151, 297, 8709, 4464, 607, 471, 263, 2586, 310, 263, 6788, 3138, 1603, 8745, 777, 8709, 29889, 25453, 2107, 373, 1716, 1652, 16286, 29889, 11680, 28830, 17616, 1407, 19780, 322, 2996, 1623, 263, 275, 280, 373, 1716, 21152, 27032, 13748, 13748, 322, 5807, 9545, 29889]",3f6f4551f8936ebfa71fa152e587ea9627fcc3e1f88af02e241ad1b3642931e6,7c37da0de51b81b259a04aa6b64f33704465cf95da5340e12a207c788c7fd937,3f6f4551f8936ebfa71fa152e587ea9627fcc3e1f88af02e241ad1b3642931e6,7c37da0de51b81b259a04aa6b64f33704465cf95da5340e12a207c788c7fd937,3f6f4551f8936ebfa71fa152e587ea9627fcc3e1f88af02e241ad1b3642931e6,7c37da0de51b81b259a04aa6b64f33704465cf95da5340e12a207c788c7fd937,True,True,0.019802426919341087,0.018760422244668007,-0.0010420046746730804,13,7,"[2, 3, 4, 5, 6, 8, 9, 11]","[2, 3, 9, 11]",True,128,8192,False,True,0.15267370641231537,0.14554977416992188,-0.007123932242393494,0.3321026563644409,0.33007559180259705,-0.002027064561843872,0.01627603949600598,0.025115173593803775,0.008839134097797796,0.03540293801779626,0.04049003750697011,0.005087099489173852,0.004757101080579114,0.007026684484113335,0.002269583403534221,0.010930188278819601,0.012896985012383266,0.0019667967335636645,30592,30592,0,0,1,0,1,positive,4,True
4,42,17,2,1,"[1, 1771, 9746, 26889, 16198, 29899, 29899, 17984, 27807, 29711, 29899, 2177, 3681, 6097, 1974, 997, 14019, 29880, 17792, 29889, 9134, 1652, 16286, 2107, 3138, 901, 5716, 373, 29871, 29955, 29955, 29955, 769, 319, 29941, 29941, 29900, 29889, 922, 12949, 338, 451, 12151, 297, 8709, 4464, 607, 471, 263, 2586, 310, 263, 6788, 3138, 1603, 8745, 777, 8709, 29889, 25453, 2107, 373, 1716, 1652, 16286, 29889, 11680, 28830, 17616, 1407, 19780, 322, 2996, 1623, 263, 275, 280, 373, 1716, 21152, 27032, 13748, 13748, 322, 5807, 9545, 29889]","[1, 1771, 9746, 26889, 16198, 29899, 29899, 17984, 27807, 29711, 29899, 2177, 3681, 6097, 1974, 997, 14019, 29880, 770, 29889, 9134, 1652, 16286, 2107, 3138, 901, 5716, 373, 29871, 29955, 29955, 29955, 769, 319, 29941, 29941, 29900, 29889, 922, 12949, 338, 451, 12151, 297, 8709, 4464, 607, 471, 263, 2586, 310, 263, 6788, 3138, 1603, 8745, 777, 8709, 29889, 25453, 2107, 373, 1716, 1652, 16286, 29889, 11680, 28830, 17616, 1407, 19780, 322, 2996, 1623, 263, 275, 280, 373, 1716, 21152, 27032, 13748, 13748, 322, 5807, 9545, 29889]",7c37da0de51b81b259a04aa6b64f33704465cf95da5340e12a207c788c7fd937,cbd013be0739bf2009d456772f1afced2b6dc86060efea040279afb6916cc422,7c37da0de51b81b259a04aa6b64f33704465cf95da5340e12a207c788c7fd937,cbd013be0739bf2009d456772f1afced2b6dc86060efea040279afb6916cc422,7c37da0de51b81b259a04aa6b64f33704465cf95da5340e12a207c788c7fd937,cbd013be0739bf2009d456772f1afced2b6dc86060efea040279afb6916cc422,True,True,0.018760422244668007,0.018195796757936478,-0.0005646254867315292,4,2,"[16, 18, 20]",[18],True,128,8192,False,True,0.11848625540733337,0.1065988764166832,-0.011887378990650177,0.3957405090332031,0.3977421224117279,0.0020016133785247803,0.004992070207663346,0.004584980873914901,-0.0004070893337484449,0.011061791548854671,0.010797303737490438,-0.0002644878113642335,0.004992070207663346,0.004584980873914901,-0.0004070893337484449,0.011061791548854671,0.010797303737490438,-0.0002644878113642335,8192,8192,0,0,0,0,0,neutral,1,True
5,42,17,1,0,"[1, 450, 3256, 2522, 307, 21317, 29915, 670, 1361, 471, 373, 263, 7714, 29892, 263, 8515, 7314, 2000, 1075, 491, 670, 1024, 29892, 322, 289, 21000, 1075, 3896, 29889, 540, 26449, 26449, 29889]","[1, 450, 3256, 2522, 307, 21317, 29915, 670, 1361, 471, 373, 278, 7714, 29892, 263, 8515, 7314, 2000, 1075, 491, 670, 1024, 29892, 322, 289, 21000, 1075, 3896, 29889, 540, 26449, 26449, 29889]",45182aa123db610384ca472bd7041a4efc6f4db52699cb80c936a8bbf2975e42,885a535dbe33b5558696f22fbee89f9bac96b6a899510792756a61a748b92a6c,45182aa123db610384ca472bd7041a4efc6f4db52699cb80c936a8bbf2975e42,885a535dbe33b5558696f22fbee89f9bac96b6a899510792756a61a748b92a6c,45182aa123db610384ca472bd7041a4efc6f4db52699cb80c936a8bbf2975e42,885a535dbe33b5558696f22fbee89f9bac96b6a899510792756a61a748b92a6c,True,True,0.011928861029446125,0.008722776547074318,-0.003206084482371807,4,2,"[7, 11]",[11],True,128,2688,False,True,0.07688278704881668,0.05438614264130592,-0.022496644407510757,0.3744800388813019,0.381253182888031,0.006773144006729126,0.004628502275972139,0.0010540051208365532,-0.0035744971551355856,0.015900186196501766,0.014953969911273037,-0.0009462162852287292,0.004628502275972139,0.0010540051208365532,-0.0035744971551355856,0.015900186196501766,0.014953969911273037,-0.0009462162852287292,2688,2688,0,0,1,0,1,positive,1,True
5,42,17,2,0,"[1, 450, 3256, 2522, 307, 21317, 29915, 670, 1361, 471, 373, 278, 7714, 29892, 263, 8515, 7314, 2000, 1075, 491, 670, 1024, 29892, 322, 289, 21000, 1075, 3896, 29889, 540, 26449, 26449, 29889]","[1, 450, 3256, 2522, 307, 21317, 29915, 29879, 1361, 471, 373, 278, 7714, 29892, 263, 8515, 7314, 2000, 1075, 491, 670, 1024, 29892, 322, 289, 21000, 1075, 3896, 29889, 540, 26449, 26449, 29889]",885a535dbe33b5558696f22fbee89f9bac96b6a899510792756a61a748b92a6c,fe656a9ada89fa7e021f79904bcc05e0216af5ab7b4824e7033a7ff1b5b8e6ab,885a535dbe33b5558696f22fbee89f9bac96b6a899510792756a61a748b92a6c,fe656a9ada89fa7e021f79904bcc05e0216af5ab7b4824e7033a7ff1b5b8e6ab,885a535dbe33b5558696f22fbee89f9bac96b6a899510792756a61a748b92a6c,fe656a9ada89fa7e021f79904bcc05e0216af5ab7b4824e7033a7ff1b5b8e6ab,True,True,0.008722776547074318,0.00505407527089119,-0.0036687012761831284,6,2,"[7, 11]",[7],True,128,3200,False,True,0.06227760761976242,0.0475086085498333,-0.014768999069929123,0.3927091658115387,0.39349883794784546,0.0007896721363067627,0.00685794522985816,0.00041864033788442613,-0.006439304891973734,0.019597063940018415,0.016195969954133034,-0.003401093985885381,0.00685794522985816,0.00041864033788442613,-0.006439304891973734,0.019597063940018415,0.016195969954133034,-0.003401093985885381,3200,3200,0,0,1,0,1,positive,1,True
7,42,17,1,0,"[1, 365, 20938, 29899, 9193, 29899, 3210, 29939, 7106, 29871, 29896, 29941, 11582, 6339, 29871, 29915, 29900, 29896, 28574, 448, 29871, 29906, 29896, 937, 6339, 29871, 29915, 29900, 29896, 29945, 29889, 306, 2355, 278, 29871, 29906, 29906, 29889, 29896, 29945, 16286, 515, 540, 9045, 18117, 304, 9193, 575, 373, 278, 29871, 29896, 29941, 386, 322, 769, 278, 29871, 29900, 29929, 29889, 29896, 29945, 16286, 304, 678, 4807, 373, 278, 29871, 29896, 29946, 386, 29889, 2180, 806, 9045, 13223, 278, 16286, 471, 975, 29899, 1491, 21696, 3192, 577, 896, 892, 27032, 2305, 263, 2919, 2533, 310, 6909, 263, 4646, 297, 263, 16730, 322, 263, 16286, 278, 1494, 2462, 448, 306, 6398, 896, 723, 505, 4433, 592, 29991, 769, 896, 471, 6721, 2305, 304, 313, 1700, 27081, 6275, 29897, 1423, 1009, 1361, 7245, 23156, 27498, 964, 278, 4808, 785, 1105, 306, 12520, 1363, 310, 278, 1472, 4480, 306, 750, 472, 319, 9193, 29991, 450, 16286, 471, 10597, 278, 7375, 592, 284, 471, 6766, 4688, 373, 964, 278, 16286, 322, 591, 2982, 25325, 10029, 4688, 29889]","[1, 365, 20938, 29899, 9193, 29899, 3210, 29939, 7106, 29871, 29896, 29941, 386, 6339, 29871, 29915, 29900, 29896, 28574, 448, 29871, 29906, 29896, 937, 6339, 29871, 29915, 29900, 29896, 29945, 29889, 306, 2355, 278, 29871, 29906, 29906, 29889, 29896, 29945, 16286, 515, 540, 9045, 18117, 304, 9193, 575, 373, 278, 29871, 29896, 29941, 386, 322, 769, 278, 29871, 29900, 29929, 29889, 29896, 29945, 16286, 304, 678, 4807, 373, 278, 29871, 29896, 29946, 386, 29889, 2180, 806, 9045, 13223, 278, 16286, 471, 975, 29899, 1491, 21696, 3192, 577, 896, 892, 27032, 2305, 263, 2919, 2533, 310, 6909, 263, 4646, 297, 263, 16730, 322, 263, 16286, 278, 1494, 2462, 448, 306, 6398, 896, 723, 505, 4433, 592, 29991, 769, 896, 471, 6721, 2305, 304, 313, 1700, 27081, 6275, 29897, 1423, 1009, 1361, 7245, 23156, 27498, 964, 278, 4808, 785, 1105, 306, 12520, 1363, 310, 278, 1472, 4480, 306, 750, 472, 319, 9193, 29991, 450, 16286, 471, 10597, 278, 7375, 592, 284, 471, 6766, 4688, 373, 964, 278, 16286, 322, 591, 2982, 25325, 10029, 4688, 29889]",b4cab5658585d96952053490c0f5594b90b3fc8acf8d177b5f5ddb40fdbe1f03,628877834425759cd477d017a9282145fd0496555a729bf29a24b53d9fdb3411,b4cab5658585d96952053490c0f5594b90b3fc8acf8d177b5f5ddb40fdbe1f03,628877834425759cd477d017a9282145fd0496555a729bf29a24b53d9fdb3411,b4cab5658585d96952053490c0f5594b90b3fc8acf8d177b5f5ddb40fdbe1f03,628877834425759cd477d017a9282145fd0496555a729bf29a24b53d9fdb3411,True,True,0.021887414157390594,0.02128145657479763,-0.0006059575825929642,20,1,"[2, 4, 7, 12, 15]",[12],True,128,8192,False,True,0.22317636013031006,0.22293031215667725,-0.0002460479736328125,0.37496718764305115,0.3747928738594055,-0.00017431378364562988,0.011343245176249184,0.0034900921236840077,-0.007853153052565176,0.01802893060084898,0.01120963830180699,-0.00681929229904199,0.011343245176249184,0.0034900921236840077,-0.007853153052565176,0.01802893060084898,0.01120963830180699,-0.00681929229904199,8192,8192,0,0,1,0,1,positive,1,True
7,42,17,1,1,"[1, 365, 20938, 29899, 9193, 29899, 3210, 29939, 7106, 29871, 29896, 29941, 386, 6339, 29871, 29915, 29900, 29896, 28574, 448, 29871, 29906, 29896, 937, 6339, 29871, 29915, 29900, 29896, 29945, 29889, 306, 2355, 278, 29871, 29906, 29906, 29889, 29896, 29945, 16286, 515, 540, 9045, 18117, 304, 9193, 575, 373, 278, 29871, 29896, 29941, 386, 322, 769, 278, 29871, 29900, 29929, 29889, 29896, 29945, 16286, 304, 678, 4807, 373, 278, 29871, 29896, 29946, 386, 29889, 2180, 806, 9045, 13223, 278, 16286, 471, 975, 29899, 1491, 21696, 3192, 577, 896, 892, 27032, 2305, 263, 2919, 2533, 310, 6909, 263, 4646, 297, 263, 16730, 322, 263, 16286, 278, 1494, 2462, 448, 306, 6398, 896, 723, 505, 4433, 592, 29991, 769, 896, 471, 6721, 2305, 304, 313, 1700, 27081, 6275, 29897, 1423, 1009, 1361, 7245, 23156, 27498, 964, 278, 4808, 785, 1105, 306, 12520, 1363, 310, 278, 1472, 4480, 306, 750, 472, 319, 9193, 29991, 450, 16286, 471, 10597, 278, 7375, 592, 284, 471, 6766, 4688, 373, 964, 278, 16286, 322, 591, 2982, 25325, 10029, 4688, 29889]","[1, 365, 20938, 29899, 9193, 29899, 3210, 29939, 7106, 29871, 29896, 29941, 386, 6339, 29871, 29915, 29900, 29896, 29912, 448, 29871, 29906, 29896, 386, 6339, 29871, 29915, 29879, 29896, 9389, 29889, 306, 2355, 278, 29871, 29906, 29906, 29889, 29896, 29945, 16286, 515, 540, 9045, 18117, 304, 9193, 575, 373, 278, 29871, 29896, 29941, 386, 322, 769, 278, 29871, 29900, 29929, 29889, 29896, 29945, 16286, 304, 678, 4807, 373, 278, 29871, 29896, 29946, 386, 29889, 2180, 806, 9045, 13223, 278, 16286, 471, 975, 29899, 1491, 21696, 3192, 577, 896, 892, 27032, 2305, 263, 2919, 2533, 310, 6909, 263, 4646, 297, 263, 16730, 322, 263, 16286, 278, 1494, 2462, 448, 306, 6398, 896, 723, 505, 4433, 592, 29991, 769, 896, 471, 6721, 2305, 304, 313, 1700, 27081, 6275, 29897, 1423, 1009, 1361, 7245, 23156, 27498, 964, 278, 4808, 785, 1105, 306, 12520, 1363, 310, 278, 1472, 4480, 306, 750, 472, 319, 9193, 29991, 450, 16286, 471, 10597, 278, 7375, 592, 284, 471, 6766, 4688, 373, 964, 278, 16286, 322, 591, 2982, 25325, 10029, 4688, 29889]",628877834425759cd477d017a9282145fd0496555a729bf29a24b53d9fdb3411,9144284885c55b2528eb25725e8cff209908ab65b3f15e75b6786371e0d626d4,628877834425759cd477d017a9282145fd0496555a729bf29a24b53d9fdb3411,9144284885c55b2528eb25725e8cff209908ab65b3f15e75b6786371e0d626d4,628877834425759cd477d017a9282145fd0496555a729bf29a24b53d9fdb3411,9144284885c55b2528eb25725e8cff209908ab65b3f15e75b6786371e0d626d4,True,True,0.02128145657479763,0.020559703931212425,-0.0007217526435852051,30,3,"[16, 18, 23, 27, 29]","[18, 23, 27, 29]",True,128,8192,False,True,0.24031031131744385,0.18941713869571686,-0.05089317262172699,0.38939523696899414,0.39124056696891785,0.001845329999923706,0.022213950993318576,0.026043415964522865,0.0038294649712042883,0.03265908532193862,0.038077381817856804,0.0054182964959181845,0.006739224383841345,0.008163838574735375,0.00142461419089403,0.01044684595698531,0.012059353485509947,0.0016125075285246364,29568,29568,0,0,0,2,-2,harmful,4,True
7,42,17,1,5,"[1, 365, 20938, 29899, 9193, 29899, 3210, 29939, 7106, 29871, 29896, 29941, 386, 6339, 29871, 29915, 29900, 29896, 29912, 448, 29871, 29906, 29896, 386, 6339, 29871, 29915, 29879, 29896, 9389, 29889, 306, 2355, 278, 29871, 29906, 29906, 29889, 29896, 29945, 16286, 515, 540, 9045, 18117, 304, 9193, 575, 373, 278, 29871, 29896, 29941, 386, 322, 769, 278, 29871, 29900, 29929, 29889, 29896, 29945, 16286, 304, 678, 4807, 373, 278, 29871, 29896, 29946, 386, 29889, 2180, 806, 9045, 13223, 278, 16286, 471, 975, 29899, 1491, 21696, 3192, 577, 896, 892, 27032, 2305, 263, 2919, 2533, 310, 6909, 263, 4646, 297, 263, 16730, 322, 263, 16286, 278, 1494, 2462, 448, 306, 6398, 896, 723, 505, 4433, 592, 29991, 769, 896, 471, 6721, 2305, 304, 313, 1700, 27081, 6275, 29897, 1423, 1009, 1361, 7245, 23156, 27498, 964, 278, 4808, 785, 1105, 306, 12520, 1363, 310, 278, 1472, 4480, 306, 750, 472, 319, 9193, 29991, 450, 16286, 471, 10597, 278, 7375, 592, 284, 471, 6766, 4688, 373, 964, 278, 16286, 322, 591, 2982, 25325, 10029, 4688, 29889]","[1, 365, 20938, 29899, 9193, 29899, 3210, 29939, 7106, 29871, 29896, 29941, 386, 6339, 29871, 29915, 29900, 29896, 29912, 448, 29871, 29906, 29896, 386, 6339, 29871, 29915, 29879, 29896, 9389, 29889, 306, 2355, 278, 29871, 29906, 29906, 29889, 29896, 29945, 16286, 515, 540, 9045, 18117, 304, 9193, 575, 373, 278, 29871, 29896, 29941, 386, 322, 769, 278, 29871, 29900, 29929, 29889, 29896, 29945, 16286, 304, 678, 4807, 373, 278, 29871, 29896, 29946, 386, 29889, 2180, 806, 9045, 13223, 278, 16286, 471, 975, 29899, 1491, 7588, 2580, 577, 896, 892, 27032, 2305, 263, 2919, 2533, 310, 6909, 263, 4646, 297, 263, 16730, 322, 263, 16286, 278, 1494, 2462, 448, 306, 6398, 896, 723, 505, 4433, 592, 29991, 769, 896, 471, 6721, 2305, 304, 313, 1700, 27081, 6275, 29897, 1423, 1009, 1361, 7245, 23156, 27498, 964, 278, 4808, 785, 1105, 306, 12520, 1363, 310, 278, 1472, 4480, 306, 750, 472, 319, 9193, 29991, 450, 16286, 471, 10597, 278, 7375, 592, 284, 471, 6766, 4688, 373, 964, 278, 16286, 322, 591, 2982, 25325, 10029, 4688, 29889]",9144284885c55b2528eb25725e8cff209908ab65b3f15e75b6786371e0d626d4,a6af59c5e40da68487f4e049817a3f41b9f26d6ebe3dabd6b37df1155c66a309,9144284885c55b2528eb25725e8cff209908ab65b3f15e75b6786371e0d626d4,a6af59c5e40da68487f4e049817a3f41b9f26d6ebe3dabd6b37df1155c66a309,9144284885c55b2528eb25725e8cff209908ab65b3f15e75b6786371e0d626d4,a6af59c5e40da68487f4e049817a3f41b9f26d6ebe3dabd6b37df1155c66a309,True,True,0.020559703931212425,0.019395221024751663,-0.001164482906460762,11,3,"[84, 85, 86, 89]","[84, 85]",True,128,8192,False,True,0.2027822732925415,0.19815433025360107,-0.00462794303894043,0.5342684984207153,0.5332610607147217,-0.0010074377059936523,0.00680501382885268,0.0018175510267610662,-0.004987462802091613,0.014732140887645073,0.010042462425190024,-0.004689678462455049,0.0036138198338449,0.000867379722955424,-0.002746440110889476,0.007215432225044552,0.004868899028396278,-0.0023465331966482745,16256,16256,0,0,2,0,2,positive,2,True
7,42,17,1,6,"[1, 365, 20938, 29899, 9193, 29899, 3210, 29939, 7106, 29871, 29896, 29941, 386, 6339, 29871, 29915, 29900, 29896, 29912, 448, 29871, 29906, 29896, 386, 6339, 29871, 29915, 29879, 29896, 9389, 29889, 306, 2355, 278, 29871, 29906, 29906, 29889, 29896, 29945, 16286, 515, 540, 9045, 18117, 304, 9193, 575, 373, 278, 29871, 29896, 29941, 386, 322, 769, 278, 29871, 29900, 29929, 29889, 29896, 29945, 16286, 304, 678, 4807, 373, 278, 29871, 29896, 29946, 386, 29889, 2180, 806, 9045, 13223, 278, 16286, 471, 975, 29899, 1491, 7588, 2580, 577, 896, 892, 27032, 2305, 263, 2919, 2533, 310, 6909, 263, 4646, 297, 263, 16730, 322, 263, 16286, 278, 1494, 2462, 448, 306, 6398, 896, 723, 505, 4433, 592, 29991, 769, 896, 471, 6721, 2305, 304, 313, 1700, 27081, 6275, 29897, 1423, 1009, 1361, 7245, 23156, 27498, 964, 278, 4808, 785, 1105, 306, 12520, 1363, 310, 278, 1472, 4480, 306, 750, 472, 319, 9193, 29991, 450, 16286, 471, 10597, 278, 7375, 592, 284, 471, 6766, 4688, 373, 964, 278, 16286, 322, 591, 2982, 25325, 10029, 4688, 29889]","[1, 365, 20938, 29899, 9193, 29899, 3210, 29939, 7106, 29871, 29896, 29941, 386, 6339, 29871, 29915, 29900, 29896, 29912, 448, 29871, 29906, 29896, 386, 6339, 29871, 29915, 29879, 29896, 9389, 29889, 306, 2355, 278, 29871, 29906, 29906, 29889, 29896, 29945, 16286, 515, 540, 9045, 18117, 304, 9193, 575, 373, 278, 29871, 29896, 29941, 386, 322, 769, 278, 29871, 29900, 29929, 29889, 29896, 29945, 16286, 304, 678, 4807, 373, 278, 29871, 29896, 29946, 386, 29889, 2180, 806, 9045, 13223, 278, 16286, 471, 975, 29899, 1491, 7588, 2580, 577, 896, 892, 27032, 2305, 263, 2919, 2533, 310, 6909, 263, 4646, 297, 263, 16730, 322, 278, 16286, 278, 1494, 2462, 448, 306, 6398, 896, 723, 505, 4433, 592, 29991, 769, 896, 471, 6721, 2305, 304, 313, 1700, 27081, 6275, 29897, 1423, 1009, 1361, 7245, 23156, 27498, 964, 278, 4808, 785, 1105, 306, 12520, 1363, 310, 278, 1472, 4480, 306, 750, 472, 319, 9193, 29991, 450, 16286, 471, 10597, 278, 7375, 592, 284, 471, 6766, 4688, 373, 964, 278, 16286, 322, 591, 2982, 25325, 10029, 4688, 29889]",a6af59c5e40da68487f4e049817a3f41b9f26d6ebe3dabd6b37df1155c66a309,3d593612a56ea1e342f8b433ca35b192b68b30ca502083d5f205c77d484bc77b,a6af59c5e40da68487f4e049817a3f41b9f26d6ebe3dabd6b37df1155c66a309,3d593612a56ea1e342f8b433ca35b192b68b30ca502083d5f205c77d484bc77b,a6af59c5e40da68487f4e049817a3f41b9f26d6ebe3dabd6b37df1155c66a309,3d593612a56ea1e342f8b433ca35b192b68b30ca502083d5f205c77d484bc77b,True,True,0.019395221024751663,0.01847822591662407,-0.000916995108127594,3,1,[102],[102],True,128,8192,False,True,0.23846356570720673,0.22711551189422607,-0.011348053812980652,0.5465395450592041,0.5511102676391602,0.004570722579956055,0.0015998620292521082,0.0009403398507856764,-0.0006595221784664318,0.004159710355452262,0.005018292547902092,0.0008585821924498305,0.0015998620292521082,0.0009403398507856764,-0.0006595221784664318,0.004159710355452262,0.005018292547902092,0.0008585821924498305,8192,8192,0,0,1,0,1,positive,1,True
7,42,17,1,7,"[1, 365, 20938, 29899, 9193, 29899, 3210, 29939, 7106, 29871, 29896, 29941, 386, 6339, 29871, 29915, 29900, 29896, 29912, 448, 29871, 29906, 29896, 386, 6339, 29871, 29915, 29879, 29896, 9389, 29889, 306, 2355, 278, 29871, 29906, 29906, 29889, 29896, 29945, 16286, 515, 540, 9045, 18117, 304, 9193, 575, 373, 278, 29871, 29896, 29941, 386, 322, 769, 278, 29871, 29900, 29929, 29889, 29896, 29945, 16286, 304, 678, 4807, 373, 278, 29871, 29896, 29946, 386, 29889, 2180, 806, 9045, 13223, 278, 16286, 471, 975, 29899, 1491, 7588, 2580, 577, 896, 892, 27032, 2305, 263, 2919, 2533, 310, 6909, 263, 4646, 297, 263, 16730, 322, 278, 16286, 278, 1494, 2462, 448, 306, 6398, 896, 723, 505, 4433, 592, 29991, 769, 896, 471, 6721, 2305, 304, 313, 1700, 27081, 6275, 29897, 1423, 1009, 1361, 7245, 23156, 27498, 964, 278, 4808, 785, 1105, 306, 12520, 1363, 310, 278, 1472, 4480, 306, 750, 472, 319, 9193, 29991, 450, 16286, 471, 10597, 278, 7375, 592, 284, 471, 6766, 4688, 373, 964, 278, 16286, 322, 591, 2982, 25325, 10029, 4688, 29889]","[1, 365, 20938, 29899, 9193, 29899, 3210, 29939, 7106, 29871, 29896, 29941, 386, 6339, 29871, 29915, 29900, 29896, 29912, 448, 29871, 29906, 29896, 386, 6339, 29871, 29915, 29879, 29896, 9389, 29889, 306, 2355, 278, 29871, 29906, 29906, 29889, 29896, 29945, 16286, 515, 540, 9045, 18117, 304, 9193, 575, 373, 278, 29871, 29896, 29941, 386, 322, 769, 278, 29871, 29900, 29929, 29889, 29896, 29945, 16286, 304, 678, 4807, 373, 278, 29871, 29896, 29946, 386, 29889, 2180, 806, 9045, 13223, 278, 16286, 471, 975, 29899, 1491, 7588, 2580, 577, 896, 892, 27032, 2305, 263, 2919, 2533, 310, 6909, 263, 4646, 297, 263, 16730, 322, 278, 16286, 278, 1494, 2462, 448, 306, 6398, 896, 723, 505, 4433, 592, 29991, 1987, 896, 892, 6721, 2305, 304, 313, 3684, 27081, 6275, 29897, 1423, 1009, 1361, 7245, 23156, 27498, 964, 278, 4808, 785, 1105, 306, 12520, 1363, 310, 278, 1472, 4480, 306, 750, 472, 319, 9193, 29991, 450, 16286, 471, 10597, 278, 7375, 592, 284, 471, 6766, 4688, 373, 964, 278, 16286, 322, 591, 2982, 25325, 10029, 4688, 29889]",3d593612a56ea1e342f8b433ca35b192b68b30ca502083d5f205c77d484bc77b,df70ddb1e0e71a3377cd8978f3a256051f5d2910d6f297d37e6355a8c69e15c4,3d593612a56ea1e342f8b433ca35b192b68b30ca502083d5f205c77d484bc77b,df70ddb1e0e71a3377cd8978f3a256051f5d2910d6f297d37e6355a8c69e15c4,3d593612a56ea1e342f8b433ca35b192b68b30ca502083d5f205c77d484bc77b,df70ddb1e0e71a3377cd8978f3a256051f5d2910d6f297d37e6355a8c69e15c4,True,True,0.01847822591662407,0.017703449353575706,-0.0007747765630483627,11,3,"[113, 116, 117, 118, 123]","[116, 118, 123]",True,128,7168,False,True,0.22814270853996277,0.2110636979341507,-0.017079010605812073,0.5514644980430603,0.5479238033294678,-0.0035406947135925293,0.0070831019963536945,0.004787330357690475,-0.00229577163866322,0.01487946613425655,0.013709704749219651,-0.0011697613850368983,0.0024943395178038744,0.001734536070868654,-0.0007598034469352203,0.005358303118051973,0.005006785308297888,-0.00035151780975408494,20352,20352,0,0,2,0,2,positive,3,True
7,42,17,1,8,"[1, 365, 20938, 29899, 9193, 29899, 3210, 29939, 7106, 29871, 29896, 29941, 386, 6339, 29871, 29915, 29900, 29896, 29912, 448, 29871, 29906, 29896, 386, 6339, 29871, 29915, 29879, 29896, 9389, 29889, 306, 2355, 278, 29871, 29906, 29906, 29889, 29896, 29945, 16286, 515, 540, 9045, 18117, 304, 9193, 575, 373, 278, 29871, 29896, 29941, 386, 322, 769, 278, 29871, 29900, 29929, 29889, 29896, 29945, 16286, 304, 678, 4807, 373, 278, 29871, 29896, 29946, 386, 29889, 2180, 806, 9045, 13223, 278, 16286, 471, 975, 29899, 1491, 7588, 2580, 577, 896, 892, 27032, 2305, 263, 2919, 2533, 310, 6909, 263, 4646, 297, 263, 16730, 322, 278, 16286, 278, 1494, 2462, 448, 306, 6398, 896, 723, 505, 4433, 592, 29991, 1987, 896, 892, 6721, 2305, 304, 313, 3684, 27081, 6275, 29897, 1423, 1009, 1361, 7245, 23156, 27498, 964, 278, 4808, 785, 1105, 306, 12520, 1363, 310, 278, 1472, 4480, 306, 750, 472, 319, 9193, 29991, 450, 16286, 471, 10597, 278, 7375, 592, 284, 471, 6766, 4688, 373, 964, 278, 16286, 322, 591, 2982, 25325, 10029, 4688, 29889]","[1, 365, 20938, 29899, 9193, 29899, 3210, 29939, 7106, 29871, 29896, 29941, 386, 6339, 29871, 29915, 29900, 29896, 29912, 448, 29871, 29906, 29896, 386, 6339, 29871, 29915, 29879, 29896, 9389, 29889, 306, 2355, 278, 29871, 29906, 29906, 29889, 29896, 29945, 16286, 515, 540, 9045, 18117, 304, 9193, 575, 373, 278, 29871, 29896, 29941, 386, 322, 769, 278, 29871, 29900, 29929, 29889, 29896, 29945, 16286, 304, 678, 4807, 373, 278, 29871, 29896, 29946, 386, 29889, 2180, 806, 9045, 13223, 278, 16286, 471, 975, 29899, 1491, 7588, 2580, 577, 896, 892, 27032, 2305, 263, 2919, 2533, 310, 6909, 263, 4646, 297, 263, 16730, 322, 278, 16286, 278, 1494, 2462, 448, 306, 6398, 896, 723, 505, 4433, 592, 29991, 1987, 896, 892, 6721, 2305, 304, 313, 3684, 27081, 6275, 29897, 1423, 1009, 1361, 7245, 19548, 19548, 964, 278, 4808, 448, 1105, 306, 12520, 1363, 310, 278, 1472, 4480, 306, 750, 472, 319, 9193, 29991, 450, 16286, 471, 10597, 278, 7375, 592, 284, 471, 6766, 4688, 373, 964, 278, 16286, 322, 591, 2982, 25325, 10029, 4688, 29889]",df70ddb1e0e71a3377cd8978f3a256051f5d2910d6f297d37e6355a8c69e15c4,01eaec34e71b97403946f45c76610efefbb8bd4df780ecf9171db363fdeb7373,df70ddb1e0e71a3377cd8978f3a256051f5d2910d6f297d37e6355a8c69e15c4,01eaec34e71b97403946f45c76610efefbb8bd4df780ecf9171db363fdeb7373,df70ddb1e0e71a3377cd8978f3a256051f5d2910d6f297d37e6355a8c69e15c4,01eaec34e71b97403946f45c76610efefbb8bd4df780ecf9171db363fdeb7373,True,True,0.017703449353575706,0.017239542677998543,-0.0004639066755771637,7,2,"[131, 132, 136]","[131, 132, 136]",True,128,5248,False,True,0.19987475872039795,0.17582805454730988,-0.024046704173088074,0.5479295253753662,0.5450828075408936,-0.0028467178344726562,0.013159054331481457,0.009919842398475582,-0.0032392119330058745,0.027262298730997052,0.024770981688961025,-0.0024913170420360273,0.006249402052698991,0.005355011007119702,-0.0008943910455792891,0.009381995536386967,0.008477801142626593,-0.0009041943937603738,14976,14976,0,0,1,0,1,positive,3,True
7,42,17,2,4,"[1, 365, 20938, 29899, 9193, 29899, 3210, 29939, 7106, 29871, 29896, 29941, 386, 6339, 29871, 29915, 29900, 29896, 29912, 448, 29871, 29906, 29896, 386, 6339, 29871, 29915, 29879, 29896, 9389, 29889, 306, 2355, 278, 29871, 29906, 29906, 29889, 29896, 29945, 16286, 515, 540, 9045, 18117, 304, 9193, 575, 373, 278, 29871, 29896, 29941, 386, 322, 769, 278, 29871, 29900, 29929, 29889, 29896, 29945, 16286, 304, 678, 4807, 373, 278, 29871, 29896, 29946, 386, 29889, 2180, 806, 9045, 13223, 278, 16286, 471, 975, 29899, 1491, 7588, 2580, 577, 896, 892, 27032, 2305, 263, 2919, 2533, 310, 6909, 263, 4646, 297, 263, 16730, 322, 278, 16286, 278, 1494, 2462, 448, 306, 6398, 896, 723, 505, 4433, 592, 29991, 1987, 896, 892, 6721, 2305, 304, 313, 3684, 27081, 6275, 29897, 1423, 1009, 1361, 7245, 19548, 19548, 964, 278, 4808, 448, 1105, 306, 12520, 1363, 310, 278, 1472, 4480, 306, 750, 472, 319, 9193, 29991, 450, 16286, 471, 10597, 278, 7375, 592, 284, 471, 6766, 4688, 373, 964, 278, 16286, 322, 591, 2982, 25325, 10029, 4688, 29889]","[1, 365, 20938, 29899, 9193, 29899, 3210, 29939, 7106, 29871, 29896, 29941, 386, 6339, 29871, 29915, 29900, 29896, 29912, 448, 29871, 29906, 29896, 386, 6339, 29871, 29915, 29879, 29896, 9389, 29889, 306, 2355, 278, 29871, 29906, 29906, 29889, 29896, 29945, 16286, 515, 540, 9045, 18117, 304, 9193, 575, 373, 278, 29871, 29896, 29941, 386, 322, 769, 278, 29871, 29900, 29929, 29889, 29896, 29945, 16286, 304, 678, 4807, 373, 278, 29871, 29896, 29946, 386, 29889, 2180, 476, 9045, 13223, 278, 16286, 471, 975, 29899, 1491, 7588, 2580, 577, 896, 892, 27032, 2305, 263, 2919, 2533, 310, 6909, 263, 4646, 297, 263, 16730, 322, 278, 16286, 278, 1494, 2462, 448, 306, 6398, 896, 723, 505, 4433, 592, 29991, 1987, 896, 892, 6721, 2305, 304, 313, 3684, 27081, 6275, 29897, 1423, 1009, 1361, 7245, 19548, 19548, 964, 278, 4808, 448, 1105, 306, 12520, 1363, 310, 278, 1472, 4480, 306, 750, 472, 319, 9193, 29991, 450, 16286, 471, 10597, 278, 7375, 592, 284, 471, 6766, 4688, 373, 964, 278, 16286, 322, 591, 2982, 25325, 10029, 4688, 29889]",01eaec34e71b97403946f45c76610efefbb8bd4df780ecf9171db363fdeb7373,3fe60689f4cd94d9d7a095baf451fb9cc17535493c2a97be8d81c3e2a6aef411,01eaec34e71b97403946f45c76610efefbb8bd4df780ecf9171db363fdeb7373,3fe60689f4cd94d9d7a095baf451fb9cc17535493c2a97be8d81c3e2a6aef411,01eaec34e71b97403946f45c76610efefbb8bd4df780ecf9171db363fdeb7373,3fe60689f4cd94d9d7a095baf451fb9cc17535493c2a97be8d81c3e2a6aef411,True,True,0.017239542677998543,0.017121970653533936,-0.00011757202446460724,16,1,"[66, 74, 75, 76, 77]",[75],True,128,8192,False,True,0.16763600707054138,0.16021230816841125,-0.007423698902130127,0.46275705099105835,0.4614543318748474,-0.0013027191162109375,0.003057715672184713,0.002543771581258625,-0.0005139440909260884,0.005181845641345717,0.004801428993232548,-0.0003804166481131688,0.003057715672184713,0.002543771581258625,-0.0005139440909260884,0.005181845641345717,0.004801428993232548,-0.0003804166481131688,8192,8192,0,0,0,0,0,neutral,1,True
8,42,17,1,1,"[1, 317, 5800, 29899, 29928, 7466, 29936, 365, 27694, 29899, 29928, 10406, 29899, 29903, 23133, 29889, 1632, 5962, 10643, 15129, 29889, 373, 5974, 25619, 29889, 2379, 16286, 13925, 892, 925, 2675, 1549, 278, 3184, 24530, 322, 6140, 408, 5747, 896, 8496, 29915, 2609, 2562, 3109, 1048, 278, 28134, 29889, 922, 22091, 471, 19932, 29892, 541, 11460, 519, 29889, 512, 15403, 16286, 22684, 18189, 471, 5051, 1781, 29889, 2191, 17803, 892, 451, 577, 1781, 322, 367, 13748, 2669, 471, 2400, 10117, 29889, 750, 2228, 411, 28507, 5742, 502, 393, 2758, 1009, 2278, 304, 3133, 9126, 24817, 278, 1250, 310, 1749, 12949, 29889, 591, 4433, 278, 5637, 2748, 310, 278, 1108, 3447, 278, 2278, 18172, 29889, 26579, 4433, 1449, 304, 22893, 505, 596, 4344, 5040, 278, 24817, 1076, 29889, 4654, 931, 471, 3307, 322, 16286, 17616, 26314, 27803, 322, 1371, 3604, 17141, 278, 1108, 29889, 319, 15327, 363, 278, 24817, 292, 2278, 322, 263, 12917, 310, 19006, 363, 502, 29889, 1407, 7736, 6434, 7046, 16459, 9280, 491, 17616, 29889, 6811, 12463, 278, 16286, 2444, 3273, 29692, 29892, 851, 22884, 322, 925, 1258, 451, 864, 451, 2599, 1009, 4982, 29889]","[1, 317, 5800, 29899, 29928, 7466, 29936, 365, 27694, 29899, 29928, 10406, 29899, 29903, 23133, 29889, 1632, 5962, 13925, 15129, 29889, 373, 5974, 25619, 29889, 2379, 16286, 13925, 526, 925, 2675, 1549, 278, 3184, 24530, 322, 6140, 408, 5747, 896, 8496, 29915, 2609, 2562, 3109, 1048, 278, 28134, 29889, 922, 22091, 471, 19932, 29892, 541, 11460, 519, 29889, 512, 15403, 16286, 22684, 18189, 471, 5051, 1781, 29889, 2191, 17803, 892, 451, 577, 1781, 322, 367, 13748, 2669, 471, 2400, 10117, 29889, 750, 2228, 411, 28507, 5742, 502, 393, 2758, 1009, 2278, 304, 3133, 9126, 24817, 278, 1250, 310, 1749, 12949, 29889, 591, 4433, 278, 5637, 2748, 310, 278, 1108, 3447, 278, 2278, 18172, 29889, 26579, 4433, 1449, 304, 22893, 505, 596, 4344, 5040, 278, 24817, 1076, 29889, 4654, 931, 471, 3307, 322, 16286, 17616, 26314, 27803, 322, 1371, 3604, 17141, 278, 1108, 29889, 319, 15327, 363, 278, 24817, 292, 2278, 322, 263, 12917, 310, 19006, 363, 502, 29889, 1407, 7736, 6434, 7046, 16459, 9280, 491, 17616, 29889, 6811, 12463, 278, 16286, 2444, 3273, 29692, 29892, 851, 22884, 322, 925, 1258, 451, 864, 451, 2599, 1009, 4982, 29889]",fb9dfaf4cefd71cc5e75a727007716e33cedadb2c3a2ff72b91f506927a6cb9b,241ed955da2c16cfb1751a3b6a7ad678c24db23853fdf4de03abc17eace4db68,fb9dfaf4cefd71cc5e75a727007716e33cedadb2c3a2ff72b91f506927a6cb9b,241ed955da2c16cfb1751a3b6a7ad678c24db23853fdf4de03abc17eace4db68,fb9dfaf4cefd71cc5e75a727007716e33cedadb2c3a2ff72b91f506927a6cb9b,241ed955da2c16cfb1751a3b6a7ad678c24db23853fdf4de03abc17eace4db68,True,True,0.023851552978157997,0.02290792390704155,-0.0009436290711164474,15,1,"[18, 23, 24, 28]","[18, 28]",True,128,8192,False,True,0.11619056761264801,0.10361148416996002,-0.012579083442687988,0.4590374827384949,0.4623553156852722,0.0033178329467773438,0.004909558316285256,0.004446817561984062,-0.0004627407543011941,0.015637760909157805,0.015667501524148975,2.9740614991169423e-05,0.0027208863323459685,0.002325491798189232,-0.0003953945341567365,0.008618584881394597,0.00860865247214876,-9.932409245835827e-06,15104,15104,0,0,1,1,0,neutral,2,True
8,42,17,1,10,"[1, 317, 5800, 29899, 29928, 7466, 29936, 365, 27694, 29899, 29928, 10406, 29899, 29903, 23133, 29889, 1632, 5962, 13925, 15129, 29889, 373, 5974, 25619, 29889, 2379, 16286, 13925, 526, 925, 2675, 1549, 278, 3184, 24530, 322, 6140, 408, 5747, 896, 8496, 29915, 2609, 2562, 3109, 1048, 278, 28134, 29889, 922, 22091, 471, 19932, 29892, 541, 11460, 519, 29889, 512, 15403, 16286, 22684, 18189, 471, 5051, 1781, 29889, 2191, 17803, 892, 451, 577, 1781, 322, 367, 13748, 2669, 471, 2400, 10117, 29889, 750, 2228, 411, 28507, 5742, 502, 393, 2758, 1009, 2278, 304, 3133, 9126, 24817, 278, 1250, 310, 1749, 12949, 29889, 591, 4433, 278, 5637, 2748, 310, 278, 1108, 3447, 278, 2278, 18172, 29889, 26579, 4433, 1449, 304, 22893, 505, 596, 4344, 5040, 278, 24817, 1076, 29889, 4654, 931, 471, 3307, 322, 16286, 17616, 26314, 27803, 322, 1371, 3604, 17141, 278, 1108, 29889, 319, 15327, 363, 278, 24817, 292, 2278, 322, 263, 12917, 310, 19006, 363, 502, 29889, 1407, 7736, 6434, 7046, 16459, 9280, 491, 17616, 29889, 6811, 12463, 278, 16286, 2444, 3273, 29692, 29892, 851, 22884, 322, 925, 1258, 451, 864, 451, 2599, 1009, 4982, 29889]","[1, 317, 5800, 29899, 29928, 7466, 29936, 365, 27694, 29899, 29928, 10406, 29899, 29903, 23133, 29889, 1632, 5962, 13925, 15129, 29889, 373, 5974, 25619, 29889, 2379, 16286, 13925, 526, 925, 2675, 1549, 278, 3184, 24530, 322, 6140, 408, 5747, 896, 8496, 29915, 2609, 2562, 3109, 1048, 278, 28134, 29889, 922, 22091, 471, 19932, 29892, 541, 11460, 519, 29889, 512, 15403, 16286, 22684, 18189, 471, 5051, 1781, 29889, 2191, 17803, 892, 451, 577, 1781, 322, 367, 13748, 2669, 471, 2400, 10117, 29889, 750, 2228, 411, 28507, 5742, 502, 393, 2758, 1009, 2278, 304, 3133, 9126, 24817, 278, 1250, 310, 1749, 12949, 29889, 591, 4433, 278, 5637, 2748, 310, 278, 1108, 3447, 278, 2278, 18172, 29889, 26579, 4433, 1449, 304, 22893, 505, 596, 4344, 5040, 278, 24817, 1076, 29889, 4654, 931, 471, 3307, 322, 16286, 17616, 26314, 27803, 322, 1371, 3604, 17141, 278, 1108, 29889, 319, 15327, 363, 278, 24817, 292, 2278, 322, 263, 12917, 310, 19006, 363, 502, 29889, 1407, 7736, 6434, 6246, 16459, 9280, 491, 17616, 29889, 6811, 12463, 278, 16286, 2444, 3273, 29692, 29892, 851, 22884, 322, 925, 1258, 451, 864, 451, 2599, 1009, 4982, 29889]",241ed955da2c16cfb1751a3b6a7ad678c24db23853fdf4de03abc17eace4db68,c60dc8625fa26d90d05fe6837f603959b293a2109df32a0325224027776efd15,241ed955da2c16cfb1751a3b6a7ad678c24db23853fdf4de03abc17eace4db68,c60dc8625fa26d90d05fe6837f603959b293a2109df32a0325224027776efd15,241ed955da2c16cfb1751a3b6a7ad678c24db23853fdf4de03abc17eace4db68,c60dc8625fa26d90d05fe6837f603959b293a2109df32a0325224027776efd15,True,True,0.02290792390704155,0.022385230287909508,-0.0005226936191320419,5,1,"[161, 173]",[161],True,128,3200,False,True,0.1459796279668808,0.10503233969211578,-0.040947288274765015,0.478123277425766,0.48279547691345215,0.004672199487686157,0.011795500386506319,0.0072794662043452266,-0.004516034182161092,0.016092494633048772,0.01220983698964119,-0.003882657643407582,0.011795500386506319,0.0072794662043452266,-0.004516034182161092,0.016092494633048772,0.01220983698964119,-0.003882657643407582,3200,3200,0,0,0,0,0,neutral,1,True
8,42,17,1,11,"[1, 317, 5800, 29899, 29928, 7466, 29936, 365, 27694, 29899, 29928, 10406, 29899, 29903, 23133, 29889, 1632, 5962, 13925, 15129, 29889, 373, 5974, 25619, 29889, 2379, 16286, 13925, 526, 925, 2675, 1549, 278, 3184, 24530, 322, 6140, 408, 5747, 896, 8496, 29915, 2609, 2562, 3109, 1048, 278, 28134, 29889, 922, 22091, 471, 19932, 29892, 541, 11460, 519, 29889, 512, 15403, 16286, 22684, 18189, 471, 5051, 1781, 29889, 2191, 17803, 892, 451, 577, 1781, 322, 367, 13748, 2669, 471, 2400, 10117, 29889, 750, 2228, 411, 28507, 5742, 502, 393, 2758, 1009, 2278, 304, 3133, 9126, 24817, 278, 1250, 310, 1749, 12949, 29889, 591, 4433, 278, 5637, 2748, 310, 278, 1108, 3447, 278, 2278, 18172, 29889, 26579, 4433, 1449, 304, 22893, 505, 596, 4344, 5040, 278, 24817, 1076, 29889, 4654, 931, 471, 3307, 322, 16286, 17616, 26314, 27803, 322, 1371, 3604, 17141, 278, 1108, 29889, 319, 15327, 363, 278, 24817, 292, 2278, 322, 263, 12917, 310, 19006, 363, 502, 29889, 1407, 7736, 6434, 6246, 16459, 9280, 491, 17616, 29889, 6811, 12463, 278, 16286, 2444, 3273, 29692, 29892, 851, 22884, 322, 925, 1258, 451, 864, 451, 2599, 1009, 4982, 29889]","[1, 317, 5800, 29899, 29928, 7466, 29936, 365, 27694, 29899, 29928, 10406, 29899, 29903, 23133, 29889, 1632, 5962, 13925, 15129, 29889, 373, 5974, 25619, 29889, 2379, 16286, 13925, 526, 925, 2675, 1549, 278, 3184, 24530, 322, 6140, 408, 5747, 896, 8496, 29915, 2609, 2562, 3109, 1048, 278, 28134, 29889, 922, 22091, 471, 19932, 29892, 541, 11460, 519, 29889, 512, 15403, 16286, 22684, 18189, 471, 5051, 1781, 29889, 2191, 17803, 892, 451, 577, 1781, 322, 367, 13748, 2669, 471, 2400, 10117, 29889, 750, 2228, 411, 28507, 5742, 502, 393, 2758, 1009, 2278, 304, 3133, 9126, 24817, 278, 1250, 310, 1749, 12949, 29889, 591, 4433, 278, 5637, 2748, 310, 278, 1108, 3447, 278, 2278, 18172, 29889, 26579, 4433, 1449, 304, 22893, 505, 596, 4344, 5040, 278, 24817, 1076, 29889, 4654, 931, 471, 3307, 322, 16286, 17616, 26314, 27803, 322, 1371, 3604, 17141, 278, 1108, 29889, 319, 15327, 363, 278, 24817, 292, 2278, 322, 263, 12917, 310, 19006, 363, 502, 29889, 1407, 7736, 6434, 6246, 16459, 9280, 491, 17616, 29889, 6811, 12463, 278, 16286, 2444, 3273, 29692, 29892, 851, 22884, 322, 925, 1258, 451, 864, 304, 2599, 1009, 4982, 29889]",c60dc8625fa26d90d05fe6837f603959b293a2109df32a0325224027776efd15,e0a0774ef4b41d7435ced5134cc2d3b7a14dea18524d4dd6cb11380ffee8d173,c60dc8625fa26d90d05fe6837f603959b293a2109df32a0325224027776efd15,e0a0774ef4b41d7435ced5134cc2d3b7a14dea18524d4dd6cb11380ffee8d173,c60dc8625fa26d90d05fe6837f603959b293a2109df32a0325224027776efd15,e0a0774ef4b41d7435ced5134cc2d3b7a14dea18524d4dd6cb11380ffee8d173,True,True,0.022385230287909508,0.021911442279815674,-0.0004737880080938339,3,2,"[181, 182, 183]",[182],True,62,512,False,True,0.11388876289129257,0.08632641285657883,-0.027562350034713745,0.503882884979248,0.502016544342041,-0.0018663406372070312,0.012465996784158051,0.00684039609041065,-0.005625600693747401,0.014572136802598834,0.022345640463754535,0.007773503661155701,0.012465996784158051,0.00684039609041065,-0.005625600693747401,0.014572136802598834,0.022345640463754535,0.007773503661155701,512,512,0,0,1,0,1,positive,1,True
8,42,17,2,3,"[1, 317, 5800, 29899, 29928, 7466, 29936, 365, 27694, 29899, 29928, 10406, 29899, 29903, 23133, 29889, 1632, 5962, 13925, 15129, 29889, 373, 5974, 25619, 29889, 2379, 16286, 13925, 526, 925, 2675, 1549, 278, 3184, 24530, 322, 6140, 408, 5747, 896, 8496, 29915, 2609, 2562, 3109, 1048, 278, 28134, 29889, 922, 22091, 471, 19932, 29892, 541, 11460, 519, 29889, 512, 15403, 16286, 22684, 18189, 471, 5051, 1781, 29889, 2191, 17803, 892, 451, 577, 1781, 322, 367, 13748, 2669, 471, 2400, 10117, 29889, 750, 2228, 411, 28507, 5742, 502, 393, 2758, 1009, 2278, 304, 3133, 9126, 24817, 278, 1250, 310, 1749, 12949, 29889, 591, 4433, 278, 5637, 2748, 310, 278, 1108, 3447, 278, 2278, 18172, 29889, 26579, 4433, 1449, 304, 22893, 505, 596, 4344, 5040, 278, 24817, 1076, 29889, 4654, 931, 471, 3307, 322, 16286, 17616, 26314, 27803, 322, 1371, 3604, 17141, 278, 1108, 29889, 319, 15327, 363, 278, 24817, 292, 2278, 322, 263, 12917, 310, 19006, 363, 502, 29889, 1407, 7736, 6434, 6246, 16459, 9280, 491, 17616, 29889, 6811, 12463, 278, 16286, 2444, 3273, 29692, 29892, 851, 22884, 322, 925, 1258, 451, 864, 304, 2599, 1009, 4982, 29889]","[1, 317, 5800, 29899, 29928, 7466, 29936, 365, 27694, 29899, 29928, 10406, 29899, 29903, 23133, 29889, 1632, 5962, 13925, 15129, 29889, 373, 5974, 25619, 29889, 2379, 16286, 13925, 526, 925, 2675, 1549, 278, 3184, 24530, 322, 6140, 408, 5747, 896, 8496, 29915, 2609, 2562, 3109, 1048, 278, 28134, 29889, 2008, 22091, 892, 19932, 29892, 541, 11460, 519, 29889, 512, 15403, 16286, 22684, 16750, 471, 5051, 1781, 29889, 2191, 17803, 892, 451, 577, 1781, 322, 367, 13748, 2669, 471, 2400, 10117, 29889, 750, 2228, 411, 28507, 5742, 502, 393, 2758, 1009, 2278, 304, 3133, 9126, 24817, 278, 1250, 310, 1749, 12949, 29889, 591, 4433, 278, 5637, 2748, 310, 278, 1108, 3447, 278, 2278, 18172, 29889, 26579, 4433, 1449, 304, 22893, 505, 596, 4344, 5040, 278, 24817, 1076, 29889, 4654, 931, 471, 3307, 322, 16286, 17616, 26314, 27803, 322, 1371, 3604, 17141, 278, 1108, 29889, 319, 15327, 363, 278, 24817, 292, 2278, 322, 263, 12917, 310, 19006, 363, 502, 29889, 1407, 7736, 6434, 6246, 16459, 9280, 491, 17616, 29889, 6811, 12463, 278, 16286, 2444, 3273, 29692, 29892, 851, 22884, 322, 925, 1258, 451, 864, 304, 2599, 1009, 4982, 29889]",e0a0774ef4b41d7435ced5134cc2d3b7a14dea18524d4dd6cb11380ffee8d173,ed2c9100250644df63be4fd70935845a18132784527f57d0334ff26cbb539131,e0a0774ef4b41d7435ced5134cc2d3b7a14dea18524d4dd6cb11380ffee8d173,ed2c9100250644df63be4fd70935845a18132784527f57d0334ff26cbb539131,e0a0774ef4b41d7435ced5134cc2d3b7a14dea18524d4dd6cb11380ffee8d173,ed2c9100250644df63be4fd70935845a18132784527f57d0334ff26cbb539131,True,True,0.021911442279815674,0.021471278741955757,-0.0004401635378599167,12,4,"[49, 51, 58, 62]","[49, 51, 62]",True,128,8192,False,True,0.10469207167625427,0.10135070234537125,-0.003341369330883026,0.4702352285385132,0.4692438244819641,-0.0009914040565490723,0.006926548347109929,0.007762512606859673,0.0008359642597497441,0.019165587022143882,0.0200361090246588,0.0008705220025149174,0.0023068633709250196,0.002721506457691644,0.0004146430867666244,0.006818448132861637,0.0070941367602280975,0.0002756886273664605,22656,22656,0,0,0,2,-2,harmful,3,True
8,42,17,2,5,"[1, 317, 5800, 29899, 29928, 7466, 29936, 365, 27694, 29899, 29928, 10406, 29899, 29903, 23133, 29889, 1632, 5962, 13925, 15129, 29889, 373, 5974, 25619, 29889, 2379, 16286, 13925, 526, 925, 2675, 1549, 278, 3184, 24530, 322, 6140, 408, 5747, 896, 8496, 29915, 2609, 2562, 3109, 1048, 278, 28134, 29889, 2008, 22091, 892, 19932, 29892, 541, 11460, 519, 29889, 512, 15403, 16286, 22684, 16750, 471, 5051, 1781, 29889, 2191, 17803, 892, 451, 577, 1781, 322, 367, 13748, 2669, 471, 2400, 10117, 29889, 750, 2228, 411, 28507, 5742, 502, 393, 2758, 1009, 2278, 304, 3133, 9126, 24817, 278, 1250, 310, 1749, 12949, 29889, 591, 4433, 278, 5637, 2748, 310, 278, 1108, 3447, 278, 2278, 18172, 29889, 26579, 4433, 1449, 304, 22893, 505, 596, 4344, 5040, 278, 24817, 1076, 29889, 4654, 931, 471, 3307, 322, 16286, 17616, 26314, 27803, 322, 1371, 3604, 17141, 278, 1108, 29889, 319, 15327, 363, 278, 24817, 292, 2278, 322, 263, 12917, 310, 19006, 363, 502, 29889, 1407, 7736, 6434, 6246, 16459, 9280, 491, 17616, 29889, 6811, 12463, 278, 16286, 2444, 3273, 29692, 29892, 851, 22884, 322, 925, 1258, 451, 864, 304, 2599, 1009, 4982, 29889]","[1, 317, 5800, 29899, 29928, 7466, 29936, 365, 27694, 29899, 29928, 10406, 29899, 29903, 23133, 29889, 1632, 5962, 13925, 15129, 29889, 373, 5974, 25619, 29889, 2379, 16286, 13925, 526, 925, 2675, 1549, 278, 3184, 24530, 322, 6140, 408, 5747, 896, 8496, 29915, 2609, 2562, 3109, 1048, 278, 28134, 29889, 2008, 22091, 892, 19932, 29892, 541, 11460, 519, 29889, 512, 15403, 16286, 22684, 16750, 471, 5051, 1781, 29889, 2191, 17803, 892, 451, 577, 1781, 322, 367, 13748, 2669, 471, 2400, 10117, 29889, 750, 2228, 411, 28507, 5742, 29341, 393, 2758, 1009, 2278, 304, 3133, 21003, 24817, 278, 1250, 310, 1749, 12949, 29889, 591, 4433, 278, 5637, 2748, 310, 278, 1108, 3447, 278, 2278, 18172, 29889, 26579, 4433, 1449, 304, 22893, 505, 596, 4344, 5040, 278, 24817, 1076, 29889, 4654, 931, 471, 3307, 322, 16286, 17616, 26314, 27803, 322, 1371, 3604, 17141, 278, 1108, 29889, 319, 15327, 363, 278, 24817, 292, 2278, 322, 263, 12917, 310, 19006, 363, 502, 29889, 1407, 7736, 6434, 6246, 16459, 9280, 491, 17616, 29889, 6811, 12463, 278, 16286, 2444, 3273, 29692, 29892, 851, 22884, 322, 925, 1258, 451, 864, 304, 2599, 1009, 4982, 29889]",ed2c9100250644df63be4fd70935845a18132784527f57d0334ff26cbb539131,4a5db607f36d32d80cf277c36e19d9363965bc3df3b8797e67ed67a33e4b813a,ed2c9100250644df63be4fd70935845a18132784527f57d0334ff26cbb539131,4a5db607f36d32d80cf277c36e19d9363965bc3df3b8797e67ed67a33e4b813a,ed2c9100250644df63be4fd70935845a18132784527f57d0334ff26cbb539131,4a5db607f36d32d80cf277c36e19d9363965bc3df3b8797e67ed67a33e4b813a,True,True,0.021471278741955757,0.021460629999637604,-1.0648742318153381e-05,7,1,"[86, 93]","[86, 93]",True,128,8192,False,True,0.1225816085934639,0.1171635165810585,-0.0054180920124053955,0.4790230691432953,0.4808240830898285,0.0018010139465332031,0.0062716382162761874,0.010444362327689305,0.0041727241114131175,0.01586703211069107,0.019174844499502797,0.003307812388811726,0.0032284089810530507,0.00591783053895905,0.002689421557905999,0.008343194896155152,0.01014955266771361,0.0018063577715584575,15488,15488,0,0,0,1,-1,harmful,2,True
8,42,17,2,7,"[1, 317, 5800, 29899, 29928, 7466, 29936, 365, 27694, 29899, 29928, 10406, 29899, 29903, 23133, 29889, 1632, 5962, 13925, 15129, 29889, 373, 5974, 25619, 29889, 2379, 16286, 13925, 526, 925, 2675, 1549, 278, 3184, 24530, 322, 6140, 408, 5747, 896, 8496, 29915, 2609, 2562, 3109, 1048, 278, 28134, 29889, 2008, 22091, 892, 19932, 29892, 541, 11460, 519, 29889, 512, 15403, 16286, 22684, 16750, 471, 5051, 1781, 29889, 2191, 17803, 892, 451, 577, 1781, 322, 367, 13748, 2669, 471, 2400, 10117, 29889, 750, 2228, 411, 28507, 5742, 29341, 393, 2758, 1009, 2278, 304, 3133, 21003, 24817, 278, 1250, 310, 1749, 12949, 29889, 591, 4433, 278, 5637, 2748, 310, 278, 1108, 3447, 278, 2278, 18172, 29889, 26579, 4433, 1449, 304, 22893, 505, 596, 4344, 5040, 278, 24817, 1076, 29889, 4654, 931, 471, 3307, 322, 16286, 17616, 26314, 27803, 322, 1371, 3604, 17141, 278, 1108, 29889, 319, 15327, 363, 278, 24817, 292, 2278, 322, 263, 12917, 310, 19006, 363, 502, 29889, 1407, 7736, 6434, 6246, 16459, 9280, 491, 17616, 29889, 6811, 12463, 278, 16286, 2444, 3273, 29692, 29892, 851, 22884, 322, 925, 1258, 451, 864, 304, 2599, 1009, 4982, 29889]","[1, 317, 5800, 29899, 29928, 7466, 29936, 365, 27694, 29899, 29928, 10406, 29899, 29903, 23133, 29889, 1632, 5962, 13925, 15129, 29889, 373, 5974, 25619, 29889, 2379, 16286, 13925, 526, 925, 2675, 1549, 278, 3184, 24530, 322, 6140, 408, 5747, 896, 8496, 29915, 2609, 2562, 3109, 1048, 278, 28134, 29889, 2008, 22091, 892, 19932, 29892, 541, 11460, 519, 29889, 512, 15403, 16286, 22684, 16750, 471, 5051, 1781, 29889, 2191, 17803, 892, 451, 577, 1781, 322, 367, 13748, 2669, 471, 2400, 10117, 29889, 750, 2228, 411, 28507, 5742, 29341, 393, 2758, 1009, 2278, 304, 3133, 21003, 24817, 278, 1250, 310, 1749, 12949, 29889, 591, 4433, 278, 5637, 2748, 310, 278, 1108, 3447, 278, 2278, 18172, 29889, 26579, 4433, 1449, 304, 3529, 505, 596, 4344, 5040, 278, 24817, 28002, 29889, 4654, 931, 471, 3307, 322, 16286, 17616, 26314, 27803, 322, 1371, 3604, 17141, 278, 1108, 29889, 319, 15327, 363, 278, 24817, 292, 2278, 322, 263, 12917, 310, 19006, 363, 502, 29889, 1407, 7736, 6434, 6246, 16459, 9280, 491, 17616, 29889, 6811, 12463, 278, 16286, 2444, 3273, 29692, 29892, 851, 22884, 322, 925, 1258, 451, 864, 304, 2599, 1009, 4982, 29889]",4a5db607f36d32d80cf277c36e19d9363965bc3df3b8797e67ed67a33e4b813a,126ef9ba2b9503b0f4dd54ac2c26db48f3206a6a0c8d01904f548dcca66e0090,4a5db607f36d32d80cf277c36e19d9363965bc3df3b8797e67ed67a33e4b813a,126ef9ba2b9503b0f4dd54ac2c26db48f3206a6a0c8d01904f548dcca66e0090,4a5db607f36d32d80cf277c36e19d9363965bc3df3b8797e67ed67a33e4b813a,126ef9ba2b9503b0f4dd54ac2c26db48f3206a6a0c8d01904f548dcca66e0090,True,True,0.021460629999637604,0.021020550280809402,-0.0004400797188282013,19,2,"[112, 114, 118, 121, 125]","[118, 125]",True,128,8192,False,True,0.14641597867012024,0.13747470080852509,-0.008941277861595154,0.4795302152633667,0.476218581199646,-0.003311634063720703,0.007105157637852244,0.009054490452399477,0.0019493328145472333,0.01162613857013639,0.013803213762002997,0.0021770751918666065,0.0038114296934328787,0.004604470538945238,0.000793040845512359,0.005962318090398696,0.007107906963306764,0.0011455888729080682,15488,15488,0,0,0,0,0,neutral,2,True
8,42,17,2,10,"[1, 317, 5800, 29899, 29928, 7466, 29936, 365, 27694, 29899, 29928, 10406, 29899, 29903, 23133, 29889, 1632, 5962, 13925, 15129, 29889, 373, 5974, 25619, 29889, 2379, 16286, 13925, 526, 925, 2675, 1549, 278, 3184, 24530, 322, 6140, 408, 5747, 896, 8496, 29915, 2609, 2562, 3109, 1048, 278, 28134, 29889, 2008, 22091, 892, 19932, 29892, 541, 11460, 519, 29889, 512, 15403, 16286, 22684, 16750, 471, 5051, 1781, 29889, 2191, 17803, 892, 451, 577, 1781, 322, 367, 13748, 2669, 471, 2400, 10117, 29889, 750, 2228, 411, 28507, 5742, 29341, 393, 2758, 1009, 2278, 304, 3133, 21003, 24817, 278, 1250, 310, 1749, 12949, 29889, 591, 4433, 278, 5637, 2748, 310, 278, 1108, 3447, 278, 2278, 18172, 29889, 26579, 4433, 1449, 304, 3529, 505, 596, 4344, 5040, 278, 24817, 28002, 29889, 4654, 931, 471, 3307, 322, 16286, 17616, 26314, 27803, 322, 1371, 3604, 17141, 278, 1108, 29889, 319, 15327, 363, 278, 24817, 292, 2278, 322, 263, 12917, 310, 19006, 363, 502, 29889, 1407, 7736, 6434, 6246, 16459, 9280, 491, 17616, 29889, 6811, 12463, 278, 16286, 2444, 3273, 29692, 29892, 851, 22884, 322, 925, 1258, 451, 864, 304, 2599, 1009, 4982, 29889]","[1, 317, 5800, 29899, 29928, 7466, 29936, 365, 27694, 29899, 29928, 10406, 29899, 29903, 23133, 29889, 1632, 5962, 13925, 15129, 29889, 373, 5974, 25619, 29889, 2379, 16286, 13925, 526, 925, 2675, 1549, 278, 3184, 24530, 322, 6140, 408, 5747, 896, 8496, 29915, 2609, 2562, 3109, 1048, 278, 28134, 29889, 2008, 22091, 892, 19932, 29892, 541, 11460, 519, 29889, 512, 15403, 16286, 22684, 16750, 471, 5051, 1781, 29889, 2191, 17803, 892, 451, 577, 1781, 322, 367, 13748, 2669, 471, 2400, 10117, 29889, 750, 2228, 411, 28507, 5742, 29341, 393, 2758, 1009, 2278, 304, 3133, 21003, 24817, 278, 1250, 310, 1749, 12949, 29889, 591, 4433, 278, 5637, 2748, 310, 278, 1108, 3447, 278, 2278, 18172, 29889, 26579, 4433, 1449, 304, 3529, 505, 596, 4344, 5040, 278, 24817, 28002, 29889, 4654, 931, 471, 3307, 322, 16286, 17616, 26314, 27803, 322, 1371, 3604, 17141, 278, 1108, 29889, 319, 15327, 363, 278, 24817, 292, 2278, 322, 263, 12917, 310, 19006, 363, 502, 29889, 1407, 7736, 6434, 541, 16459, 9280, 491, 17616, 29889, 6811, 12463, 278, 16286, 2444, 3273, 29692, 29892, 851, 22884, 322, 925, 1258, 451, 864, 304, 2599, 1009, 4982, 29889]",126ef9ba2b9503b0f4dd54ac2c26db48f3206a6a0c8d01904f548dcca66e0090,0a0f0502ca7626b537285167affaed28ea8f9d18939db693f0d3df5c0ff39a53,126ef9ba2b9503b0f4dd54ac2c26db48f3206a6a0c8d01904f548dcca66e0090,0a0f0502ca7626b537285167affaed28ea8f9d18939db693f0d3df5c0ff39a53,126ef9ba2b9503b0f4dd54ac2c26db48f3206a6a0c8d01904f548dcca66e0090,0a0f0502ca7626b537285167affaed28ea8f9d18939db693f0d3df5c0ff39a53,True,True,0.021020550280809402,0.020429933443665504,-0.000590616837143898,6,1,"[161, 173]",[161],True,128,3200,False,True,0.11747144907712936,0.09049254655838013,-0.026978902518749237,0.48058611154556274,0.48697924613952637,0.006393134593963623,0.007350571863353253,0.0017441841028630733,-0.0056063877604901795,0.012462736032903194,0.006867471728473902,-0.0055952643044292925,0.007350571863353253,0.0017441841028630733,-0.0056063877604901795,0.012462736032903194,0.006867471728473902,-0.0055952643044292925,3200,3200,0,0,1,0,1,positive,1,True
9,42,17,1,1,"[1, 306, 505, 4972, 11340, 2087, 27449, 10325, 373, 263, 365, 29950, 775, 6232, 515, 13564, 15402, 304, 365, 23427, 29926, 2082, 322, 736, 29889, 512, 1716, 1206, 393, 10694, 471, 263, 14982, 716, 15600, 29967, 29889, 9134, 1652, 16286, 892, 2289, 10597, 322, 278, 907, 17616, 2289, 8543, 322, 8444, 29889, 14970, 19840, 3013, 502, 23388, 1048, 4129, 2645, 1716, 1652, 16286, 29889, 739, 471, 6575, 842, 322, 270, 17400, 322, 278, 16286, 975, 278, 394, 19223, 471, 13312, 5763, 293, 29889]","[1, 306, 505, 4972, 11340, 2087, 27449, 10325, 373, 263, 365, 29950, 775, 6232, 515, 13564, 6256, 304, 365, 23427, 29926, 26082, 322, 736, 29889, 512, 1716, 4251, 278, 10694, 471, 263, 14982, 716, 15600, 29967, 29889, 9134, 1652, 16286, 892, 2289, 10597, 322, 278, 907, 17616, 2289, 8543, 322, 8444, 29889, 14970, 19840, 3013, 502, 23388, 1048, 4129, 2645, 1716, 1652, 16286, 29889, 739, 471, 6575, 842, 322, 270, 17400, 322, 278, 16286, 975, 278, 394, 19223, 471, 13312, 5763, 293, 29889]",33f379163e2c6c92147956a1551c7817a5e6027e4559ee7508ef2e6f4b36f0b6,e3947990c59386ed217d2a507819d06bd04e4a256a5324599f14919960dda103,33f379163e2c6c92147956a1551c7817a5e6027e4559ee7508ef2e6f4b36f0b6,e3947990c59386ed217d2a507819d06bd04e4a256a5324599f14919960dda103,33f379163e2c6c92147956a1551c7817a5e6027e4559ee7508ef2e6f4b36f0b6,e3947990c59386ed217d2a507819d06bd04e4a256a5324599f14919960dda103,True,True,0.01970488205552101,0.01692287065088749,-0.002782011404633522,11,6,"[16, 21, 25, 27, 28]","[16, 21, 27, 28]",True,128,8192,False,True,0.1164163127541542,0.08770881593227386,-0.02870749682188034,0.3787609934806824,0.37467724084854126,-0.004083752632141113,0.014158489655528683,0.008698727098817471,-0.005459762556711212,0.0302806495456025,0.028032500806148164,-0.0022481487394543365,0.0047570591355396204,0.002594059024806739,-0.0021630001107328816,0.009650851128083704,0.009185536194739765,-0.00046531493334393825,29184,29184,0,0,2,0,2,positive,4,True
9,42,17,1,3,"[1, 306, 505, 4972, 11340, 2087, 27449, 10325, 373, 263, 365, 29950, 775, 6232, 515, 13564, 6256, 304, 365, 23427, 29926, 26082, 322, 736, 29889, 512, 1716, 4251, 278, 10694, 471, 263, 14982, 716, 15600, 29967, 29889, 9134, 1652, 16286, 892, 2289, 10597, 322, 278, 907, 17616, 2289, 8543, 322, 8444, 29889, 14970, 19840, 3013, 502, 23388, 1048, 4129, 2645, 1716, 1652, 16286, 29889, 739, 471, 6575, 842, 322, 270, 17400, 322, 278, 16286, 975, 278, 394, 19223, 471, 13312, 5763, 293, 29889]","[1, 306, 505, 4972, 11340, 2087, 27449, 10325, 373, 263, 365, 29950, 775, 6232, 515, 13564, 6256, 304, 365, 23427, 29926, 26082, 322, 736, 29889, 512, 1716, 4251, 278, 10694, 471, 263, 14982, 716, 15600, 29967, 29889, 9134, 1652, 16286, 892, 2289, 10597, 322, 278, 907, 17616, 2289, 8543, 322, 8444, 29889, 14970, 19840, 8126, 502, 23388, 1048, 4129, 2645, 1716, 1652, 16286, 29889, 739, 471, 6575, 842, 322, 270, 17400, 322, 278, 16286, 975, 278, 394, 19223, 471, 13312, 5763, 293, 29889]",e3947990c59386ed217d2a507819d06bd04e4a256a5324599f14919960dda103,8dc13218deb3d200e2b92143bf1a0db6f70477bb7188cbc78812819517d9e557,e3947990c59386ed217d2a507819d06bd04e4a256a5324599f14919960dda103,8dc13218deb3d200e2b92143bf1a0db6f70477bb7188cbc78812819517d9e557,e3947990c59386ed217d2a507819d06bd04e4a256a5324599f14919960dda103,8dc13218deb3d200e2b92143bf1a0db6f70477bb7188cbc78812819517d9e557,True,True,0.01692287065088749,0.016010811552405357,-0.000912059098482132,2,1,[54],[54],True,128,3584,False,True,0.06830022484064102,0.0665181577205658,-0.0017820671200752258,0.416887104511261,0.4171987771987915,0.0003116726875305176,0.002597642696595618,0.002012379583902657,-0.0005852631126929608,0.00859889479553593,0.009421348704823427,0.0008224539092874968,0.002597642696595618,0.002012379583902657,-0.0005852631126929608,0.00859889479553593,0.009421348704823427,0.0008224539092874968,3584,3584,0,0,1,0,1,positive,1,True
10,42,17,1,0,"[1, 8548, 4799, 29718, 756, 1063, 590, 17322, 7271, 22764, 29889, 937, 310, 599, 1058, 8323, 363, 8677, 373, 322, 1603, 1925, 278, 1556, 714, 6617, 3890, 24833, 373, 1423, 1663, 29889, 450, 17322, 760, 338, 896, 1016, 29915, 451, 24738, 304, 2649, 366, 746, 366, 526, 1321, 15649, 596, 23381, 393, 982, 366, 1016, 29915, 451, 1073, 322, 366, 526, 11826, 304, 5146, 363, 372, 746, 366, 679, 727, 29889, 1987, 896, 8323, 363, 12590, 292, 7129, 322, 363, 451, 2534, 263, 4036, 12949, 29889, 278, 13925, 322, 1009, 364, 1151, 6212, 26309, 1258, 451, 1754, 372, 738, 2253, 29889]","[1, 20799, 4799, 29718, 756, 1063, 590, 17322, 7271, 22764, 29889, 3824, 310, 599, 1058, 21090, 363, 8677, 373, 322, 1603, 1925, 278, 1556, 714, 6617, 3890, 24833, 373, 1423, 1663, 29889, 450, 17322, 760, 338, 896, 1016, 29915, 451, 24738, 304, 2649, 366, 746, 366, 526, 1321, 15649, 596, 23381, 393, 982, 366, 1016, 29915, 451, 1073, 322, 366, 526, 11826, 304, 5146, 363, 372, 746, 366, 679, 727, 29889, 1987, 896, 8323, 363, 12590, 292, 7129, 322, 363, 451, 2534, 263, 4036, 12949, 29889, 278, 13925, 322, 1009, 364, 1151, 6212, 26309, 1258, 451, 1754, 372, 738, 2253, 29889]",3a83d364467c0576ca01ea4cf11974873a2bbc7f8ab2db259bd3d504366a24ba,6fcabfd3ece3231ab413474ed31c54f58fd8a4209c53bab8a22e041b9ae097bf,3a83d364467c0576ca01ea4cf11974873a2bbc7f8ab2db259bd3d504366a24ba,6fcabfd3ece3231ab413474ed31c54f58fd8a4209c53bab8a22e041b9ae097bf,3a83d364467c0576ca01ea4cf11974873a2bbc7f8ab2db259bd3d504366a24ba,6fcabfd3ece3231ab413474ed31c54f58fd8a4209c53bab8a22e041b9ae097bf,True,True,0.009259404614567757,0.006262521259486675,-0.0029968833550810814,4,3,"[1, 3, 11, 15]","[1, 11, 15]",True,128,8192,False,True,0.08507074415683746,0.06324055790901184,-0.021830186247825623,0.3957141637802124,0.4024202525615692,0.0067060887813568115,0.008334894017025363,0.002611010342661757,-0.005723883674363606,0.030199072374671232,0.030214455437089782,1.5383062418550253e-05,0.003638428178549345,0.0011089993114139708,-0.002529428867135374,0.013694591717683665,0.013666870064168637,-2.77216535150282e-05,21504,21504,0,0,3,0,3,positive,3,True
10,42,17,1,1,"[1, 20799, 4799, 29718, 756, 1063, 590, 17322, 7271, 22764, 29889, 3824, 310, 599, 1058, 21090, 363, 8677, 373, 322, 1603, 1925, 278, 1556, 714, 6617, 3890, 24833, 373, 1423, 1663, 29889, 450, 17322, 760, 338, 896, 1016, 29915, 451, 24738, 304, 2649, 366, 746, 366, 526, 1321, 15649, 596, 23381, 393, 982, 366, 1016, 29915, 451, 1073, 322, 366, 526, 11826, 304, 5146, 363, 372, 746, 366, 679, 727, 29889, 1987, 896, 8323, 363, 12590, 292, 7129, 322, 363, 451, 2534, 263, 4036, 12949, 29889, 278, 13925, 322, 1009, 364, 1151, 6212, 26309, 1258, 451, 1754, 372, 738, 2253, 29889]","[1, 20799, 4799, 29718, 756, 1063, 590, 17322, 7271, 22764, 29889, 3824, 310, 599, 1058, 21090, 363, 8677, 373, 322, 1603, 10594, 278, 1556, 714, 6617, 11710, 24833, 373, 1423, 1663, 29889, 450, 17322, 760, 338, 896, 1016, 29915, 451, 24738, 304, 2649, 366, 746, 366, 526, 1321, 15649, 596, 23381, 393, 982, 366, 1016, 29915, 451, 1073, 322, 366, 526, 11826, 304, 5146, 363, 372, 746, 366, 679, 727, 29889, 1987, 896, 8323, 363, 12590, 292, 7129, 322, 363, 451, 2534, 263, 4036, 12949, 29889, 278, 13925, 322, 1009, 364, 1151, 6212, 26309, 1258, 451, 1754, 372, 738, 2253, 29889]",6fcabfd3ece3231ab413474ed31c54f58fd8a4209c53bab8a22e041b9ae097bf,df582f35fa1d39e3845027d11f7d77a16763f533fa30960fdc4e979d3edb0483,6fcabfd3ece3231ab413474ed31c54f58fd8a4209c53bab8a22e041b9ae097bf,df582f35fa1d39e3845027d11f7d77a16763f533fa30960fdc4e979d3edb0483,6fcabfd3ece3231ab413474ed31c54f58fd8a4209c53bab8a22e041b9ae097bf,df582f35fa1d39e3845027d11f7d77a16763f533fa30960fdc4e979d3edb0483,True,True,0.006262521259486675,0.0056954557076096535,-0.0005670655518770218,6,1,"[21, 25, 26]","[21, 26]",True,128,8192,False,True,0.08474549651145935,0.06670455634593964,-0.018040940165519714,0.4284456968307495,0.4213055372238159,-0.007140159606933594,0.005210583076404873,0.0033497304175398313,-0.001860852658865042,0.018120932072633877,0.018459765648003668,0.0003388335753697902,0.002744937675240321,0.001870575940191019,-0.000874361735049302,0.01018859595211783,0.010240499717675574,5.190376555774291e-05,15744,15744,0,0,0,0,0,neutral,2,True
10,42,17,1,3,"[1, 20799, 4799, 29718, 756, 1063, 590, 17322, 7271, 22764, 29889, 3824, 310, 599, 1058, 21090, 363, 8677, 373, 322, 1603, 10594, 278, 1556, 714, 6617, 11710, 24833, 373, 1423, 1663, 29889, 450, 17322, 760, 338, 896, 1016, 29915, 451, 24738, 304, 2649, 366, 746, 366, 526, 1321, 15649, 596, 23381, 393, 982, 366, 1016, 29915, 451, 1073, 322, 366, 526, 11826, 304, 5146, 363, 372, 746, 366, 679, 727, 29889, 1987, 896, 8323, 363, 12590, 292, 7129, 322, 363, 451, 2534, 263, 4036, 12949, 29889, 278, 13925, 322, 1009, 364, 1151, 6212, 26309, 1258, 451, 1754, 372, 738, 2253, 29889]","[1, 20799, 4799, 29718, 756, 1063, 590, 17322, 7271, 22764, 29889, 3824, 310, 599, 1058, 21090, 363, 8677, 373, 322, 1603, 10594, 278, 1556, 714, 6617, 11710, 24833, 373, 1423, 1663, 29889, 450, 17322, 760, 338, 896, 1016, 29915, 451, 24738, 304, 2649, 366, 746, 366, 526, 1321, 20590, 596, 23381, 393, 982, 366, 1016, 29915, 451, 1073, 322, 366, 526, 11826, 304, 5146, 363, 372, 746, 366, 679, 727, 29889, 1987, 896, 8323, 363, 12590, 292, 7129, 322, 363, 451, 2534, 263, 4036, 12949, 29889, 278, 13925, 322, 1009, 364, 1151, 6212, 26309, 1258, 451, 1754, 372, 738, 2253, 29889]",df582f35fa1d39e3845027d11f7d77a16763f533fa30960fdc4e979d3edb0483,50ba269eb9a12d44150ec87b010230560b19dd7d304e2147eb7209f69309e505,df582f35fa1d39e3845027d11f7d77a16763f533fa30960fdc4e979d3edb0483,50ba269eb9a12d44150ec87b010230560b19dd7d304e2147eb7209f69309e505,df582f35fa1d39e3845027d11f7d77a16763f533fa30960fdc4e979d3edb0483,50ba269eb9a12d44150ec87b010230560b19dd7d304e2147eb7209f69309e505,True,True,0.0056954557076096535,0.005484587978571653,-0.0002108677290380001,4,1,"[48, 59, 60]",[48],True,128,6656,False,True,0.08042286336421967,0.07775216549634933,-0.002670697867870331,0.45672428607940674,0.4575210213661194,0.0007967352867126465,0.0053863235158272665,0.005725864491138894,0.0003395409753116276,0.01056914128219852,0.012240671463167438,0.0016715301809689179,0.0053863235158272665,0.005725864491138894,0.0003395409753116276,0.01056914128219852,0.012240671463167438,0.0016715301809689179,6656,6656,0,0,0,0,0,neutral,1,True
10,42,17,1,5,"[1, 20799, 4799, 29718, 756, 1063, 590, 17322, 7271, 22764, 29889, 3824, 310, 599, 1058, 21090, 363, 8677, 373, 322, 1603, 10594, 278, 1556, 714, 6617, 11710, 24833, 373, 1423, 1663, 29889, 450, 17322, 760, 338, 896, 1016, 29915, 451, 24738, 304, 2649, 366, 746, 366, 526, 1321, 20590, 596, 23381, 393, 982, 366, 1016, 29915, 451, 1073, 322, 366, 526, 11826, 304, 5146, 363, 372, 746, 366, 679, 727, 29889, 1987, 896, 8323, 363, 12590, 292, 7129, 322, 363, 451, 2534, 263, 4036, 12949, 29889, 278, 13925, 322, 1009, 364, 1151, 6212, 26309, 1258, 451, 1754, 372, 738, 2253, 29889]","[1, 20799, 4799, 29718, 756, 1063, 590, 17322, 7271, 22764, 29889, 3824, 310, 599, 1058, 21090, 363, 8677, 373, 322, 1603, 10594, 278, 1556, 714, 6617, 11710, 24833, 373, 1423, 1663, 29889, 450, 17322, 760, 338, 896, 1016, 29915, 451, 24738, 304, 2649, 366, 746, 366, 526, 1321, 20590, 596, 23381, 393, 982, 366, 1016, 29915, 451, 1073, 322, 366, 526, 11826, 304, 5146, 363, 372, 746, 366, 679, 727, 29889, 1987, 896, 8323, 363, 12590, 292, 7129, 322, 363, 451, 2534, 263, 4036, 12949, 29889, 450, 13925, 322, 1009, 364, 1151, 1098, 26309, 1258, 451, 1754, 372, 738, 2253, 29889]",50ba269eb9a12d44150ec87b010230560b19dd7d304e2147eb7209f69309e505,84c030259f1d1214020d52ae19037af01bbaed2ad00b1cfd30f6b4da966f1bc5,50ba269eb9a12d44150ec87b010230560b19dd7d304e2147eb7209f69309e505,84c030259f1d1214020d52ae19037af01bbaed2ad00b1cfd30f6b4da966f1bc5,50ba269eb9a12d44150ec87b010230560b19dd7d304e2147eb7209f69309e505,84c030259f1d1214020d52ae19037af01bbaed2ad00b1cfd30f6b4da966f1bc5,True,True,0.005484587978571653,0.004995101597160101,-0.0004894863814115524,5,3,"[86, 92]","[86, 92]",True,122,1792,False,True,0.041992899030447006,0.03464210778474808,-0.007350791245698929,0.4513281285762787,0.45385172963142395,0.0025236010551452637,0.005303464164691312,0.0019701101950236727,-0.003333353969667639,0.016965848792876517,0.015141147920595748,-0.0018247008722807687,0.0028155507223511286,0.001133058410645886,-0.0016824923117052426,0.00909327256323939,0.007758590202270584,-0.0013346823609688063,2816,2816,0,0,2,0,2,positive,2,True
10,42,17,1,6,"[1, 20799, 4799, 29718, 756, 1063, 590, 17322, 7271, 22764, 29889, 3824, 310, 599, 1058, 21090, 363, 8677, 373, 322, 1603, 10594, 278, 1556, 714, 6617, 11710, 24833, 373, 1423, 1663, 29889, 450, 17322, 760, 338, 896, 1016, 29915, 451, 24738, 304, 2649, 366, 746, 366, 526, 1321, 20590, 596, 23381, 393, 982, 366, 1016, 29915, 451, 1073, 322, 366, 526, 11826, 304, 5146, 363, 372, 746, 366, 679, 727, 29889, 1987, 896, 8323, 363, 12590, 292, 7129, 322, 363, 451, 2534, 263, 4036, 12949, 29889, 450, 13925, 322, 1009, 364, 1151, 1098, 26309, 1258, 451, 1754, 372, 738, 2253, 29889]","[1, 20799, 4799, 29718, 756, 1063, 590, 17322, 7271, 22764, 29889, 3824, 310, 599, 1058, 21090, 363, 8677, 373, 322, 1603, 10594, 278, 1556, 714, 6617, 11710, 24833, 373, 1423, 1663, 29889, 450, 17322, 760, 338, 896, 1016, 29915, 451, 24738, 304, 2649, 366, 746, 366, 526, 1321, 20590, 596, 23381, 393, 982, 366, 1016, 29915, 451, 1073, 322, 366, 526, 11826, 304, 5146, 363, 372, 746, 366, 679, 727, 29889, 1987, 896, 8323, 363, 12590, 292, 7129, 322, 363, 451, 2534, 263, 4036, 12949, 29889, 450, 13925, 322, 1009, 364, 1151, 1098, 26309, 1258, 451, 1207, 372, 738, 2253, 29889]",84c030259f1d1214020d52ae19037af01bbaed2ad00b1cfd30f6b4da966f1bc5,6873225209d32bd2df7385b0473ebcb226955f0685450dfced6408abd6624ba3,84c030259f1d1214020d52ae19037af01bbaed2ad00b1cfd30f6b4da966f1bc5,6873225209d32bd2df7385b0473ebcb226955f0685450dfced6408abd6624ba3,84c030259f1d1214020d52ae19037af01bbaed2ad00b1cfd30f6b4da966f1bc5,6873225209d32bd2df7385b0473ebcb226955f0685450dfced6408abd6624ba3,True,True,0.004995101597160101,0.004882510751485825,-0.00011259084567427635,2,1,[96],[96],True,30,512,False,True,0.02887463942170143,0.023793727159500122,-0.005080912262201309,0.4945937395095825,0.4920872449874878,-0.0025064945220947266,0.006383898900821805,0.0026184426387771964,-0.0037654562620446086,0.030744185904040933,0.026843926520086825,-0.0039002593839541078,0.006383898900821805,0.0026184426387771964,-0.0037654562620446086,0.030744185904040933,0.026843926520086825,-0.0039002593839541078,512,512,0,0,1,0,1,positive,1,True
10,42,17,2,1,"[1, 20799, 4799, 29718, 756, 1063, 590, 17322, 7271, 22764, 29889, 3824, 310, 599, 1058, 21090, 363, 8677, 373, 322, 1603, 10594, 278, 1556, 714, 6617, 11710, 24833, 373, 1423, 1663, 29889, 450, 17322, 760, 338, 896, 1016, 29915, 451, 24738, 304, 2649, 366, 746, 366, 526, 1321, 20590, 596, 23381, 393, 982, 366, 1016, 29915, 451, 1073, 322, 366, 526, 11826, 304, 5146, 363, 372, 746, 366, 679, 727, 29889, 1987, 896, 8323, 363, 12590, 292, 7129, 322, 363, 451, 2534, 263, 4036, 12949, 29889, 450, 13925, 322, 1009, 364, 1151, 1098, 26309, 1258, 451, 1207, 372, 738, 2253, 29889]","[1, 20799, 4799, 29718, 756, 1063, 590, 17322, 7271, 22764, 29889, 3824, 310, 599, 1058, 21090, 363, 8677, 373, 322, 1603, 10594, 278, 1556, 714, 6617, 681, 24833, 373, 1423, 1663, 29889, 450, 17322, 760, 338, 896, 1016, 29915, 451, 24738, 304, 2649, 366, 746, 366, 526, 1321, 20590, 596, 23381, 393, 982, 366, 1016, 29915, 451, 1073, 322, 366, 526, 11826, 304, 5146, 363, 372, 746, 366, 679, 727, 29889, 1987, 896, 8323, 363, 12590, 292, 7129, 322, 363, 451, 2534, 263, 4036, 12949, 29889, 450, 13925, 322, 1009, 364, 1151, 1098, 26309, 1258, 451, 1207, 372, 738, 2253, 29889]",6873225209d32bd2df7385b0473ebcb226955f0685450dfced6408abd6624ba3,26846bda1f79b39e3aac6540adbfa780849e27996d80f4c513eb5fff980e0df8,6873225209d32bd2df7385b0473ebcb226955f0685450dfced6408abd6624ba3,26846bda1f79b39e3aac6540adbfa780849e27996d80f4c513eb5fff980e0df8,6873225209d32bd2df7385b0473ebcb226955f0685450dfced6408abd6624ba3,26846bda1f79b39e3aac6540adbfa780849e27996d80f4c513eb5fff980e0df8,True,True,0.004882510751485825,0.004552736878395081,-0.000329773873090744,7,1,"[21, 25, 26]",[26],True,128,8192,False,True,0.06801348924636841,0.06875497847795486,0.0007414892315864563,0.43720942735671997,0.4381661117076874,0.0009566843509674072,0.0017365629464620724,0.0006666894914815202,-0.0010698734549805522,0.008042631321586668,0.007440757908625528,-0.0006018734129611403,0.0017365629464620724,0.0006666894914815202,-0.0010698734549805522,0.008042631321586668,0.007440757908625528,-0.0006018734129611403,8192,8192,0,0,1,0,1,positive,1,True
11,42,17,1,1,"[1, 28676, 445, 373, 2306, 18763, 363, 590, 29871, 29947, 29955, 1629, 2030, 5637, 1058, 750, 4972, 11340, 304, 278, 10261, 373, 263, 29871, 29953, 281, 11405, 17487, 1763, 1074, 3942, 29889, 319, 26103, 3128, 750, 1063, 23388, 1183, 6858, 263, 18875, 305, 11774, 322, 591, 4520, 9659, 16725, 372, 338, 3143, 21144, 1716, 982, 29889, 3645, 7861, 2631, 304, 4517, 896, 750, 26058, 4902, 11211, 278, 11774, 322, 750, 304, 364, 1878, 2820, 3063, 363, 697, 29889, 263, 12435, 18034, 393, 2847, 4828, 590, 5637, 23388, 592, 4129, 338, 2691, 3138, 373, 278, 2462, 310, 902, 736, 319, 26103, 21355, 8459, 304, 748, 373, 21283, 6452, 3730, 896, 4473, 7777, 5998, 372, 471, 29871, 29896, 29900, 525, 29877, 22208, 12006, 472, 4646, 29889, 306, 1898, 553, 10223, 28042, 304, 679, 1549, 10201, 896, 1925, 902, 373, 278, 1494, 2462, 1449, 411, 9659, 9659, 310, 278, 18875, 305, 11774, 29889, 4517, 4004, 471, 2691, 1183, 2649, 592, 322, 278, 13925, 892, 3755, 1098, 8570, 2738, 541, 373, 25325, 472, 7861, 22799, 306, 25993, 5377, 322, 304, 590, 766, 29887, 3730, 4446, 590, 6460, 5637, 8338, 8338, 263, 29871, 29906, 29900, 12118, 14726, 4878, 5742, 902, 19436, 263, 24296, 322, 902, 1361, 19548, 29991, 451, 697, 13925, 4509, 16688, 304, 1371, 1183, 1584, 750, 304, 4433, 263, 4509, 310, 278, 970, 304, 13777, 902, 1206, 515, 278, 27769, 19188, 3741, 6596, 29889]","[1, 28676, 445, 373, 2306, 18763, 363, 590, 29871, 29947, 29955, 1629, 2030, 5637, 1058, 750, 4972, 11340, 304, 278, 10261, 373, 263, 29871, 29953, 281, 24728, 17487, 304, 1074, 3942, 29889, 319, 26103, 3128, 750, 1063, 23388, 1183, 6858, 263, 18875, 305, 11774, 322, 591, 4520, 9659, 16725, 372, 338, 3143, 21144, 1716, 982, 29889, 3645, 7861, 2631, 304, 4517, 896, 750, 26058, 4902, 11211, 278, 11774, 322, 750, 304, 364, 1878, 2820, 3063, 363, 697, 29889, 263, 12435, 18034, 393, 2847, 4828, 590, 5637, 23388, 592, 4129, 338, 2691, 3138, 373, 278, 2462, 310, 902, 736, 319, 26103, 21355, 8459, 304, 748, 373, 21283, 6452, 3730, 896, 4473, 7777, 5998, 372, 471, 29871, 29896, 29900, 525, 29877, 22208, 12006, 472, 4646, 29889, 306, 1898, 553, 10223, 28042, 304, 679, 1549, 10201, 896, 1925, 902, 373, 278, 1494, 2462, 1449, 411, 9659, 9659, 310, 278, 18875, 305, 11774, 29889, 4517, 4004, 471, 2691, 1183, 2649, 592, 322, 278, 13925, 892, 3755, 1098, 8570, 2738, 541, 373, 25325, 472, 7861, 22799, 306, 25993, 5377, 322, 304, 590, 766, 29887, 3730, 4446, 590, 6460, 5637, 8338, 8338, 263, 29871, 29906, 29900, 12118, 14726, 4878, 5742, 902, 19436, 263, 24296, 322, 902, 1361, 19548, 29991, 451, 697, 13925, 4509, 16688, 304, 1371, 1183, 1584, 750, 304, 4433, 263, 4509, 310, 278, 970, 304, 13777, 902, 1206, 515, 278, 27769, 19188, 3741, 6596, 29889]",a8d4f7376937cc8d158769476212280dd016a949b6dd42348df2b7c359e66411,9d53323f580818e62e2982342f0211d6be2e8e7bb14e87452296e3de8be0b36f,a8d4f7376937cc8d158769476212280dd016a949b6dd42348df2b7c359e66411,9d53323f580818e62e2982342f0211d6be2e8e7bb14e87452296e3de8be0b36f,a8d4f7376937cc8d158769476212280dd016a949b6dd42348df2b7c359e66411,9d53323f580818e62e2982342f0211d6be2e8e7bb14e87452296e3de8be0b36f,True,True,0.020956523716449738,0.019549435004591942,-0.0014070887118577957,13,5,"[26, 28]","[26, 28]",True,128,8192,False,True,0.1324988156557083,0.12521600723266602,-0.007282808423042297,0.423906147480011,0.4275086224079132,0.0036024749279022217,0.007331978245929349,0.0044174376598675735,-0.0029145405860617757,0.016847141123434994,0.014139324171992484,-0.00270781695144251,0.0040958054910694795,0.0022566460279954802,-0.0018391594630739992,0.00889210088089818,0.007491400347106041,-0.0014007005337921402,16128,16128,0,0,1,0,1,positive,2,True
11,42,17,1,3,"[1, 28676, 445, 373, 2306, 18763, 363, 590, 29871, 29947, 29955, 1629, 2030, 5637, 1058, 750, 4972, 11340, 304, 278, 10261, 373, 263, 29871, 29953, 281, 24728, 17487, 304, 1074, 3942, 29889, 319, 26103, 3128, 750, 1063, 23388, 1183, 6858, 263, 18875, 305, 11774, 322, 591, 4520, 9659, 16725, 372, 338, 3143, 21144, 1716, 982, 29889, 3645, 7861, 2631, 304, 4517, 896, 750, 26058, 4902, 11211, 278, 11774, 322, 750, 304, 364, 1878, 2820, 3063, 363, 697, 29889, 263, 12435, 18034, 393, 2847, 4828, 590, 5637, 23388, 592, 4129, 338, 2691, 3138, 373, 278, 2462, 310, 902, 736, 319, 26103, 21355, 8459, 304, 748, 373, 21283, 6452, 3730, 896, 4473, 7777, 5998, 372, 471, 29871, 29896, 29900, 525, 29877, 22208, 12006, 472, 4646, 29889, 306, 1898, 553, 10223, 28042, 304, 679, 1549, 10201, 896, 1925, 902, 373, 278, 1494, 2462, 1449, 411, 9659, 9659, 310, 278, 18875, 305, 11774, 29889, 4517, 4004, 471, 2691, 1183, 2649, 592, 322, 278, 13925, 892, 3755, 1098, 8570, 2738, 541, 373, 25325, 472, 7861, 22799, 306, 25993, 5377, 322, 304, 590, 766, 29887, 3730, 4446, 590, 6460, 5637, 8338, 8338, 263, 29871, 29906, 29900, 12118, 14726, 4878, 5742, 902, 19436, 263, 24296, 322, 902, 1361, 19548, 29991, 451, 697, 13925, 4509, 16688, 304, 1371, 1183, 1584, 750, 304, 4433, 263, 4509, 310, 278, 970, 304, 13777, 902, 1206, 515, 278, 27769, 19188, 3741, 6596, 29889]","[1, 28676, 445, 373, 2306, 18763, 363, 590, 29871, 29947, 29955, 1629, 2030, 5637, 1058, 750, 4972, 11340, 304, 278, 10261, 373, 263, 29871, 29953, 281, 24728, 17487, 304, 1074, 3942, 29889, 319, 26103, 3128, 750, 1063, 23388, 1183, 6858, 263, 18875, 305, 11774, 322, 591, 4520, 9659, 16725, 372, 11102, 3143, 24114, 1716, 982, 29889, 3645, 7861, 21729, 304, 4517, 896, 750, 11698, 4902, 11211, 278, 11774, 322, 750, 304, 364, 1878, 2820, 3063, 363, 697, 29889, 263, 12435, 18034, 393, 2847, 4828, 590, 5637, 23388, 592, 4129, 338, 2691, 3138, 373, 278, 2462, 310, 902, 736, 319, 26103, 21355, 8459, 304, 748, 373, 21283, 6452, 3730, 896, 4473, 7777, 5998, 372, 471, 29871, 29896, 29900, 525, 29877, 22208, 12006, 472, 4646, 29889, 306, 1898, 553, 10223, 28042, 304, 679, 1549, 10201, 896, 1925, 902, 373, 278, 1494, 2462, 1449, 411, 9659, 9659, 310, 278, 18875, 305, 11774, 29889, 4517, 4004, 471, 2691, 1183, 2649, 592, 322, 278, 13925, 892, 3755, 1098, 8570, 2738, 541, 373, 25325, 472, 7861, 22799, 306, 25993, 5377, 322, 304, 590, 766, 29887, 3730, 4446, 590, 6460, 5637, 8338, 8338, 263, 29871, 29906, 29900, 12118, 14726, 4878, 5742, 902, 19436, 263, 24296, 322, 902, 1361, 19548, 29991, 451, 697, 13925, 4509, 16688, 304, 1371, 1183, 1584, 750, 304, 4433, 263, 4509, 310, 278, 970, 304, 13777, 902, 1206, 515, 278, 27769, 19188, 3741, 6596, 29889]",9d53323f580818e62e2982342f0211d6be2e8e7bb14e87452296e3de8be0b36f,91252b3027ccd46763cccc775779432d34b70e52d0d968f795d0313cb84559f0,9d53323f580818e62e2982342f0211d6be2e8e7bb14e87452296e3de8be0b36f,91252b3027ccd46763cccc775779432d34b70e52d0d968f795d0313cb84559f0,9d53323f580818e62e2982342f0211d6be2e8e7bb14e87452296e3de8be0b36f,91252b3027ccd46763cccc775779432d34b70e52d0d968f795d0313cb84559f0,True,True,0.019549435004591942,0.018344977870583534,-0.0012044571340084076,18,4,"[50, 52, 56, 58, 63]","[50, 52, 58, 63]",True,128,8192,False,True,0.1442956179380417,0.09645731747150421,-0.047838300466537476,0.41813892126083374,0.41706281900405884,-0.0010761022567749023,0.018012139575148467,0.016004865159629844,-0.002007274415518623,0.03219601548335049,0.03139524065045407,-0.0008007748328964226,0.005177115048221892,0.004569898107660686,-0.000607216940561206,0.00957356938940389,0.009003533496093724,-0.0005700358933101654,29824,29824,0,0,0,1,-1,harmful,4,True
11,42,17,1,5,"[1, 28676, 445, 373, 2306, 18763, 363, 590, 29871, 29947, 29955, 1629, 2030, 5637, 1058, 750, 4972, 11340, 304, 278, 10261, 373, 263, 29871, 29953, 281, 24728, 17487, 304, 1074, 3942, 29889, 319, 26103, 3128, 750, 1063, 23388, 1183, 6858, 263, 18875, 305, 11774, 322, 591, 4520, 9659, 16725, 372, 11102, 3143, 24114, 1716, 982, 29889, 3645, 7861, 21729, 304, 4517, 896, 750, 11698, 4902, 11211, 278, 11774, 322, 750, 304, 364, 1878, 2820, 3063, 363, 697, 29889, 263, 12435, 18034, 393, 2847, 4828, 590, 5637, 23388, 592, 4129, 338, 2691, 3138, 373, 278, 2462, 310, 902, 736, 319, 26103, 21355, 8459, 304, 748, 373, 21283, 6452, 3730, 896, 4473, 7777, 5998, 372, 471, 29871, 29896, 29900, 525, 29877, 22208, 12006, 472, 4646, 29889, 306, 1898, 553, 10223, 28042, 304, 679, 1549, 10201, 896, 1925, 902, 373, 278, 1494, 2462, 1449, 411, 9659, 9659, 310, 278, 18875, 305, 11774, 29889, 4517, 4004, 471, 2691, 1183, 2649, 592, 322, 278, 13925, 892, 3755, 1098, 8570, 2738, 541, 373, 25325, 472, 7861, 22799, 306, 25993, 5377, 322, 304, 590, 766, 29887, 3730, 4446, 590, 6460, 5637, 8338, 8338, 263, 29871, 29906, 29900, 12118, 14726, 4878, 5742, 902, 19436, 263, 24296, 322, 902, 1361, 19548, 29991, 451, 697, 13925, 4509, 16688, 304, 1371, 1183, 1584, 750, 304, 4433, 263, 4509, 310, 278, 970, 304, 13777, 902, 1206, 515, 278, 27769, 19188, 3741, 6596, 29889]","[1, 28676, 445, 373, 2306, 18763, 363, 590, 29871, 29947, 29955, 1629, 2030, 5637, 1058, 750, 4972, 11340, 304, 278, 10261, 373, 263, 29871, 29953, 281, 24728, 17487, 304, 1074, 3942, 29889, 319, 26103, 3128, 750, 1063, 23388, 1183, 6858, 263, 18875, 305, 11774, 322, 591, 4520, 9659, 16725, 372, 11102, 3143, 24114, 1716, 982, 29889, 3645, 7861, 21729, 304, 4517, 896, 750, 11698, 4902, 11211, 278, 11774, 322, 750, 304, 364, 1878, 2820, 3063, 363, 697, 29889, 263, 12435, 18034, 393, 2847, 2228, 590, 5637, 23388, 592, 4129, 471, 2691, 3138, 373, 278, 2462, 310, 902, 736, 319, 26103, 21355, 8459, 304, 748, 373, 21283, 6452, 3730, 896, 4473, 7777, 5998, 372, 471, 29871, 29896, 29900, 525, 29877, 22208, 12006, 472, 4646, 29889, 306, 1898, 553, 10223, 28042, 304, 679, 1549, 10201, 896, 1925, 902, 373, 278, 1494, 2462, 1449, 411, 9659, 9659, 310, 278, 18875, 305, 11774, 29889, 4517, 4004, 471, 2691, 1183, 2649, 592, 322, 278, 13925, 892, 3755, 1098, 8570, 2738, 541, 373, 25325, 472, 7861, 22799, 306, 25993, 5377, 322, 304, 590, 766, 29887, 3730, 4446, 590, 6460, 5637, 8338, 8338, 263, 29871, 29906, 29900, 12118, 14726, 4878, 5742, 902, 19436, 263, 24296, 322, 902, 1361, 19548, 29991, 451, 697, 13925, 4509, 16688, 304, 1371, 1183, 1584, 750, 304, 4433, 263, 4509, 310, 278, 970, 304, 13777, 902, 1206, 515, 278, 27769, 19188, 3741, 6596, 29889]",91252b3027ccd46763cccc775779432d34b70e52d0d968f795d0313cb84559f0,53a6a40174f02a8d548c0e5d55201fe03b5cacb999e0705b85636b4d8618ea49,91252b3027ccd46763cccc775779432d34b70e52d0d968f795d0313cb84559f0,53a6a40174f02a8d548c0e5d55201fe03b5cacb999e0705b85636b4d8618ea49,91252b3027ccd46763cccc775779432d34b70e52d0d968f795d0313cb84559f0,53a6a40174f02a8d548c0e5d55201fe03b5cacb999e0705b85636b4d8618ea49,True,True,0.018344977870583534,0.017880192026495934,-0.0004647858440876007,10,4,"[83, 89]","[83, 89]",True,128,8192,False,True,0.13903003931045532,0.13632595539093018,-0.0027040839195251465,0.4732217788696289,0.4740772545337677,0.0008554756641387939,0.0022269112087087706,0.0016868188395164907,-0.0005400923691922799,0.008678411235450767,0.008379299615626223,-0.0002991116198245436,0.0011001014738481064,0.000805798998163616,-0.00029430247568449036,0.004261833760643103,0.0041559708579519735,-0.00010586290269112928,15616,15616,0,0,1,0,1,positive,2,True
11,42,17,1,7,"[1, 28676, 445, 373, 2306, 18763, 363, 590, 29871, 29947, 29955, 1629, 2030, 5637, 1058, 750, 4972, 11340, 304, 278, 10261, 373, 263, 29871, 29953, 281, 24728, 17487, 304, 1074, 3942, 29889, 319, 26103, 3128, 750, 1063, 23388, 1183, 6858, 263, 18875, 305, 11774, 322, 591, 4520, 9659, 16725, 372, 11102, 3143, 24114, 1716, 982, 29889, 3645, 7861, 21729, 304, 4517, 896, 750, 11698, 4902, 11211, 278, 11774, 322, 750, 304, 364, 1878, 2820, 3063, 363, 697, 29889, 263, 12435, 18034, 393, 2847, 2228, 590, 5637, 23388, 592, 4129, 471, 2691, 3138, 373, 278, 2462, 310, 902, 736, 319, 26103, 21355, 8459, 304, 748, 373, 21283, 6452, 3730, 896, 4473, 7777, 5998, 372, 471, 29871, 29896, 29900, 525, 29877, 22208, 12006, 472, 4646, 29889, 306, 1898, 553, 10223, 28042, 304, 679, 1549, 10201, 896, 1925, 902, 373, 278, 1494, 2462, 1449, 411, 9659, 9659, 310, 278, 18875, 305, 11774, 29889, 4517, 4004, 471, 2691, 1183, 2649, 592, 322, 278, 13925, 892, 3755, 1098, 8570, 2738, 541, 373, 25325, 472, 7861, 22799, 306, 25993, 5377, 322, 304, 590, 766, 29887, 3730, 4446, 590, 6460, 5637, 8338, 8338, 263, 29871, 29906, 29900, 12118, 14726, 4878, 5742, 902, 19436, 263, 24296, 322, 902, 1361, 19548, 29991, 451, 697, 13925, 4509, 16688, 304, 1371, 1183, 1584, 750, 304, 4433, 263, 4509, 310, 278, 970, 304, 13777, 902, 1206, 515, 278, 27769, 19188, 3741, 6596, 29889]","[1, 28676, 445, 373, 2306, 18763, 363, 590, 29871, 29947, 29955, 1629, 2030, 5637, 1058, 750, 4972, 11340, 304, 278, 10261, 373, 263, 29871, 29953, 281, 24728, 17487, 304, 1074, 3942, 29889, 319, 26103, 3128, 750, 1063, 23388, 1183, 6858, 263, 18875, 305, 11774, 322, 591, 4520, 9659, 16725, 372, 11102, 3143, 24114, 1716, 982, 29889, 3645, 7861, 21729, 304, 4517, 896, 750, 11698, 4902, 11211, 278, 11774, 322, 750, 304, 364, 1878, 2820, 3063, 363, 697, 29889, 263, 12435, 18034, 393, 2847, 2228, 590, 5637, 23388, 592, 4129, 471, 2691, 3138, 373, 278, 2462, 310, 902, 736, 319, 26103, 21355, 8459, 304, 748, 373, 21283, 6452, 3730, 896, 4473, 7777, 5998, 372, 471, 29871, 29896, 29900, 525, 288, 20333, 12006, 472, 4646, 29889, 306, 1898, 553, 2898, 28042, 304, 679, 1549, 10201, 896, 1925, 902, 373, 278, 1494, 2462, 1449, 411, 9659, 9659, 310, 278, 18875, 305, 11774, 29889, 4517, 4004, 471, 2691, 1183, 2649, 592, 322, 278, 13925, 892, 3755, 1098, 8570, 2738, 541, 373, 25325, 472, 7861, 22799, 306, 25993, 5377, 322, 304, 590, 766, 29887, 3730, 4446, 590, 6460, 5637, 8338, 8338, 263, 29871, 29906, 29900, 12118, 14726, 4878, 5742, 902, 19436, 263, 24296, 322, 902, 1361, 19548, 29991, 451, 697, 13925, 4509, 16688, 304, 1371, 1183, 1584, 750, 304, 4433, 263, 4509, 310, 278, 970, 304, 13777, 902, 1206, 515, 278, 27769, 19188, 3741, 6596, 29889]",53a6a40174f02a8d548c0e5d55201fe03b5cacb999e0705b85636b4d8618ea49,b523dd2a7c49ab14c9959231519c25225999f444f33662c188503a84d8ea2605,53a6a40174f02a8d548c0e5d55201fe03b5cacb999e0705b85636b4d8618ea49,b523dd2a7c49ab14c9959231519c25225999f444f33662c188503a84d8ea2605,53a6a40174f02a8d548c0e5d55201fe03b5cacb999e0705b85636b4d8618ea49,b523dd2a7c49ab14c9959231519c25225999f444f33662c188503a84d8ea2605,True,True,0.017880192026495934,0.017436496913433075,-0.0004436951130628586,13,4,"[113, 118, 119, 127]","[118, 119, 127]",True,128,8192,False,True,0.1573692262172699,0.15881022810935974,0.0014410018920898438,0.49020007252693176,0.492163747549057,0.001963675022125244,0.007052652777929325,0.006718678108882159,-0.00033397466904716566,0.01499264490121277,0.014811602013651282,-0.0001810428875614889,0.002191437876547922,0.0021075866911764982,-8.385118537142374e-05,0.00499497229683694,0.005013726557001144,1.8754260164203715e-05,23296,23296,0,0,0,1,-1,harmful,3,True
11,42,17,1,11,"[1, 28676, 445, 373, 2306, 18763, 363, 590, 29871, 29947, 29955, 1629, 2030, 5637, 1058, 750, 4972, 11340, 304, 278, 10261, 373, 263, 29871, 29953, 281, 24728, 17487, 304, 1074, 3942, 29889, 319, 26103, 3128, 750, 1063, 23388, 1183, 6858, 263, 18875, 305, 11774, 322, 591, 4520, 9659, 16725, 372, 11102, 3143, 24114, 1716, 982, 29889, 3645, 7861, 21729, 304, 4517, 896, 750, 11698, 4902, 11211, 278, 11774, 322, 750, 304, 364, 1878, 2820, 3063, 363, 697, 29889, 263, 12435, 18034, 393, 2847, 2228, 590, 5637, 23388, 592, 4129, 471, 2691, 3138, 373, 278, 2462, 310, 902, 736, 319, 26103, 21355, 8459, 304, 748, 373, 21283, 6452, 3730, 896, 4473, 7777, 5998, 372, 471, 29871, 29896, 29900, 525, 288, 20333, 12006, 472, 4646, 29889, 306, 1898, 553, 2898, 28042, 304, 679, 1549, 10201, 896, 1925, 902, 373, 278, 1494, 2462, 1449, 411, 9659, 9659, 310, 278, 18875, 305, 11774, 29889, 4517, 4004, 471, 2691, 1183, 2649, 592, 322, 278, 13925, 892, 3755, 1098, 8570, 2738, 541, 373, 25325, 472, 7861, 22799, 306, 25993, 5377, 322, 304, 590, 766, 29887, 3730, 4446, 590, 6460, 5637, 8338, 8338, 263, 29871, 29906, 29900, 12118, 14726, 4878, 5742, 902, 19436, 263, 24296, 322, 902, 1361, 19548, 29991, 451, 697, 13925, 4509, 16688, 304, 1371, 1183, 1584, 750, 304, 4433, 263, 4509, 310, 278, 970, 304, 13777, 902, 1206, 515, 278, 27769, 19188, 3741, 6596, 29889]","[1, 28676, 445, 373, 2306, 18763, 363, 590, 29871, 29947, 29955, 1629, 2030, 5637, 1058, 750, 4972, 11340, 304, 278, 10261, 373, 263, 29871, 29953, 281, 24728, 17487, 304, 1074, 3942, 29889, 319, 26103, 3128, 750, 1063, 23388, 1183, 6858, 263, 18875, 305, 11774, 322, 591, 4520, 9659, 16725, 372, 11102, 3143, 24114, 1716, 982, 29889, 3645, 7861, 21729, 304, 4517, 896, 750, 11698, 4902, 11211, 278, 11774, 322, 750, 304, 364, 1878, 2820, 3063, 363, 697, 29889, 263, 12435, 18034, 393, 2847, 2228, 590, 5637, 23388, 592, 4129, 471, 2691, 3138, 373, 278, 2462, 310, 902, 736, 319, 26103, 21355, 8459, 304, 748, 373, 21283, 6452, 3730, 896, 4473, 7777, 5998, 372, 471, 29871, 29896, 29900, 525, 288, 20333, 12006, 472, 4646, 29889, 306, 1898, 553, 2898, 28042, 304, 679, 1549, 10201, 896, 1925, 902, 373, 278, 1494, 2462, 1449, 411, 9659, 9659, 310, 278, 18875, 305, 11774, 29889, 4517, 4004, 471, 2691, 1183, 2649, 592, 322, 278, 13925, 892, 3755, 1098, 8570, 2738, 541, 373, 25325, 472, 7861, 22799, 306, 25993, 5377, 322, 304, 590, 766, 29887, 20788, 4446, 590, 6460, 5637, 8338, 8338, 263, 29871, 29906, 29900, 12118, 14726, 4878, 5742, 902, 19436, 263, 24296, 322, 902, 1361, 19548, 29991, 451, 697, 13925, 4509, 16688, 304, 1371, 1183, 1584, 750, 304, 4433, 263, 4509, 310, 278, 970, 304, 13777, 902, 1206, 515, 278, 27769, 19188, 3741, 6596, 29889]",b523dd2a7c49ab14c9959231519c25225999f444f33662c188503a84d8ea2605,bdae86a41dadeb29e1e187d65491541e8d230601a78518960029d3ce5f36598f,b523dd2a7c49ab14c9959231519c25225999f444f33662c188503a84d8ea2605,bdae86a41dadeb29e1e187d65491541e8d230601a78518960029d3ce5f36598f,b523dd2a7c49ab14c9959231519c25225999f444f33662c188503a84d8ea2605,bdae86a41dadeb29e1e187d65491541e8d230601a78518960029d3ce5f36598f,True,True,0.017436496913433075,0.016891097649931908,-0.0005453992635011673,6,3,"[179, 190]",[179],True,128,6528,False,True,0.21806199848651886,0.14796195924282074,-0.07010003924369812,0.5515249967575073,0.5366436243057251,-0.014881372451782227,0.002693405603149942,0.001317045012233304,-0.0013763605909166382,0.0026551753410375585,0.004523488419020877,0.0018683130779833185,0.002693405603149942,0.001317045012233304,-0.0013763605909166382,0.0026551753410375585,0.004523488419020877,0.0018683130779833185,6528,6528,0,0,0,0,0,neutral,1,True
11,42,17,1,12,"[1, 28676, 445, 373, 2306, 18763, 363, 590, 29871, 29947, 29955, 1629, 2030, 5637, 1058, 750, 4972, 11340, 304, 278, 10261, 373, 263, 29871, 29953, 281, 24728, 17487, 304, 1074, 3942, 29889, 319, 26103, 3128, 750, 1063, 23388, 1183, 6858, 263, 18875, 305, 11774, 322, 591, 4520, 9659, 16725, 372, 11102, 3143, 24114, 1716, 982, 29889, 3645, 7861, 21729, 304, 4517, 896, 750, 11698, 4902, 11211, 278, 11774, 322, 750, 304, 364, 1878, 2820, 3063, 363, 697, 29889, 263, 12435, 18034, 393, 2847, 2228, 590, 5637, 23388, 592, 4129, 471, 2691, 3138, 373, 278, 2462, 310, 902, 736, 319, 26103, 21355, 8459, 304, 748, 373, 21283, 6452, 3730, 896, 4473, 7777, 5998, 372, 471, 29871, 29896, 29900, 525, 288, 20333, 12006, 472, 4646, 29889, 306, 1898, 553, 2898, 28042, 304, 679, 1549, 10201, 896, 1925, 902, 373, 278, 1494, 2462, 1449, 411, 9659, 9659, 310, 278, 18875, 305, 11774, 29889, 4517, 4004, 471, 2691, 1183, 2649, 592, 322, 278, 13925, 892, 3755, 1098, 8570, 2738, 541, 373, 25325, 472, 7861, 22799, 306, 25993, 5377, 322, 304, 590, 766, 29887, 20788, 4446, 590, 6460, 5637, 8338, 8338, 263, 29871, 29906, 29900, 12118, 14726, 4878, 5742, 902, 19436, 263, 24296, 322, 902, 1361, 19548, 29991, 451, 697, 13925, 4509, 16688, 304, 1371, 1183, 1584, 750, 304, 4433, 263, 4509, 310, 278, 970, 304, 13777, 902, 1206, 515, 278, 27769, 19188, 3741, 6596, 29889]","[1, 28676, 445, 373, 2306, 18763, 363, 590, 29871, 29947, 29955, 1629, 2030, 5637, 1058, 750, 4972, 11340, 304, 278, 10261, 373, 263, 29871, 29953, 281, 24728, 17487, 304, 1074, 3942, 29889, 319, 26103, 3128, 750, 1063, 23388, 1183, 6858, 263, 18875, 305, 11774, 322, 591, 4520, 9659, 16725, 372, 11102, 3143, 24114, 1716, 982, 29889, 3645, 7861, 21729, 304, 4517, 896, 750, 11698, 4902, 11211, 278, 11774, 322, 750, 304, 364, 1878, 2820, 3063, 363, 697, 29889, 263, 12435, 18034, 393, 2847, 2228, 590, 5637, 23388, 592, 4129, 471, 2691, 3138, 373, 278, 2462, 310, 902, 736, 319, 26103, 21355, 8459, 304, 748, 373, 21283, 6452, 3730, 896, 4473, 7777, 5998, 372, 471, 29871, 29896, 29900, 525, 288, 20333, 12006, 472, 4646, 29889, 306, 1898, 553, 2898, 28042, 304, 679, 1549, 10201, 896, 1925, 902, 373, 278, 1494, 2462, 1449, 411, 9659, 9659, 310, 278, 18875, 305, 11774, 29889, 4517, 4004, 471, 2691, 1183, 2649, 592, 322, 278, 13925, 892, 3755, 1098, 8570, 2738, 541, 373, 25325, 472, 7861, 22799, 306, 25993, 5377, 322, 304, 590, 766, 29887, 20788, 4446, 590, 6460, 5637, 8338, 8338, 263, 29871, 29906, 29900, 12118, 14726, 4878, 5742, 902, 19436, 263, 24296, 322, 902, 1361, 19548, 29991, 2216, 697, 13925, 4509, 16688, 304, 1371, 1183, 1584, 750, 304, 4433, 263, 4509, 310, 278, 970, 304, 13777, 902, 1206, 515, 278, 27769, 19188, 3741, 6596, 29889]",bdae86a41dadeb29e1e187d65491541e8d230601a78518960029d3ce5f36598f,f62e4df5f7b457b489f632bf7170d33970a6d66c279711f2cb8f2709649b2742,bdae86a41dadeb29e1e187d65491541e8d230601a78518960029d3ce5f36598f,f62e4df5f7b457b489f632bf7170d33970a6d66c279711f2cb8f2709649b2742,bdae86a41dadeb29e1e187d65491541e8d230601a78518960029d3ce5f36598f,f62e4df5f7b457b489f632bf7170d33970a6d66c279711f2cb8f2709649b2742,True,True,0.016891097649931908,0.016852812841534615,-3.828480839729309e-05,4,1,"[192, 201, 203]",[203],True,128,3456,False,True,0.15748649835586548,0.15579622983932495,-0.0016902685165405273,0.5324064493179321,0.5331906080245972,0.0007841587066650391,0.001302667462301475,0.001175999193003884,-0.0001266682692975911,0.005248169880360365,0.005204649573123014,-4.352030723735103e-05,0.001302667462301475,0.001175999193003884,-0.0001266682692975911,0.005248169880360365,0.005204649573123014,-4.352030723735103e-05,3456,3456,0,0,1,0,1,positive,1,True
11,42,17,1,13,"[1, 28676, 445, 373, 2306, 18763, 363, 590, 29871, 29947, 29955, 1629, 2030, 5637, 1058, 750, 4972, 11340, 304, 278, 10261, 373, 263, 29871, 29953, 281, 24728, 17487, 304, 1074, 3942, 29889, 319, 26103, 3128, 750, 1063, 23388, 1183, 6858, 263, 18875, 305, 11774, 322, 591, 4520, 9659, 16725, 372, 11102, 3143, 24114, 1716, 982, 29889, 3645, 7861, 21729, 304, 4517, 896, 750, 11698, 4902, 11211, 278, 11774, 322, 750, 304, 364, 1878, 2820, 3063, 363, 697, 29889, 263, 12435, 18034, 393, 2847, 2228, 590, 5637, 23388, 592, 4129, 471, 2691, 3138, 373, 278, 2462, 310, 902, 736, 319, 26103, 21355, 8459, 304, 748, 373, 21283, 6452, 3730, 896, 4473, 7777, 5998, 372, 471, 29871, 29896, 29900, 525, 288, 20333, 12006, 472, 4646, 29889, 306, 1898, 553, 2898, 28042, 304, 679, 1549, 10201, 896, 1925, 902, 373, 278, 1494, 2462, 1449, 411, 9659, 9659, 310, 278, 18875, 305, 11774, 29889, 4517, 4004, 471, 2691, 1183, 2649, 592, 322, 278, 13925, 892, 3755, 1098, 8570, 2738, 541, 373, 25325, 472, 7861, 22799, 306, 25993, 5377, 322, 304, 590, 766, 29887, 20788, 4446, 590, 6460, 5637, 8338, 8338, 263, 29871, 29906, 29900, 12118, 14726, 4878, 5742, 902, 19436, 263, 24296, 322, 902, 1361, 19548, 29991, 2216, 697, 13925, 4509, 16688, 304, 1371, 1183, 1584, 750, 304, 4433, 263, 4509, 310, 278, 970, 304, 13777, 902, 1206, 515, 278, 27769, 19188, 3741, 6596, 29889]","[1, 28676, 445, 373, 2306, 18763, 363, 590, 29871, 29947, 29955, 1629, 2030, 5637, 1058, 750, 4972, 11340, 304, 278, 10261, 373, 263, 29871, 29953, 281, 24728, 17487, 304, 1074, 3942, 29889, 319, 26103, 3128, 750, 1063, 23388, 1183, 6858, 263, 18875, 305, 11774, 322, 591, 4520, 9659, 16725, 372, 11102, 3143, 24114, 1716, 982, 29889, 3645, 7861, 21729, 304, 4517, 896, 750, 11698, 4902, 11211, 278, 11774, 322, 750, 304, 364, 1878, 2820, 3063, 363, 697, 29889, 263, 12435, 18034, 393, 2847, 2228, 590, 5637, 23388, 592, 4129, 471, 2691, 3138, 373, 278, 2462, 310, 902, 736, 319, 26103, 21355, 8459, 304, 748, 373, 21283, 6452, 3730, 896, 4473, 7777, 5998, 372, 471, 29871, 29896, 29900, 525, 288, 20333, 12006, 472, 4646, 29889, 306, 1898, 553, 2898, 28042, 304, 679, 1549, 10201, 896, 1925, 902, 373, 278, 1494, 2462, 1449, 411, 9659, 9659, 310, 278, 18875, 305, 11774, 29889, 4517, 4004, 471, 2691, 1183, 2649, 592, 322, 278, 13925, 892, 3755, 1098, 8570, 2738, 541, 373, 25325, 472, 7861, 22799, 306, 25993, 5377, 322, 304, 590, 766, 29887, 20788, 4446, 590, 6460, 5637, 8338, 8338, 263, 29871, 29906, 29900, 12118, 14726, 4878, 5742, 902, 19436, 263, 24296, 322, 902, 1361, 19548, 29991, 2216, 697, 13925, 4509, 16688, 304, 1371, 1183, 1584, 750, 304, 2244, 263, 4509, 310, 278, 970, 304, 13777, 902, 1206, 515, 278, 27769, 19188, 3741, 6596, 29889]",f62e4df5f7b457b489f632bf7170d33970a6d66c279711f2cb8f2709649b2742,df5a8292bfaf38f5ef1f5ba8a6565eeed277ca4e684b61b632fad2bc5d53ccaa,f62e4df5f7b457b489f632bf7170d33970a6d66c279711f2cb8f2709649b2742,df5a8292bfaf38f5ef1f5ba8a6565eeed277ca4e684b61b632fad2bc5d53ccaa,f62e4df5f7b457b489f632bf7170d33970a6d66c279711f2cb8f2709649b2742,df5a8292bfaf38f5ef1f5ba8a6565eeed277ca4e684b61b632fad2bc5d53ccaa,True,True,0.016852812841534615,0.016793133690953255,-5.967915058135986e-05,3,1,"[214, 216]",[214],True,128,2048,False,True,0.14847321808338165,0.14896297454833984,0.0004897564649581909,0.524384617805481,0.5234706401824951,-0.0009139776229858398,0.004073307471117005,0.003115115250693634,-0.0009581922204233706,0.01568655393202789,0.014948060648748651,-0.0007384932832792401,0.004073307471117005,0.003115115250693634,-0.0009581922204233706,0.01568655393202789,0.014948060648748651,-0.0007384932832792401,2048,2048,0,0,1,0,1,positive,1,True
11,42,17,1,14,"[1, 28676, 445, 373, 2306, 18763, 363, 590, 29871, 29947, 29955, 1629, 2030, 5637, 1058, 750, 4972, 11340, 304, 278, 10261, 373, 263, 29871, 29953, 281, 24728, 17487, 304, 1074, 3942, 29889, 319, 26103, 3128, 750, 1063, 23388, 1183, 6858, 263, 18875, 305, 11774, 322, 591, 4520, 9659, 16725, 372, 11102, 3143, 24114, 1716, 982, 29889, 3645, 7861, 21729, 304, 4517, 896, 750, 11698, 4902, 11211, 278, 11774, 322, 750, 304, 364, 1878, 2820, 3063, 363, 697, 29889, 263, 12435, 18034, 393, 2847, 2228, 590, 5637, 23388, 592, 4129, 471, 2691, 3138, 373, 278, 2462, 310, 902, 736, 319, 26103, 21355, 8459, 304, 748, 373, 21283, 6452, 3730, 896, 4473, 7777, 5998, 372, 471, 29871, 29896, 29900, 525, 288, 20333, 12006, 472, 4646, 29889, 306, 1898, 553, 2898, 28042, 304, 679, 1549, 10201, 896, 1925, 902, 373, 278, 1494, 2462, 1449, 411, 9659, 9659, 310, 278, 18875, 305, 11774, 29889, 4517, 4004, 471, 2691, 1183, 2649, 592, 322, 278, 13925, 892, 3755, 1098, 8570, 2738, 541, 373, 25325, 472, 7861, 22799, 306, 25993, 5377, 322, 304, 590, 766, 29887, 20788, 4446, 590, 6460, 5637, 8338, 8338, 263, 29871, 29906, 29900, 12118, 14726, 4878, 5742, 902, 19436, 263, 24296, 322, 902, 1361, 19548, 29991, 2216, 697, 13925, 4509, 16688, 304, 1371, 1183, 1584, 750, 304, 2244, 263, 4509, 310, 278, 970, 304, 13777, 902, 1206, 515, 278, 27769, 19188, 3741, 6596, 29889]","[1, 28676, 445, 373, 2306, 18763, 363, 590, 29871, 29947, 29955, 1629, 2030, 5637, 1058, 750, 4972, 11340, 304, 278, 10261, 373, 263, 29871, 29953, 281, 24728, 17487, 304, 1074, 3942, 29889, 319, 26103, 3128, 750, 1063, 23388, 1183, 6858, 263, 18875, 305, 11774, 322, 591, 4520, 9659, 16725, 372, 11102, 3143, 24114, 1716, 982, 29889, 3645, 7861, 21729, 304, 4517, 896, 750, 11698, 4902, 11211, 278, 11774, 322, 750, 304, 364, 1878, 2820, 3063, 363, 697, 29889, 263, 12435, 18034, 393, 2847, 2228, 590, 5637, 23388, 592, 4129, 471, 2691, 3138, 373, 278, 2462, 310, 902, 736, 319, 26103, 21355, 8459, 304, 748, 373, 21283, 6452, 3730, 896, 4473, 7777, 5998, 372, 471, 29871, 29896, 29900, 525, 288, 20333, 12006, 472, 4646, 29889, 306, 1898, 553, 2898, 28042, 304, 679, 1549, 10201, 896, 1925, 902, 373, 278, 1494, 2462, 1449, 411, 9659, 9659, 310, 278, 18875, 305, 11774, 29889, 4517, 4004, 471, 2691, 1183, 2649, 592, 322, 278, 13925, 892, 3755, 1098, 8570, 2738, 541, 373, 25325, 472, 7861, 22799, 306, 25993, 5377, 322, 304, 590, 766, 29887, 20788, 4446, 590, 6460, 5637, 8338, 8338, 263, 29871, 29906, 29900, 12118, 14726, 4878, 5742, 902, 19436, 263, 24296, 322, 902, 1361, 19548, 29991, 2216, 697, 13925, 4509, 16688, 304, 1371, 1183, 1584, 750, 304, 2244, 263, 4509, 310, 278, 970, 304, 13777, 902, 1206, 515, 278, 27769, 272, 3741, 3741, 29889]",df5a8292bfaf38f5ef1f5ba8a6565eeed277ca4e684b61b632fad2bc5d53ccaa,a54ab521cd9271f01a8fa59bff60d044d5fafa7d4d4a12df8aef03f0590e9af7,df5a8292bfaf38f5ef1f5ba8a6565eeed277ca4e684b61b632fad2bc5d53ccaa,a54ab521cd9271f01a8fa59bff60d044d5fafa7d4d4a12df8aef03f0590e9af7,df5a8292bfaf38f5ef1f5ba8a6565eeed277ca4e684b61b632fad2bc5d53ccaa,a54ab521cd9271f01a8fa59bff60d044d5fafa7d4d4a12df8aef03f0590e9af7,True,True,0.016793133690953255,0.01616070233285427,-0.0006324313580989838,3,1,"[227, 229]","[227, 229]",True,40,384,False,True,0.23879040777683258,0.13539785146713257,-0.10339255630970001,0.5587788224220276,0.5596629977226257,0.0008841753005981445,0.04228819922233621,0.029144020440677803,-0.013144178781658408,0.0497957489763697,0.05850672364855806,0.008710974672188357,0.019330686307512224,0.019310631789267063,-2.005451824516058e-05,0.022233186988160014,0.0337101073237136,0.011476920335553586,512,512,0,0,1,0,1,positive,2,True
11,42,17,2,3,"[1, 28676, 445, 373, 2306, 18763, 363, 590, 29871, 29947, 29955, 1629, 2030, 5637, 1058, 750, 4972, 11340, 304, 278, 10261, 373, 263, 29871, 29953, 281, 24728, 17487, 304, 1074, 3942, 29889, 319, 26103, 3128, 750, 1063, 23388, 1183, 6858, 263, 18875, 305, 11774, 322, 591, 4520, 9659, 16725, 372, 11102, 3143, 24114, 1716, 982, 29889, 3645, 7861, 21729, 304, 4517, 896, 750, 11698, 4902, 11211, 278, 11774, 322, 750, 304, 364, 1878, 2820, 3063, 363, 697, 29889, 263, 12435, 18034, 393, 2847, 2228, 590, 5637, 23388, 592, 4129, 471, 2691, 3138, 373, 278, 2462, 310, 902, 736, 319, 26103, 21355, 8459, 304, 748, 373, 21283, 6452, 3730, 896, 4473, 7777, 5998, 372, 471, 29871, 29896, 29900, 525, 288, 20333, 12006, 472, 4646, 29889, 306, 1898, 553, 2898, 28042, 304, 679, 1549, 10201, 896, 1925, 902, 373, 278, 1494, 2462, 1449, 411, 9659, 9659, 310, 278, 18875, 305, 11774, 29889, 4517, 4004, 471, 2691, 1183, 2649, 592, 322, 278, 13925, 892, 3755, 1098, 8570, 2738, 541, 373, 25325, 472, 7861, 22799, 306, 25993, 5377, 322, 304, 590, 766, 29887, 20788, 4446, 590, 6460, 5637, 8338, 8338, 263, 29871, 29906, 29900, 12118, 14726, 4878, 5742, 902, 19436, 263, 24296, 322, 902, 1361, 19548, 29991, 2216, 697, 13925, 4509, 16688, 304, 1371, 1183, 1584, 750, 304, 2244, 263, 4509, 310, 278, 970, 304, 13777, 902, 1206, 515, 278, 27769, 272, 3741, 3741, 29889]","[1, 28676, 445, 373, 2306, 18763, 363, 590, 29871, 29947, 29955, 1629, 2030, 5637, 1058, 750, 4972, 11340, 304, 278, 10261, 373, 263, 29871, 29953, 281, 24728, 17487, 304, 1074, 3942, 29889, 319, 26103, 3128, 750, 1063, 23388, 1183, 6858, 263, 18875, 305, 11774, 322, 591, 4520, 9659, 16725, 372, 471, 3143, 24114, 1716, 982, 29889, 3645, 7861, 21729, 304, 4517, 896, 750, 11698, 4902, 11211, 278, 11774, 322, 750, 304, 364, 1878, 2820, 3063, 363, 697, 29889, 263, 12435, 18034, 393, 2847, 2228, 590, 5637, 23388, 592, 4129, 471, 2691, 3138, 373, 278, 2462, 310, 902, 736, 319, 26103, 21355, 8459, 304, 748, 373, 21283, 6452, 3730, 896, 4473, 7777, 5998, 372, 471, 29871, 29896, 29900, 525, 288, 20333, 12006, 472, 4646, 29889, 306, 1898, 553, 2898, 28042, 304, 679, 1549, 10201, 896, 1925, 902, 373, 278, 1494, 2462, 1449, 411, 9659, 9659, 310, 278, 18875, 305, 11774, 29889, 4517, 4004, 471, 2691, 1183, 2649, 592, 322, 278, 13925, 892, 3755, 1098, 8570, 2738, 541, 373, 25325, 472, 7861, 22799, 306, 25993, 5377, 322, 304, 590, 766, 29887, 20788, 4446, 590, 6460, 5637, 8338, 8338, 263, 29871, 29906, 29900, 12118, 14726, 4878, 5742, 902, 19436, 263, 24296, 322, 902, 1361, 19548, 29991, 2216, 697, 13925, 4509, 16688, 304, 1371, 1183, 1584, 750, 304, 2244, 263, 4509, 310, 278, 970, 304, 13777, 902, 1206, 515, 278, 27769, 272, 3741, 3741, 29889]",a54ab521cd9271f01a8fa59bff60d044d5fafa7d4d4a12df8aef03f0590e9af7,5d78da76a729022de606e298c4c31308d3f55c6dc6e77a02ca896bd0e7cf19c1,a54ab521cd9271f01a8fa59bff60d044d5fafa7d4d4a12df8aef03f0590e9af7,5d78da76a729022de606e298c4c31308d3f55c6dc6e77a02ca896bd0e7cf19c1,a54ab521cd9271f01a8fa59bff60d044d5fafa7d4d4a12df8aef03f0590e9af7,5d78da76a729022de606e298c4c31308d3f55c6dc6e77a02ca896bd0e7cf19c1,True,True,0.01616070233285427,0.015539255924522877,-0.0006214464083313942,8,2,"[50, 52, 56, 58, 63]",[50],True,128,8192,False,True,0.11273299902677536,0.10536998510360718,-0.007363013923168182,0.4238920211791992,0.42321306467056274,-0.0006789565086364746,0.005229697213508189,0.001488842724938877,-0.003740854488569312,0.009141533118963707,0.005904673751501832,-0.003236859367461875,0.005229697213508189,0.001488842724938877,-0.003740854488569312,0.009141533118963707,0.005904673751501832,-0.003236859367461875,8192,8192,0,0,1,0,1,positive,1,True
11,42,17,2,7,"[1, 28676, 445, 373, 2306, 18763, 363, 590, 29871, 29947, 29955, 1629, 2030, 5637, 1058, 750, 4972, 11340, 304, 278, 10261, 373, 263, 29871, 29953, 281, 24728, 17487, 304, 1074, 3942, 29889, 319, 26103, 3128, 750, 1063, 23388, 1183, 6858, 263, 18875, 305, 11774, 322, 591, 4520, 9659, 16725, 372, 471, 3143, 24114, 1716, 982, 29889, 3645, 7861, 21729, 304, 4517, 896, 750, 11698, 4902, 11211, 278, 11774, 322, 750, 304, 364, 1878, 2820, 3063, 363, 697, 29889, 263, 12435, 18034, 393, 2847, 2228, 590, 5637, 23388, 592, 4129, 471, 2691, 3138, 373, 278, 2462, 310, 902, 736, 319, 26103, 21355, 8459, 304, 748, 373, 21283, 6452, 3730, 896, 4473, 7777, 5998, 372, 471, 29871, 29896, 29900, 525, 288, 20333, 12006, 472, 4646, 29889, 306, 1898, 553, 2898, 28042, 304, 679, 1549, 10201, 896, 1925, 902, 373, 278, 1494, 2462, 1449, 411, 9659, 9659, 310, 278, 18875, 305, 11774, 29889, 4517, 4004, 471, 2691, 1183, 2649, 592, 322, 278, 13925, 892, 3755, 1098, 8570, 2738, 541, 373, 25325, 472, 7861, 22799, 306, 25993, 5377, 322, 304, 590, 766, 29887, 20788, 4446, 590, 6460, 5637, 8338, 8338, 263, 29871, 29906, 29900, 12118, 14726, 4878, 5742, 902, 19436, 263, 24296, 322, 902, 1361, 19548, 29991, 2216, 697, 13925, 4509, 16688, 304, 1371, 1183, 1584, 750, 304, 2244, 263, 4509, 310, 278, 970, 304, 13777, 902, 1206, 515, 278, 27769, 272, 3741, 3741, 29889]","[1, 28676, 445, 373, 2306, 18763, 363, 590, 29871, 29947, 29955, 1629, 2030, 5637, 1058, 750, 4972, 11340, 304, 278, 10261, 373, 263, 29871, 29953, 281, 24728, 17487, 304, 1074, 3942, 29889, 319, 26103, 3128, 750, 1063, 23388, 1183, 6858, 263, 18875, 305, 11774, 322, 591, 4520, 9659, 16725, 372, 471, 3143, 24114, 1716, 982, 29889, 3645, 7861, 21729, 304, 4517, 896, 750, 11698, 4902, 11211, 278, 11774, 322, 750, 304, 364, 1878, 2820, 3063, 363, 697, 29889, 263, 12435, 18034, 393, 2847, 2228, 590, 5637, 23388, 592, 4129, 471, 2691, 3138, 373, 278, 2462, 310, 902, 736, 319, 26103, 21355, 8459, 304, 748, 373, 21283, 6452, 3730, 896, 4473, 7777, 5998, 372, 471, 29871, 29896, 29900, 525, 288, 29915, 12006, 472, 4646, 29889, 306, 1898, 553, 2898, 28042, 304, 679, 1549, 10201, 896, 1925, 902, 373, 278, 1494, 2462, 1449, 411, 9659, 9659, 310, 278, 18875, 305, 11774, 29889, 4517, 4004, 471, 2691, 1183, 2649, 592, 322, 278, 13925, 892, 3755, 1098, 8570, 2738, 541, 373, 25325, 472, 7861, 22799, 306, 25993, 5377, 322, 304, 590, 766, 29887, 20788, 4446, 590, 6460, 5637, 8338, 8338, 263, 29871, 29906, 29900, 12118, 14726, 4878, 5742, 902, 19436, 263, 24296, 322, 902, 1361, 19548, 29991, 2216, 697, 13925, 4509, 16688, 304, 1371, 1183, 1584, 750, 304, 2244, 263, 4509, 310, 278, 970, 304, 13777, 902, 1206, 515, 278, 27769, 272, 3741, 3741, 29889]",5d78da76a729022de606e298c4c31308d3f55c6dc6e77a02ca896bd0e7cf19c1,495e9d2ca09c9bde1ee0f3be53dcbc5edc67e3e77aec25392424b7cb4fd7e69a,5d78da76a729022de606e298c4c31308d3f55c6dc6e77a02ca896bd0e7cf19c1,495e9d2ca09c9bde1ee0f3be53dcbc5edc67e3e77aec25392424b7cb4fd7e69a,5d78da76a729022de606e298c4c31308d3f55c6dc6e77a02ca896bd0e7cf19c1,495e9d2ca09c9bde1ee0f3be53dcbc5edc67e3e77aec25392424b7cb4fd7e69a,True,True,0.015539255924522877,0.015448861755430698,-9.039416909217834e-05,17,5,"[113, 118, 119, 127]",[119],True,128,8192,False,True,0.15761135518550873,0.1428155153989792,-0.014795839786529541,0.49394330382347107,0.48997148871421814,-0.00397181510925293,0.0022674488136544824,0.00032764420029707253,-0.0019398046133574098,0.00458570898626931,0.0030479899869533256,-0.0015377189993159845,0.0022674488136544824,0.00032764420029707253,-0.0019398046133574098,0.00458570898626931,0.0030479899869533256,-0.0015377189993159845,8192,8192,0,0,1,0,1,positive,1,True
12,42,17,1,2,"[1, 15872, 23740, 304, 7413, 17236, 16339, 3025, 7236, 997, 8612, 2018, 12115, 29889, 5061, 16403, 7271, 1407, 26616, 16286, 322, 14154, 766, 2894, 287, 28507, 2669, 322, 6931, 29889, 393, 4799, 7407, 2534, 1073, 278, 2114, 393, 372, 14859, 931, 304, 748, 1549, 5139, 2761, 322, 3632, 14045, 6993, 4846, 502, 3109, 1135, 29871, 29896, 7234, 472, 7236, 997, 566, 2018, 23740, 4799, 18117, 304, 748, 1549, 278, 6993, 322, 5198, 16783, 1423, 2645, 19224, 6199, 411, 975, 29906, 29941, 29900, 29900, 7736, 28134, 297, 263, 9521, 29889, 910, 471, 472, 29871, 29896, 29947, 29889, 29946, 29945, 298, 6199, 306, 471, 7424, 304, 367, 373, 590, 2446, 16286, 15428, 411, 20799, 472, 29871, 29906, 29900, 29889, 29900, 29900, 577, 591, 750, 20928, 29871, 29941, 29945, 286, 1195, 29889, 408, 263, 1121, 306, 13726, 590, 16286, 29889]","[1, 15872, 23740, 304, 7413, 17236, 16339, 3025, 7236, 997, 8612, 2018, 12115, 29889, 5061, 16403, 7271, 1407, 26616, 16286, 322, 14154, 766, 2894, 287, 28507, 2669, 322, 6931, 29889, 393, 4799, 29868, 2534, 1073, 278, 2114, 393, 372, 4893, 931, 304, 748, 1549, 5139, 2761, 322, 3632, 14045, 6993, 4846, 502, 3109, 1135, 29871, 29896, 7234, 472, 7236, 997, 566, 2018, 23740, 4799, 18117, 304, 748, 1549, 278, 6993, 322, 5198, 16783, 1423, 2645, 19224, 6199, 411, 975, 29906, 29941, 29900, 29900, 7736, 28134, 297, 263, 9521, 29889, 910, 471, 472, 29871, 29896, 29947, 29889, 29946, 29945, 298, 6199, 306, 471, 7424, 304, 367, 373, 590, 2446, 16286, 15428, 411, 20799, 472, 29871, 29906, 29900, 29889, 29900, 29900, 577, 591, 750, 20928, 29871, 29941, 29945, 286, 1195, 29889, 408, 263, 1121, 306, 13726, 590, 16286, 29889]",61c93dc8ee447495eafa77684684f2d9e6e1d6c838d53f4ec48c354cf3091fa4,9e7cc19ccaa47fe6c10662b61b114cc88981ff6bba6a4c129f72d5362f9fc2d2,61c93dc8ee447495eafa77684684f2d9e6e1d6c838d53f4ec48c354cf3091fa4,9e7cc19ccaa47fe6c10662b61b114cc88981ff6bba6a4c129f72d5362f9fc2d2,61c93dc8ee447495eafa77684684f2d9e6e1d6c838d53f4ec48c354cf3091fa4,9e7cc19ccaa47fe6c10662b61b114cc88981ff6bba6a4c129f72d5362f9fc2d2,True,True,0.0161871500313282,0.012801559641957283,-0.0033855903893709183,12,2,"[32, 38, 39, 40]","[32, 39]",True,128,8192,False,True,0.17052330076694489,0.07724404335021973,-0.09327925741672516,0.4642688035964966,0.4603937864303589,-0.0038750171661376953,0.023812055012967903,0.00600943154131528,-0.017802623471652623,0.030800051594269462,0.015277778285962995,-0.015522273308306467,0.012533314445263836,0.0032811144613160573,-0.00925219998394778,0.016980753184011405,0.008394499817355112,-0.008586253366656292,15488,15488,0,0,1,0,1,positive,2,True
12,42,17,1,4,"[1, 15872, 23740, 304, 7413, 17236, 16339, 3025, 7236, 997, 8612, 2018, 12115, 29889, 5061, 16403, 7271, 1407, 26616, 16286, 322, 14154, 766, 2894, 287, 28507, 2669, 322, 6931, 29889, 393, 4799, 29868, 2534, 1073, 278, 2114, 393, 372, 4893, 931, 304, 748, 1549, 5139, 2761, 322, 3632, 14045, 6993, 4846, 502, 3109, 1135, 29871, 29896, 7234, 472, 7236, 997, 566, 2018, 23740, 4799, 18117, 304, 748, 1549, 278, 6993, 322, 5198, 16783, 1423, 2645, 19224, 6199, 411, 975, 29906, 29941, 29900, 29900, 7736, 28134, 297, 263, 9521, 29889, 910, 471, 472, 29871, 29896, 29947, 29889, 29946, 29945, 298, 6199, 306, 471, 7424, 304, 367, 373, 590, 2446, 16286, 15428, 411, 20799, 472, 29871, 29906, 29900, 29889, 29900, 29900, 577, 591, 750, 20928, 29871, 29941, 29945, 286, 1195, 29889, 408, 263, 1121, 306, 13726, 590, 16286, 29889]","[1, 15872, 23740, 304, 7413, 17236, 16339, 3025, 7236, 997, 8612, 2018, 12115, 29889, 5061, 16403, 7271, 1407, 26616, 16286, 322, 14154, 766, 2894, 287, 28507, 2669, 322, 6931, 29889, 393, 4799, 29868, 2534, 1073, 278, 2114, 393, 372, 4893, 931, 304, 748, 1549, 5139, 2761, 322, 3632, 14045, 6993, 4846, 502, 3109, 1135, 29871, 29896, 7234, 472, 7236, 997, 566, 2018, 23740, 4799, 18117, 304, 748, 1549, 278, 6993, 322, 5198, 16783, 1423, 2645, 19224, 6199, 411, 975, 29871, 29941, 29900, 29900, 7736, 28134, 297, 263, 9521, 29889, 910, 471, 472, 29871, 29896, 29947, 29889, 29946, 29945, 298, 6199, 306, 471, 7424, 304, 367, 373, 590, 2446, 16286, 15428, 411, 20799, 472, 29871, 29906, 29900, 29889, 29900, 29900, 577, 591, 750, 20928, 29871, 29941, 29945, 286, 1195, 29889, 408, 263, 1121, 306, 13726, 590, 16286, 29889]",9e7cc19ccaa47fe6c10662b61b114cc88981ff6bba6a4c129f72d5362f9fc2d2,13eb164cb01f114bce9ef399c325f33a1147c5ce7f1103f8d4447cbd2f3c028a,9e7cc19ccaa47fe6c10662b61b114cc88981ff6bba6a4c129f72d5362f9fc2d2,13eb164cb01f114bce9ef399c325f33a1147c5ce7f1103f8d4447cbd2f3c028a,9e7cc19ccaa47fe6c10662b61b114cc88981ff6bba6a4c129f72d5362f9fc2d2,13eb164cb01f114bce9ef399c325f33a1147c5ce7f1103f8d4447cbd2f3c028a,True,True,0.012801559641957283,0.0118511151522398,-0.0009504444897174835,2,1,"[64, 79]",[79],True,128,7296,False,True,0.10424034297466278,0.07791239768266678,-0.026327945291996002,0.5020614862442017,0.5055218935012817,0.003460407257080078,0.004291509204593144,0.0004450826284786065,-0.0038464265761145376,0.007230425629307304,0.006061063523878131,-0.0011693621054291725,0.004291509204593144,0.0004450826284786065,-0.0038464265761145376,0.007230425629307304,0.006061063523878131,-0.0011693621054291725,7296,7296,0,0,1,0,1,positive,1,True
12,42,17,1,7,"[1, 15872, 23740, 304, 7413, 17236, 16339, 3025, 7236, 997, 8612, 2018, 12115, 29889, 5061, 16403, 7271, 1407, 26616, 16286, 322, 14154, 766, 2894, 287, 28507, 2669, 322, 6931, 29889, 393, 4799, 29868, 2534, 1073, 278, 2114, 393, 372, 4893, 931, 304, 748, 1549, 5139, 2761, 322, 3632, 14045, 6993, 4846, 502, 3109, 1135, 29871, 29896, 7234, 472, 7236, 997, 566, 2018, 23740, 4799, 18117, 304, 748, 1549, 278, 6993, 322, 5198, 16783, 1423, 2645, 19224, 6199, 411, 975, 29871, 29941, 29900, 29900, 7736, 28134, 297, 263, 9521, 29889, 910, 471, 472, 29871, 29896, 29947, 29889, 29946, 29945, 298, 6199, 306, 471, 7424, 304, 367, 373, 590, 2446, 16286, 15428, 411, 20799, 472, 29871, 29906, 29900, 29889, 29900, 29900, 577, 591, 750, 20928, 29871, 29941, 29945, 286, 1195, 29889, 408, 263, 1121, 306, 13726, 590, 16286, 29889]","[1, 15872, 23740, 304, 7413, 17236, 16339, 3025, 7236, 997, 8612, 2018, 12115, 29889, 5061, 16403, 7271, 1407, 26616, 16286, 322, 14154, 766, 2894, 287, 28507, 2669, 322, 6931, 29889, 393, 4799, 29868, 2534, 1073, 278, 2114, 393, 372, 4893, 931, 304, 748, 1549, 5139, 2761, 322, 3632, 14045, 6993, 4846, 502, 3109, 1135, 29871, 29896, 7234, 472, 7236, 997, 566, 2018, 23740, 4799, 18117, 304, 748, 1549, 278, 6993, 322, 5198, 16783, 1423, 2645, 19224, 6199, 411, 975, 29871, 29941, 29900, 29900, 7736, 28134, 297, 263, 9521, 29889, 910, 471, 472, 29871, 29896, 29947, 29889, 29946, 29945, 298, 6199, 306, 471, 7424, 304, 367, 373, 590, 2446, 16286, 15428, 411, 20799, 472, 29871, 29906, 29900, 29889, 29900, 29900, 577, 591, 750, 20928, 29871, 29941, 29945, 286, 6233, 29889, 408, 263, 1121, 306, 13726, 590, 16286, 29889]",13eb164cb01f114bce9ef399c325f33a1147c5ce7f1103f8d4447cbd2f3c028a,32695eda4c4dddd202a46617e1524c6b68eaedceaf1d18056817a279373144e8,13eb164cb01f114bce9ef399c325f33a1147c5ce7f1103f8d4447cbd2f3c028a,32695eda4c4dddd202a46617e1524c6b68eaedceaf1d18056817a279373144e8,13eb164cb01f114bce9ef399c325f33a1147c5ce7f1103f8d4447cbd2f3c028a,32695eda4c4dddd202a46617e1524c6b68eaedceaf1d18056817a279373144e8,True,True,0.0118511151522398,0.010624891147017479,-0.0012262240052223206,2,1,[127],[127],True,128,1152,False,True,0.09785313159227371,0.060196403414011,-0.03765672817826271,0.4727025032043457,0.47738754749298096,0.004685044288635254,0.013136928487155173,0.012518286239355803,-0.0006186422477993704,0.012586981213341156,0.008313057633737722,-0.004273923579603434,0.013136928487155173,0.012518286239355803,-0.0006186422477993704,0.012586981213341156,0.008313057633737722,-0.004273923579603434,1152,1152,0,0,0,0,0,neutral,1,True
12,42,17,2,0,"[1, 15872, 23740, 304, 7413, 17236, 16339, 3025, 7236, 997, 8612, 2018, 12115, 29889, 5061, 16403, 7271, 1407, 26616, 16286, 322, 14154, 766, 2894, 287, 28507, 2669, 322, 6931, 29889, 393, 4799, 29868, 2534, 1073, 278, 2114, 393, 372, 4893, 931, 304, 748, 1549, 5139, 2761, 322, 3632, 14045, 6993, 4846, 502, 3109, 1135, 29871, 29896, 7234, 472, 7236, 997, 566, 2018, 23740, 4799, 18117, 304, 748, 1549, 278, 6993, 322, 5198, 16783, 1423, 2645, 19224, 6199, 411, 975, 29871, 29941, 29900, 29900, 7736, 28134, 297, 263, 9521, 29889, 910, 471, 472, 29871, 29896, 29947, 29889, 29946, 29945, 298, 6199, 306, 471, 7424, 304, 367, 373, 590, 2446, 16286, 15428, 411, 20799, 472, 29871, 29906, 29900, 29889, 29900, 29900, 577, 591, 750, 20928, 29871, 29941, 29945, 286, 6233, 29889, 408, 263, 1121, 306, 13726, 590, 16286, 29889]","[1, 15872, 9669, 304, 7413, 17236, 11253, 3025, 7236, 997, 566, 2018, 23529, 29169, 5061, 11710, 7271, 1407, 26616, 16286, 322, 14154, 766, 2894, 287, 28507, 2669, 322, 6931, 29889, 393, 4799, 29868, 2534, 1073, 278, 2114, 393, 372, 4893, 931, 304, 748, 1549, 5139, 2761, 322, 3632, 14045, 6993, 4846, 502, 3109, 1135, 29871, 29896, 7234, 472, 7236, 997, 566, 2018, 23740, 4799, 18117, 304, 748, 1549, 278, 6993, 322, 5198, 16783, 1423, 2645, 19224, 6199, 411, 975, 29871, 29941, 29900, 29900, 7736, 28134, 297, 263, 9521, 29889, 910, 471, 472, 29871, 29896, 29947, 29889, 29946, 29945, 298, 6199, 306, 471, 7424, 304, 367, 373, 590, 2446, 16286, 15428, 411, 20799, 472, 29871, 29906, 29900, 29889, 29900, 29900, 577, 591, 750, 20928, 29871, 29941, 29945, 286, 6233, 29889, 408, 263, 1121, 306, 13726, 590, 16286, 29889]",32695eda4c4dddd202a46617e1524c6b68eaedceaf1d18056817a279373144e8,a3659c8dd032b37603849170e0340dfd882cacb7103037232119486a3b3df51f,32695eda4c4dddd202a46617e1524c6b68eaedceaf1d18056817a279373144e8,a3659c8dd032b37603849170e0340dfd882cacb7103037232119486a3b3df51f,32695eda4c4dddd202a46617e1524c6b68eaedceaf1d18056817a279373144e8,a3659c8dd032b37603849170e0340dfd882cacb7103037232119486a3b3df51f,True,True,0.010624891147017479,0.010182822123169899,-0.00044206902384757996,17,1,"[1, 2, 5, 6, 10, 11, 12, 13, 15]","[2, 6, 10, 12, 13, 15]",True,128,8192,False,True,0.10222555696964264,0.09483259171247482,-0.007392965257167816,0.38863807916641235,0.38941943645477295,0.0007813572883605957,0.021345909146475606,0.023600919950695243,0.002255010804219637,0.05171956125559518,0.05494735762476921,0.0032277963691740297,0.004687971326649277,0.005188574380731795,0.0005006030540825176,0.01278407745112902,0.013206147150682098,0.00042206969955307927,43264,43264,0,0,2,1,1,positive,6,True
12,42,17,2,1,"[1, 15872, 9669, 304, 7413, 17236, 11253, 3025, 7236, 997, 566, 2018, 23529, 29169, 5061, 11710, 7271, 1407, 26616, 16286, 322, 14154, 766, 2894, 287, 28507, 2669, 322, 6931, 29889, 393, 4799, 29868, 2534, 1073, 278, 2114, 393, 372, 4893, 931, 304, 748, 1549, 5139, 2761, 322, 3632, 14045, 6993, 4846, 502, 3109, 1135, 29871, 29896, 7234, 472, 7236, 997, 566, 2018, 23740, 4799, 18117, 304, 748, 1549, 278, 6993, 322, 5198, 16783, 1423, 2645, 19224, 6199, 411, 975, 29871, 29941, 29900, 29900, 7736, 28134, 297, 263, 9521, 29889, 910, 471, 472, 29871, 29896, 29947, 29889, 29946, 29945, 298, 6199, 306, 471, 7424, 304, 367, 373, 590, 2446, 16286, 15428, 411, 20799, 472, 29871, 29906, 29900, 29889, 29900, 29900, 577, 591, 750, 20928, 29871, 29941, 29945, 286, 6233, 29889, 408, 263, 1121, 306, 13726, 590, 16286, 29889]","[1, 15872, 9669, 304, 7413, 17236, 11253, 3025, 7236, 997, 566, 2018, 23529, 29169, 5061, 11710, 7271, 1407, 26616, 16286, 322, 14154, 766, 2894, 19098, 28507, 2669, 322, 6931, 29889, 910, 4799, 29868, 2534, 1073, 278, 2114, 393, 372, 4893, 931, 304, 748, 1549, 5139, 2761, 322, 3632, 14045, 6993, 4846, 502, 3109, 1135, 29871, 29896, 7234, 472, 7236, 997, 566, 2018, 23740, 4799, 18117, 304, 748, 1549, 278, 6993, 322, 5198, 16783, 1423, 2645, 19224, 6199, 411, 975, 29871, 29941, 29900, 29900, 7736, 28134, 297, 263, 9521, 29889, 910, 471, 472, 29871, 29896, 29947, 29889, 29946, 29945, 298, 6199, 306, 471, 7424, 304, 367, 373, 590, 2446, 16286, 15428, 411, 20799, 472, 29871, 29906, 29900, 29889, 29900, 29900, 577, 591, 750, 20928, 29871, 29941, 29945, 286, 6233, 29889, 408, 263, 1121, 306, 13726, 590, 16286, 29889]",a3659c8dd032b37603849170e0340dfd882cacb7103037232119486a3b3df51f,0ee83b2e5822db775f389a48d486b486675da66cd3dd89efa7c6a680fcb9c971,a3659c8dd032b37603849170e0340dfd882cacb7103037232119486a3b3df51f,0ee83b2e5822db775f389a48d486b486675da66cd3dd89efa7c6a680fcb9c971,a3659c8dd032b37603849170e0340dfd882cacb7103037232119486a3b3df51f,0ee83b2e5822db775f389a48d486b486675da66cd3dd89efa7c6a680fcb9c971,True,True,0.010182822123169899,0.009062794968485832,-0.0011200271546840668,8,4,"[23, 24, 30, 31]","[24, 30]",True,128,8192,False,True,0.0962902083992958,0.08377638459205627,-0.012513823807239532,0.4193122088909149,0.4232465922832489,0.003934383392333984,0.005492349962878507,0.0049372478752047755,-0.0005551020876737311,0.016940782457822934,0.016725215667975135,-0.00021556678984779865,0.002898038803889859,0.002721493563721659,-0.00017654524016820017,0.009314305710102447,0.009418183178106537,0.00010387746800408909,15616,15616,0,0,1,0,1,positive,2,True
12,42,17,2,2,"[1, 15872, 9669, 304, 7413, 17236, 11253, 3025, 7236, 997, 566, 2018, 23529, 29169, 5061, 11710, 7271, 1407, 26616, 16286, 322, 14154, 766, 2894, 19098, 28507, 2669, 322, 6931, 29889, 910, 4799, 29868, 2534, 1073, 278, 2114, 393, 372, 4893, 931, 304, 748, 1549, 5139, 2761, 322, 3632, 14045, 6993, 4846, 502, 3109, 1135, 29871, 29896, 7234, 472, 7236, 997, 566, 2018, 23740, 4799, 18117, 304, 748, 1549, 278, 6993, 322, 5198, 16783, 1423, 2645, 19224, 6199, 411, 975, 29871, 29941, 29900, 29900, 7736, 28134, 297, 263, 9521, 29889, 910, 471, 472, 29871, 29896, 29947, 29889, 29946, 29945, 298, 6199, 306, 471, 7424, 304, 367, 373, 590, 2446, 16286, 15428, 411, 20799, 472, 29871, 29906, 29900, 29889, 29900, 29900, 577, 591, 750, 20928, 29871, 29941, 29945, 286, 6233, 29889, 408, 263, 1121, 306, 13726, 590, 16286, 29889]","[1, 15872, 9669, 304, 7413, 17236, 11253, 3025, 7236, 997, 566, 2018, 23529, 29169, 5061, 11710, 7271, 1407, 26616, 16286, 322, 14154, 766, 2894, 19098, 28507, 2669, 322, 6931, 29889, 910, 4799, 29718, 2534, 1073, 278, 2114, 393, 372, 4893, 931, 304, 748, 1549, 5139, 2761, 322, 3632, 14045, 6993, 4846, 502, 3109, 1135, 29871, 29896, 7234, 472, 7236, 997, 566, 2018, 23740, 4799, 18117, 304, 748, 1549, 278, 6993, 322, 5198, 16783, 1423, 2645, 19224, 6199, 411, 975, 29871, 29941, 29900, 29900, 7736, 28134, 297, 263, 9521, 29889, 910, 471, 472, 29871, 29896, 29947, 29889, 29946, 29945, 298, 6199, 306, 471, 7424, 304, 367, 373, 590, 2446, 16286, 15428, 411, 20799, 472, 29871, 29906, 29900, 29889, 29900, 29900, 577, 591, 750, 20928, 29871, 29941, 29945, 286, 6233, 29889, 408, 263, 1121, 306, 13726, 590, 16286, 29889]",0ee83b2e5822db775f389a48d486b486675da66cd3dd89efa7c6a680fcb9c971,0ece2218ff006a0175f82c4b703b1d1d2e6ca16dd5d734d244b6db4a93688033,0ee83b2e5822db775f389a48d486b486675da66cd3dd89efa7c6a680fcb9c971,0ece2218ff006a0175f82c4b703b1d1d2e6ca16dd5d734d244b6db4a93688033,0ee83b2e5822db775f389a48d486b486675da66cd3dd89efa7c6a680fcb9c971,0ece2218ff006a0175f82c4b703b1d1d2e6ca16dd5d734d244b6db4a93688033,True,True,0.009062794968485832,0.008783412165939808,-0.0002793828025460243,9,1,"[32, 38, 39, 40]",[32],True,128,8192,False,True,0.0737156867980957,0.07410129904747009,0.00038561224937438965,0.4445035457611084,0.4422454535961151,-0.002258092164993286,0.005383269875892438,0.004810628335690126,-0.0005726415402023122,0.01206539015402086,0.011600043697399087,-0.00046534645662177354,0.005383269875892438,0.004810628335690126,-0.0005726415402023122,0.01206539015402086,0.011600043697399087,-0.00046534645662177354,8192,8192,0,0,0,0,0,neutral,1,True
12,42,17,2,8,"[1, 15872, 9669, 304, 7413, 17236, 11253, 3025, 7236, 997, 566, 2018, 23529, 29169, 5061, 11710, 7271, 1407, 26616, 16286, 322, 14154, 766, 2894, 19098, 28507, 2669, 322, 6931, 29889, 910, 4799, 29718, 2534, 1073, 278, 2114, 393, 372, 4893, 931, 304, 748, 1549, 5139, 2761, 322, 3632, 14045, 6993, 4846, 502, 3109, 1135, 29871, 29896, 7234, 472, 7236, 997, 566, 2018, 23740, 4799, 18117, 304, 748, 1549, 278, 6993, 322, 5198, 16783, 1423, 2645, 19224, 6199, 411, 975, 29871, 29941, 29900, 29900, 7736, 28134, 297, 263, 9521, 29889, 910, 471, 472, 29871, 29896, 29947, 29889, 29946, 29945, 298, 6199, 306, 471, 7424, 304, 367, 373, 590, 2446, 16286, 15428, 411, 20799, 472, 29871, 29906, 29900, 29889, 29900, 29900, 577, 591, 750, 20928, 29871, 29941, 29945, 286, 6233, 29889, 408, 263, 1121, 306, 13726, 590, 16286, 29889]","[1, 15872, 9669, 304, 7413, 17236, 11253, 3025, 7236, 997, 566, 2018, 23529, 29169, 5061, 11710, 7271, 1407, 26616, 16286, 322, 14154, 766, 2894, 19098, 28507, 2669, 322, 6931, 29889, 910, 4799, 29718, 2534, 1073, 278, 2114, 393, 372, 4893, 931, 304, 748, 1549, 5139, 2761, 322, 3632, 14045, 6993, 4846, 502, 3109, 1135, 29871, 29896, 7234, 472, 7236, 997, 566, 2018, 23740, 4799, 18117, 304, 748, 1549, 278, 6993, 322, 5198, 16783, 1423, 2645, 19224, 6199, 411, 975, 29871, 29941, 29900, 29900, 7736, 28134, 297, 263, 9521, 29889, 910, 471, 472, 29871, 29896, 29947, 29889, 29946, 29945, 298, 6199, 306, 471, 7424, 304, 367, 373, 590, 2446, 16286, 15428, 411, 20799, 472, 29871, 29906, 29900, 29889, 29900, 29900, 577, 591, 750, 20928, 29871, 29941, 29945, 286, 6233, 29889, 1094, 263, 1121, 306, 13726, 590, 16286, 29889]",0ece2218ff006a0175f82c4b703b1d1d2e6ca16dd5d734d244b6db4a93688033,181da0594ebabd40c2038a07d539b8643e292c45a2070f00d1926d19dc9865e1,0ece2218ff006a0175f82c4b703b1d1d2e6ca16dd5d734d244b6db4a93688033,181da0594ebabd40c2038a07d539b8643e292c45a2070f00d1926d19dc9865e1,0ece2218ff006a0175f82c4b703b1d1d2e6ca16dd5d734d244b6db4a93688033,181da0594ebabd40c2038a07d539b8643e292c45a2070f00d1926d19dc9865e1,True,True,0.008783412165939808,0.008704453706741333,-7.895845919847488e-05,5,1,"[128, 129]",[129],True,70,896,False,True,0.05564107000827789,0.05335567146539688,-0.002285398542881012,0.4794463813304901,0.48079049587249756,0.0013441145420074463,0.0022907715423830916,0.001511450790401016,-0.0007793207519820756,0.014302741270512342,0.013443071993866138,-0.0008596692766462046,0.0022907715423830916,0.001511450790401016,-0.0007793207519820756,0.014302741270512342,0.013443071993866138,-0.0008596692766462046,896,896,0,0,1,0,1,positive,1,True
13,42,17,1,1,"[1, 306, 505, 9850, 9850, 515, 9193, 25549, 304, 27810, 2883, 1432, 4723, 363, 278, 4940, 1023, 1629, 322, 306, 1074, 372, 901, 408, 263, 16263, 16263, 3265, 1135, 263, 16342, 29889, 739, 599, 8665, 515, 278, 18517, 297, 278, 4799, 18117, 988, 319, 26103, 14689, 2613, 6795, 363, 5381, 9850, 414, 322, 7684, 7800, 5881, 4808, 5144, 526, 10423, 411, 2305, 607, 2794, 472, 3203, 29871, 29941, 29900, 29915, 29885, 6233, 10534, 363, 596, 1423, 297, 29889, 450, 736, 16342, 304, 27810, 21876, 338, 1641, 8988, 714, 411, 263, 5012, 379, 21480, 24071, 23373, 29871, 29947, 29899, 29946, 29900, 29900, 4799, 10694, 411, 1407, 2217, 2913, 363, 28507, 22091, 29889]","[1, 306, 505, 9850, 9850, 515, 9193, 25549, 304, 27810, 2883, 1432, 4723, 363, 278, 4940, 1023, 2440, 322, 306, 1074, 372, 901, 408, 263, 16263, 15377, 3265, 1135, 263, 16342, 7671, 739, 599, 8665, 515, 278, 18517, 297, 278, 4799, 18117, 988, 319, 26103, 14689, 2613, 6795, 363, 5381, 9850, 414, 322, 7684, 7800, 5881, 4808, 5144, 526, 10423, 411, 2305, 607, 2794, 472, 3203, 29871, 29941, 29900, 29915, 29885, 6233, 10534, 363, 596, 1423, 297, 29889, 450, 736, 16342, 304, 27810, 21876, 338, 1641, 8988, 714, 411, 263, 5012, 379, 21480, 24071, 23373, 29871, 29947, 29899, 29946, 29900, 29900, 4799, 10694, 411, 1407, 2217, 2913, 363, 28507, 22091, 29889]",486eaa7ee15a5235801904865b21bd32609a3b847c7fac6ca3b2c8c962c8fad1,4262a5388a80ff88f78ccfdc615e5ded43a36eb85e44dca4c228718b349f57be,486eaa7ee15a5235801904865b21bd32609a3b847c7fac6ca3b2c8c962c8fad1,4262a5388a80ff88f78ccfdc615e5ded43a36eb85e44dca4c228718b349f57be,486eaa7ee15a5235801904865b21bd32609a3b847c7fac6ca3b2c8c962c8fad1,4262a5388a80ff88f78ccfdc615e5ded43a36eb85e44dca4c228718b349f57be,True,True,0.01804235950112343,0.017119670286774635,-0.000922689214348793,10,2,"[17, 26, 31]","[17, 26, 31]",True,128,8192,False,True,0.10444710403680801,0.07060065865516663,-0.03384644538164139,0.43490850925445557,0.43277305364608765,-0.00213545560836792,0.014253958310291637,0.014181042715790682,-7.29155945009552e-05,0.02970792776613962,0.03158416627411498,0.0018762385079753585,0.005418168278907002,0.005320069677686903,-9.809860122009847e-05,0.012648670179163211,0.013057346739558249,0.00040867656039503784,21632,21632,0,0,1,1,0,neutral,3,True
13,42,17,2,0,"[1, 306, 505, 9850, 9850, 515, 9193, 25549, 304, 27810, 2883, 1432, 4723, 363, 278, 4940, 1023, 2440, 322, 306, 1074, 372, 901, 408, 263, 16263, 15377, 3265, 1135, 263, 16342, 7671, 739, 599, 8665, 515, 278, 18517, 297, 278, 4799, 18117, 988, 319, 26103, 14689, 2613, 6795, 363, 5381, 9850, 414, 322, 7684, 7800, 5881, 4808, 5144, 526, 10423, 411, 2305, 607, 2794, 472, 3203, 29871, 29941, 29900, 29915, 29885, 6233, 10534, 363, 596, 1423, 297, 29889, 450, 736, 16342, 304, 27810, 21876, 338, 1641, 8988, 714, 411, 263, 5012, 379, 21480, 24071, 23373, 29871, 29947, 29899, 29946, 29900, 29900, 4799, 10694, 411, 1407, 2217, 2913, 363, 28507, 22091, 29889]","[1, 306, 505, 9850, 6427, 515, 9193, 25549, 304, 27810, 29241, 1432, 4723, 363, 278, 4940, 1023, 2440, 322, 306, 1074, 372, 901, 408, 263, 16263, 15377, 3265, 1135, 263, 16342, 7671, 739, 599, 8665, 515, 278, 18517, 297, 278, 4799, 18117, 988, 319, 26103, 14689, 2613, 6795, 363, 5381, 9850, 414, 322, 7684, 7800, 5881, 4808, 5144, 526, 10423, 411, 2305, 607, 2794, 472, 3203, 29871, 29941, 29900, 29915, 29885, 6233, 10534, 363, 596, 1423, 297, 29889, 450, 736, 16342, 304, 27810, 21876, 338, 1641, 8988, 714, 411, 263, 5012, 379, 21480, 24071, 23373, 29871, 29947, 29899, 29946, 29900, 29900, 4799, 10694, 411, 1407, 2217, 2913, 363, 28507, 22091, 29889]",4262a5388a80ff88f78ccfdc615e5ded43a36eb85e44dca4c228718b349f57be,1a51ed36de38118cb067b7d618997d3465ac4faf0ebd650ac985193b7e3b3389,4262a5388a80ff88f78ccfdc615e5ded43a36eb85e44dca4c228718b349f57be,1a51ed36de38118cb067b7d618997d3465ac4faf0ebd650ac985193b7e3b3389,4262a5388a80ff88f78ccfdc615e5ded43a36eb85e44dca4c228718b349f57be,1a51ed36de38118cb067b7d618997d3465ac4faf0ebd650ac985193b7e3b3389,True,True,0.017119670286774635,0.016544410958886147,-0.0005752593278884888,6,2,"[4, 7, 10]","[4, 10]",True,128,8192,False,True,0.10048945993185043,0.11396647989749908,0.013477019965648651,0.38634175062179565,0.39336931705474854,0.007027566432952881,0.011112244668765925,0.011112855034298263,6.103655323386192e-07,0.02222015169536462,0.022691576152283233,0.0004714244569186121,0.00642770060078531,0.007088630544174401,0.000660929943389091,0.012438209792293731,0.012859893287150342,0.00042168349485661137,15616,15616,0,0,0,0,0,neutral,2,True
13,42,17,2,5,"[1, 306, 505, 9850, 6427, 515, 9193, 25549, 304, 27810, 29241, 1432, 4723, 363, 278, 4940, 1023, 2440, 322, 306, 1074, 372, 901, 408, 263, 16263, 15377, 3265, 1135, 263, 16342, 7671, 739, 599, 8665, 515, 278, 18517, 297, 278, 4799, 18117, 988, 319, 26103, 14689, 2613, 6795, 363, 5381, 9850, 414, 322, 7684, 7800, 5881, 4808, 5144, 526, 10423, 411, 2305, 607, 2794, 472, 3203, 29871, 29941, 29900, 29915, 29885, 6233, 10534, 363, 596, 1423, 297, 29889, 450, 736, 16342, 304, 27810, 21876, 338, 1641, 8988, 714, 411, 263, 5012, 379, 21480, 24071, 23373, 29871, 29947, 29899, 29946, 29900, 29900, 4799, 10694, 411, 1407, 2217, 2913, 363, 28507, 22091, 29889]","[1, 306, 505, 9850, 6427, 515, 9193, 25549, 304, 27810, 29241, 1432, 4723, 363, 278, 4940, 1023, 2440, 322, 306, 1074, 372, 901, 408, 263, 16263, 15377, 3265, 1135, 263, 16342, 7671, 739, 599, 8665, 515, 278, 18517, 297, 278, 4799, 18117, 988, 319, 26103, 14689, 2613, 6795, 363, 5381, 9850, 414, 322, 7684, 7800, 5881, 4808, 5144, 526, 10423, 411, 2305, 607, 2794, 472, 3203, 29871, 29941, 29900, 29915, 29885, 6233, 10534, 363, 596, 1423, 297, 29889, 450, 736, 16342, 304, 27810, 21876, 338, 1641, 8988, 714, 411, 263, 5012, 29882, 21480, 453, 26655, 29871, 29947, 29899, 29946, 29900, 29900, 4799, 10694, 411, 1407, 2217, 2913, 363, 28507, 22091, 29889]",1a51ed36de38118cb067b7d618997d3465ac4faf0ebd650ac985193b7e3b3389,364edc84c96247651e8eb4112fbc3d498e6fa6f9e5c6bf6552e87086ada813f0,1a51ed36de38118cb067b7d618997d3465ac4faf0ebd650ac985193b7e3b3389,364edc84c96247651e8eb4112fbc3d498e6fa6f9e5c6bf6552e87086ada813f0,1a51ed36de38118cb067b7d618997d3465ac4faf0ebd650ac985193b7e3b3389,364edc84c96247651e8eb4112fbc3d498e6fa6f9e5c6bf6552e87086ada813f0,True,True,0.016544410958886147,0.015725890174508095,-0.0008185207843780518,8,2,"[83, 91, 93, 94]","[91, 93, 94]",True,128,2432,False,True,0.0709858164191246,0.05953536927700043,-0.011450447142124176,0.49382317066192627,0.49379998445510864,-2.3186206817626953e-05,0.02050689666679031,0.019316600831715686,-0.001190295835074625,0.04303742986858675,0.04062692259781455,-0.0024105072707722025,0.006939513250612295,0.006353798770130827,-0.0005857144804814682,0.014184315751593273,0.013616315330951832,-0.0005680004206414409,6656,6656,0,0,0,2,-2,harmful,3,True
14,42,17,1,0,"[1, 3929, 6460, 2669, 6460, 12084, 6460, 11029, 29889, 366, 8496, 29915, 2609, 1584, 1207, 701, 5328, 4319, 896, 526, 29889, 438, 975, 1025, 16286, 29889, 1334, 750, 263, 29871, 29953, 7234, 9055, 393, 471, 15659, 29871, 29941, 29900, 6233, 7536, 1434, 1749, 25619, 408, 263, 1121, 591, 13726, 1749, 16791, 16286, 29889, 4750, 13726, 1023, 3841, 310, 664, 29889, 871, 16688, 263, 29871, 29945, 29900, 11232, 17208, 478, 3222, 261, 363, 599, 278, 22629, 854, 29703, 29889]","[1, 3929, 6460, 2669, 6460, 12084, 6460, 11029, 29889, 3492, 8496, 29915, 2609, 1584, 8561, 701, 5328, 4319, 896, 526, 29889, 438, 975, 1025, 16286, 29889, 1334, 750, 263, 29871, 29953, 7234, 9055, 393, 471, 15659, 29871, 29941, 29900, 6233, 7536, 1434, 1749, 25619, 408, 263, 1121, 591, 13726, 1749, 16791, 16286, 29889, 4750, 13726, 1023, 3841, 310, 664, 29889, 871, 16688, 263, 29871, 29945, 29900, 11232, 17208, 478, 3222, 261, 363, 599, 278, 22629, 854, 29703, 29889]",a02d7435751e60b0067b00bf075cd8aa6bc0afc86d3df4360a0f7a953b59a36f,887ad5e5e9bc1391f4a5ef123f15b64c6242da34a38c13063cf6e5a337d2c8d7,a02d7435751e60b0067b00bf075cd8aa6bc0afc86d3df4360a0f7a953b59a36f,887ad5e5e9bc1391f4a5ef123f15b64c6242da34a38c13063cf6e5a337d2c8d7,a02d7435751e60b0067b00bf075cd8aa6bc0afc86d3df4360a0f7a953b59a36f,887ad5e5e9bc1391f4a5ef123f15b64c6242da34a38c13063cf6e5a337d2c8d7,True,True,0.016055800020694733,0.015612914226949215,-0.00044288579374551773,11,2,"[9, 12, 14]","[9, 14]",True,128,8192,False,True,0.09898382425308228,0.0859716385602951,-0.01301218569278717,0.4222465753555298,0.41487565636634827,-0.0073709189891815186,0.003609754247008823,0.006109115172876045,0.0024993609258672222,0.017788505378121044,0.019080631878750864,0.00129212650062982,0.001871355491258749,0.00298856082940247,0.0011172053381437207,0.009686582430258273,0.010346316827112824,0.0006597343968545513,15744,15744,0,0,0,1,-1,harmful,2,True
14,42,17,1,1,"[1, 3929, 6460, 2669, 6460, 12084, 6460, 11029, 29889, 3492, 8496, 29915, 2609, 1584, 8561, 701, 5328, 4319, 896, 526, 29889, 438, 975, 1025, 16286, 29889, 1334, 750, 263, 29871, 29953, 7234, 9055, 393, 471, 15659, 29871, 29941, 29900, 6233, 7536, 1434, 1749, 25619, 408, 263, 1121, 591, 13726, 1749, 16791, 16286, 29889, 4750, 13726, 1023, 3841, 310, 664, 29889, 871, 16688, 263, 29871, 29945, 29900, 11232, 17208, 478, 3222, 261, 363, 599, 278, 22629, 854, 29703, 29889]","[1, 3929, 6460, 2669, 6460, 12084, 6460, 11029, 29889, 3492, 8496, 29915, 2609, 1584, 8561, 701, 920, 4319, 896, 526, 21520, 438, 3563, 5239, 16286, 29889, 1334, 750, 263, 29871, 29953, 7234, 9055, 393, 471, 15659, 29871, 29941, 29900, 6233, 7536, 1434, 1749, 25619, 408, 263, 1121, 591, 13726, 1749, 16791, 16286, 29889, 4750, 13726, 1023, 3841, 310, 664, 29889, 871, 16688, 263, 29871, 29945, 29900, 11232, 17208, 478, 3222, 261, 363, 599, 278, 22629, 854, 29703, 29889]",887ad5e5e9bc1391f4a5ef123f15b64c6242da34a38c13063cf6e5a337d2c8d7,d52ab8ebaff92baa14b40c93874e701754b55659a526867652c5e4beffb2ae37,887ad5e5e9bc1391f4a5ef123f15b64c6242da34a38c13063cf6e5a337d2c8d7,d52ab8ebaff92baa14b40c93874e701754b55659a526867652c5e4beffb2ae37,887ad5e5e9bc1391f4a5ef123f15b64c6242da34a38c13063cf6e5a337d2c8d7,d52ab8ebaff92baa14b40c93874e701754b55659a526867652c5e4beffb2ae37,True,True,0.015612914226949215,0.011971727013587952,-0.0036411872133612633,11,7,"[16, 18, 20, 22, 23, 26]","[16, 20, 22, 23]",True,128,7808,False,True,0.10490202903747559,0.06158928945660591,-0.043312739580869675,0.41898614168167114,0.43429893255233765,0.015312790870666504,0.016414127472910236,0.013406177509392872,-0.003007949963517364,0.03410643613973602,0.03380456335506723,-0.0003018727846687899,0.0047359067294336366,0.003853734016484101,-0.0008821727129495354,0.010457513948270665,0.01049663451611011,3.912056783944573e-05,29056,29056,0,0,1,2,-1,harmful,4,True
14,42,17,1,3,"[1, 3929, 6460, 2669, 6460, 12084, 6460, 11029, 29889, 3492, 8496, 29915, 2609, 1584, 8561, 701, 920, 4319, 896, 526, 21520, 438, 3563, 5239, 16286, 29889, 1334, 750, 263, 29871, 29953, 7234, 9055, 393, 471, 15659, 29871, 29941, 29900, 6233, 7536, 1434, 1749, 25619, 408, 263, 1121, 591, 13726, 1749, 16791, 16286, 29889, 4750, 13726, 1023, 3841, 310, 664, 29889, 871, 16688, 263, 29871, 29945, 29900, 11232, 17208, 478, 3222, 261, 363, 599, 278, 22629, 854, 29703, 29889]","[1, 3929, 6460, 2669, 6460, 12084, 6460, 11029, 29889, 3492, 8496, 29915, 2609, 1584, 8561, 701, 920, 4319, 896, 526, 21520, 438, 3563, 5239, 16286, 29889, 1334, 750, 263, 29871, 29953, 7234, 9055, 393, 471, 15659, 29871, 29941, 29900, 6233, 7536, 1434, 1749, 25619, 408, 263, 1121, 591, 13726, 1749, 16791, 16286, 29889, 4750, 13726, 1023, 3841, 310, 664, 29889, 871, 12520, 263, 29871, 29945, 29900, 11232, 17208, 478, 3222, 261, 363, 599, 278, 22629, 854, 29703, 29889]",d52ab8ebaff92baa14b40c93874e701754b55659a526867652c5e4beffb2ae37,923e31f2408ade809ccd28ad618ae867f9c9dabd33aa58610167a3e7f8ec1902,d52ab8ebaff92baa14b40c93874e701754b55659a526867652c5e4beffb2ae37,923e31f2408ade809ccd28ad618ae867f9c9dabd33aa58610167a3e7f8ec1902,d52ab8ebaff92baa14b40c93874e701754b55659a526867652c5e4beffb2ae37,923e31f2408ade809ccd28ad618ae867f9c9dabd33aa58610167a3e7f8ec1902,True,True,0.011971727013587952,0.01003780122846365,-0.001933925785124302,2,1,[61],[61],True,128,2048,False,True,0.06473639607429504,0.05027507618069649,-0.014461319893598557,0.46215564012527466,0.461469829082489,-0.0006858110427856445,0.008865518524544314,0.004726705490611494,-0.00413881303393282,0.017212350736372173,0.01999936907668598,0.002787018340313807,0.008865518524544314,0.004726705490611494,-0.00413881303393282,0.017212350736372173,0.01999936907668598,0.002787018340313807,2048,2048,0,0,1,0,1,positive,1,True
14,42,17,1,4,"[1, 3929, 6460, 2669, 6460, 12084, 6460, 11029, 29889, 3492, 8496, 29915, 2609, 1584, 8561, 701, 920, 4319, 896, 526, 21520, 438, 3563, 5239, 16286, 29889, 1334, 750, 263, 29871, 29953, 7234, 9055, 393, 471, 15659, 29871, 29941, 29900, 6233, 7536, 1434, 1749, 25619, 408, 263, 1121, 591, 13726, 1749, 16791, 16286, 29889, 4750, 13726, 1023, 3841, 310, 664, 29889, 871, 12520, 263, 29871, 29945, 29900, 11232, 17208, 478, 3222, 261, 363, 599, 278, 22629, 854, 29703, 29889]","[1, 3929, 6460, 2669, 6460, 12084, 6460, 11029, 29889, 3492, 8496, 29915, 2609, 1584, 8561, 701, 920, 4319, 896, 526, 21520, 438, 3563, 5239, 16286, 29889, 1334, 750, 263, 29871, 29953, 7234, 9055, 393, 471, 15659, 29871, 29941, 29900, 6233, 7536, 1434, 1749, 25619, 408, 263, 1121, 591, 13726, 1749, 16791, 16286, 29889, 4750, 13726, 1023, 3841, 310, 664, 29889, 871, 12520, 263, 29871, 29945, 29900, 11232, 26810, 325, 3222, 719, 363, 599, 278, 22629, 854, 29703, 29889]",923e31f2408ade809ccd28ad618ae867f9c9dabd33aa58610167a3e7f8ec1902,941dd11aca6310b15338a5ccd016d248131009b3582a218f7d5626806a8413fa,923e31f2408ade809ccd28ad618ae867f9c9dabd33aa58610167a3e7f8ec1902,941dd11aca6310b15338a5ccd016d248131009b3582a218f7d5626806a8413fa,923e31f2408ade809ccd28ad618ae867f9c9dabd33aa58610167a3e7f8ec1902,941dd11aca6310b15338a5ccd016d248131009b3582a218f7d5626806a8413fa,True,True,0.01003780122846365,0.009950106963515282,-8.769426494836807e-05,9,1,"[67, 68, 70, 75]","[67, 68, 70]",True,60,1280,False,True,0.06410938501358032,0.06653428077697754,0.002424895763397217,0.48527753353118896,0.483031302690506,-0.0022462308406829834,0.012458712328225374,0.011590214120224119,-0.0008684982080012556,0.0459975563455373,0.044151118583977224,-0.0018464377615600783,0.0046037788180491096,0.004183821612969041,-0.0004199572050800687,0.014144511266539875,0.01433937561411697,0.00019486434757709503,3328,3328,0,0,1,1,0,neutral,3,True
14,42,17,2,0,"[1, 3929, 6460, 2669, 6460, 12084, 6460, 11029, 29889, 3492, 8496, 29915, 2609, 1584, 8561, 701, 920, 4319, 896, 526, 21520, 438, 3563, 5239, 16286, 29889, 1334, 750, 263, 29871, 29953, 7234, 9055, 393, 471, 15659, 29871, 29941, 29900, 6233, 7536, 1434, 1749, 25619, 408, 263, 1121, 591, 13726, 1749, 16791, 16286, 29889, 4750, 13726, 1023, 3841, 310, 664, 29889, 871, 12520, 263, 29871, 29945, 29900, 11232, 26810, 325, 3222, 719, 363, 599, 278, 22629, 854, 29703, 29889]","[1, 3929, 6460, 2669, 6460, 12084, 6460, 11029, 29889, 887, 8496, 29915, 2609, 1584, 1207, 701, 920, 4319, 896, 526, 21520, 438, 3563, 5239, 16286, 29889, 1334, 750, 263, 29871, 29953, 7234, 9055, 393, 471, 15659, 29871, 29941, 29900, 6233, 7536, 1434, 1749, 25619, 408, 263, 1121, 591, 13726, 1749, 16791, 16286, 29889, 4750, 13726, 1023, 3841, 310, 664, 29889, 871, 12520, 263, 29871, 29945, 29900, 11232, 26810, 325, 3222, 719, 363, 599, 278, 22629, 854, 29703, 29889]",941dd11aca6310b15338a5ccd016d248131009b3582a218f7d5626806a8413fa,c1b16e14af10d26105f4e6ab96363106a43088aebdb19fc1502475c0d607cdfd,941dd11aca6310b15338a5ccd016d248131009b3582a218f7d5626806a8413fa,c1b16e14af10d26105f4e6ab96363106a43088aebdb19fc1502475c0d607cdfd,941dd11aca6310b15338a5ccd016d248131009b3582a218f7d5626806a8413fa,c1b16e14af10d26105f4e6ab96363106a43088aebdb19fc1502475c0d607cdfd,True,True,0.009950106963515282,0.00862063653767109,-0.0013294704258441925,3,2,"[9, 12, 14]","[9, 14]",True,128,8192,False,True,0.06866568326950073,0.05705556273460388,-0.01161012053489685,0.4449828267097473,0.44915497303009033,0.004172146320343018,0.005074512504506856,0.001593084045452997,-0.003481428459053859,0.019228845114412252,0.018000137664785143,-0.0012287074496271089,0.0024349091014241784,0.0008152665010070413,-0.0016196426004171371,0.010448379222515637,0.009673925411955612,-0.000774453810560025,15744,15744,0,0,2,0,2,positive,2,True
14,42,17,2,1,"[1, 3929, 6460, 2669, 6460, 12084, 6460, 11029, 29889, 887, 8496, 29915, 2609, 1584, 1207, 701, 920, 4319, 896, 526, 21520, 438, 3563, 5239, 16286, 29889, 1334, 750, 263, 29871, 29953, 7234, 9055, 393, 471, 15659, 29871, 29941, 29900, 6233, 7536, 1434, 1749, 25619, 408, 263, 1121, 591, 13726, 1749, 16791, 16286, 29889, 4750, 13726, 1023, 3841, 310, 664, 29889, 871, 12520, 263, 29871, 29945, 29900, 11232, 26810, 325, 3222, 719, 363, 599, 278, 22629, 854, 29703, 29889]","[1, 3929, 6460, 2669, 6460, 12084, 6460, 11029, 29889, 887, 8496, 29915, 2609, 1584, 1207, 701, 920, 4319, 896, 526, 29991, 438, 975, 5239, 16286, 29889, 1334, 750, 263, 29871, 29953, 7234, 9055, 393, 471, 15659, 29871, 29941, 29900, 6233, 7536, 1434, 1749, 25619, 408, 263, 1121, 591, 13726, 1749, 16791, 16286, 29889, 4750, 13726, 1023, 3841, 310, 664, 29889, 871, 12520, 263, 29871, 29945, 29900, 11232, 26810, 325, 3222, 719, 363, 599, 278, 22629, 854, 29703, 29889]",c1b16e14af10d26105f4e6ab96363106a43088aebdb19fc1502475c0d607cdfd,225e8600771e000c5f09370676a9ae702cfe38d118a5e57e3503ea65ae588ee2,c1b16e14af10d26105f4e6ab96363106a43088aebdb19fc1502475c0d607cdfd,225e8600771e000c5f09370676a9ae702cfe38d118a5e57e3503ea65ae588ee2,c1b16e14af10d26105f4e6ab96363106a43088aebdb19fc1502475c0d607cdfd,225e8600771e000c5f09370676a9ae702cfe38d118a5e57e3503ea65ae588ee2,True,True,0.00862063653767109,0.008031254634261131,-0.0005893819034099579,11,3,"[16, 18, 20, 22, 23, 26]","[20, 22]",True,128,7296,False,True,0.07777944952249527,0.057775139808654785,-0.020004309713840485,0.49590569734573364,0.48670563101768494,-0.009200066328048706,0.011021474433507313,0.007489459597293222,-0.003532014836214091,0.022158539617074688,0.01904068857006598,-0.0031178510470087073,0.005804673523276246,0.0035949730206214425,-0.0022097005026548034,0.011933095142012462,0.010297423448979057,-0.001635671693033405,14336,14336,0,0,0,0,0,neutral,2,True
14,42,17,2,4,"[1, 3929, 6460, 2669, 6460, 12084, 6460, 11029, 29889, 887, 8496, 29915, 2609, 1584, 1207, 701, 920, 4319, 896, 526, 29991, 438, 975, 5239, 16286, 29889, 1334, 750, 263, 29871, 29953, 7234, 9055, 393, 471, 15659, 29871, 29941, 29900, 6233, 7536, 1434, 1749, 25619, 408, 263, 1121, 591, 13726, 1749, 16791, 16286, 29889, 4750, 13726, 1023, 3841, 310, 664, 29889, 871, 12520, 263, 29871, 29945, 29900, 11232, 26810, 325, 3222, 719, 363, 599, 278, 22629, 854, 29703, 29889]","[1, 3929, 6460, 2669, 6460, 12084, 6460, 11029, 29889, 887, 8496, 29915, 2609, 1584, 1207, 701, 920, 4319, 896, 526, 29991, 438, 975, 5239, 16286, 29889, 1334, 750, 263, 29871, 29953, 7234, 9055, 393, 471, 15659, 29871, 29941, 29900, 6233, 7536, 1434, 1749, 25619, 408, 263, 1121, 591, 13726, 1749, 16791, 16286, 29889, 4750, 13726, 1023, 3841, 310, 664, 29889, 871, 12520, 263, 29871, 29945, 29900, 11232, 26810, 325, 3222, 261, 363, 599, 278, 22629, 854, 29703, 29889]",225e8600771e000c5f09370676a9ae702cfe38d118a5e57e3503ea65ae588ee2,699d35fb652995305a5460303e77740df8333459a88c19e11941efce0fdd3ce8,225e8600771e000c5f09370676a9ae702cfe38d118a5e57e3503ea65ae588ee2,699d35fb652995305a5460303e77740df8333459a88c19e11941efce0fdd3ce8,225e8600771e000c5f09370676a9ae702cfe38d118a5e57e3503ea65ae588ee2,699d35fb652995305a5460303e77740df8333459a88c19e11941efce0fdd3ce8,True,True,0.008031254634261131,0.007590427063405514,-0.0004408275708556175,7,1,"[67, 68, 70, 75]",[70],True,60,896,False,True,0.06842707842588425,0.053604479879140854,-0.014822598546743393,0.4948101043701172,0.48781880736351013,-0.006991297006607056,0.007267744479967015,0.004191769752651453,-0.0030759747273155624,0.014387114239590508,0.015190190236483301,0.0008030759968927926,0.007267744479967015,0.004191769752651453,-0.0030759747273155624,0.014387114239590508,0.015190190236483301,0.0008030759968927926,896,896,0,0,1,0,1,positive,1,True
15,42,17,1,4,"[1, 14320, 29895, 25960, 515, 4517, 940, 493, 19261, 3025, 25820, 29889, 2860, 1303, 12849, 21804, 2714, 445, 1033, 367, 263, 4646, 29885, 12561, 746, 297, 3935, 2114, 278, 2669, 471, 1781, 29889, 5121, 19780, 13925, 1652, 16286, 373, 931, 7395, 1423, 297, 322, 12949, 620, 20525, 263, 289, 929, 5948, 472, 14320, 29895, 25960, 366, 508, 1423, 297, 472, 1583, 2669, 8638, 448, 27401, 263, 3287, 310, 5462, 292, 29889, 1407, 19192, 1596, 7613, 7613, 5881, 5172, 19548, 5768, 716, 3814, 10694, 322, 2107, 26094, 727, 9687, 6766, 471, 451, 4802, 11910, 2159, 541, 471, 260, 21779, 7575, 10117, 26504, 4799, 29718, 9687, 1939, 27231, 5391, 6766, 373, 278, 350, 29895, 29968, 304, 25820, 2814, 541, 20947, 310, 4964, 13748, 29879, 448, 4094, 5342, 29375, 2992, 607, 2996, 4513, 1432, 22157, 470, 26606, 29889, 25820, 4799, 18117, 29901, 306, 1303, 15376, 310, 8178, 21804, 8638, 383, 338, 2030, 322, 451, 2107, 541, 360, 669, 382, 988, 1556, 6121, 1652, 16286, 5840, 515, 526, 5400, 6640, 26120, 4088, 323, 29954, 29875, 23706, 16700, 2992, 15376, 310, 3240, 737, 714, 11840, 26094, 1021, 408, 599, 4799, 18117, 29889, 306, 884, 1303, 967, 263, 4646, 29885, 12561, 304, 1301, 1301, 28498, 8638, 29879, 746, 297, 2869, 967, 451, 372, 338, 263, 1472, 6686, 1546, 963, 541, 694, 1108, 29889, 697, 6993, 1423, 697, 1209, 637, 1423, 29889, 306, 505, 304, 1827, 777, 13925, 1106, 1407, 27784, 541, 896, 526, 2869, 1407, 19780, 29889, 727, 338, 694, 1560, 17223, 297, 599, 8638, 29879, 4286, 599, 297, 599, 306, 723, 11340, 411, 963, 1449, 2729, 373, 20743, 322, 2669, 306, 4520, 29889]","[1, 14320, 29895, 25960, 515, 4517, 940, 493, 19261, 3025, 25820, 29889, 2860, 1303, 12849, 21804, 2714, 445, 1033, 367, 263, 4646, 29885, 12561, 746, 297, 3935, 2114, 278, 2669, 471, 1781, 29889, 5121, 19780, 13925, 1652, 16286, 373, 931, 7395, 1423, 297, 322, 12949, 620, 20525, 263, 289, 929, 5948, 472, 14320, 29895, 25960, 366, 508, 1423, 297, 472, 1583, 2669, 8638, 448, 27401, 263, 3287, 310, 5462, 292, 29889, 18064, 19192, 1596, 7613, 25325, 5881, 5172, 19548, 5768, 716, 3814, 10694, 322, 2107, 26094, 727, 9687, 6766, 471, 451, 4802, 11910, 2159, 541, 471, 260, 21779, 7575, 10117, 26504, 4799, 29718, 9687, 1939, 27231, 5391, 6766, 373, 278, 350, 29895, 29968, 304, 25820, 2814, 541, 20947, 310, 4964, 13748, 29879, 448, 4094, 5342, 29375, 2992, 607, 2996, 4513, 1432, 22157, 470, 26606, 29889, 25820, 4799, 18117, 29901, 306, 1303, 15376, 310, 8178, 21804, 8638, 383, 338, 2030, 322, 451, 2107, 541, 360, 669, 382, 988, 1556, 6121, 1652, 16286, 5840, 515, 526, 5400, 6640, 26120, 4088, 323, 29954, 29875, 23706, 16700, 2992, 15376, 310, 3240, 737, 714, 11840, 26094, 1021, 408, 599, 4799, 18117, 29889, 306, 884, 1303, 967, 263, 4646, 29885, 12561, 304, 1301, 1301, 28498, 8638, 29879, 746, 297, 2869, 967, 451, 372, 338, 263, 1472, 6686, 1546, 963, 541, 694, 1108, 29889, 697, 6993, 1423, 697, 1209, 637, 1423, 29889, 306, 505, 304, 1827, 777, 13925, 1106, 1407, 27784, 541, 896, 526, 2869, 1407, 19780, 29889, 727, 338, 694, 1560, 17223, 297, 599, 8638, 29879, 4286, 599, 297, 599, 306, 723, 11340, 411, 963, 1449, 2729, 373, 20743, 322, 2669, 306, 4520, 29889]",3139c4663e747d59dfab981bac93f119f085cefb4ee3c097733c6a0135187828,f073e6ff74baf6254ba728ad65b5fde5b9c019c39bbd21bdeacf92270a0217c5,3139c4663e747d59dfab981bac93f119f085cefb4ee3c097733c6a0135187828,f073e6ff74baf6254ba728ad65b5fde5b9c019c39bbd21bdeacf92270a0217c5,3139c4663e747d59dfab981bac93f119f085cefb4ee3c097733c6a0135187828,f073e6ff74baf6254ba728ad65b5fde5b9c019c39bbd21bdeacf92270a0217c5,True,True,0.015848562121391296,0.015346419997513294,-0.0005021421238780022,5,2,"[67, 71, 75]","[71, 75]",True,128,8192,False,True,0.18027177453041077,0.1708725094795227,-0.009399265050888062,0.4925103187561035,0.4923613965511322,-0.00014892220497131348,0.003733506513526663,0.003162011351378169,-0.0005714951621484943,0.010491465938684996,0.010450773712364025,-4.0692226320970803e-05,0.0016678571100196531,0.0014634174182109774,-0.00020443969180867572,0.005465630359286743,0.005373789369308901,-9.184098997784204e-05,15872,15872,0,0,1,0,1,positive,2,True
15,42,17,1,5,"[1, 14320, 29895, 25960, 515, 4517, 940, 493, 19261, 3025, 25820, 29889, 2860, 1303, 12849, 21804, 2714, 445, 1033, 367, 263, 4646, 29885, 12561, 746, 297, 3935, 2114, 278, 2669, 471, 1781, 29889, 5121, 19780, 13925, 1652, 16286, 373, 931, 7395, 1423, 297, 322, 12949, 620, 20525, 263, 289, 929, 5948, 472, 14320, 29895, 25960, 366, 508, 1423, 297, 472, 1583, 2669, 8638, 448, 27401, 263, 3287, 310, 5462, 292, 29889, 18064, 19192, 1596, 7613, 25325, 5881, 5172, 19548, 5768, 716, 3814, 10694, 322, 2107, 26094, 727, 9687, 6766, 471, 451, 4802, 11910, 2159, 541, 471, 260, 21779, 7575, 10117, 26504, 4799, 29718, 9687, 1939, 27231, 5391, 6766, 373, 278, 350, 29895, 29968, 304, 25820, 2814, 541, 20947, 310, 4964, 13748, 29879, 448, 4094, 5342, 29375, 2992, 607, 2996, 4513, 1432, 22157, 470, 26606, 29889, 25820, 4799, 18117, 29901, 306, 1303, 15376, 310, 8178, 21804, 8638, 383, 338, 2030, 322, 451, 2107, 541, 360, 669, 382, 988, 1556, 6121, 1652, 16286, 5840, 515, 526, 5400, 6640, 26120, 4088, 323, 29954, 29875, 23706, 16700, 2992, 15376, 310, 3240, 737, 714, 11840, 26094, 1021, 408, 599, 4799, 18117, 29889, 306, 884, 1303, 967, 263, 4646, 29885, 12561, 304, 1301, 1301, 28498, 8638, 29879, 746, 297, 2869, 967, 451, 372, 338, 263, 1472, 6686, 1546, 963, 541, 694, 1108, 29889, 697, 6993, 1423, 697, 1209, 637, 1423, 29889, 306, 505, 304, 1827, 777, 13925, 1106, 1407, 27784, 541, 896, 526, 2869, 1407, 19780, 29889, 727, 338, 694, 1560, 17223, 297, 599, 8638, 29879, 4286, 599, 297, 599, 306, 723, 11340, 411, 963, 1449, 2729, 373, 20743, 322, 2669, 306, 4520, 29889]","[1, 14320, 29895, 25960, 515, 4517, 940, 493, 19261, 3025, 25820, 29889, 2860, 1303, 12849, 21804, 2714, 445, 1033, 367, 263, 4646, 29885, 12561, 746, 297, 3935, 2114, 278, 2669, 471, 1781, 29889, 5121, 19780, 13925, 1652, 16286, 373, 931, 7395, 1423, 297, 322, 12949, 620, 20525, 263, 289, 929, 5948, 472, 14320, 29895, 25960, 366, 508, 1423, 297, 472, 1583, 2669, 8638, 448, 27401, 263, 3287, 310, 5462, 292, 29889, 18064, 19192, 1596, 7613, 25325, 5881, 5172, 19548, 5768, 716, 3814, 10694, 322, 2107, 26094, 450, 9687, 6766, 471, 451, 4802, 11910, 2159, 541, 471, 260, 21779, 7575, 10117, 26504, 4799, 29718, 9687, 1939, 27231, 5391, 6766, 373, 278, 350, 29895, 29968, 304, 25820, 2814, 541, 20947, 310, 4964, 13748, 29879, 448, 4094, 5342, 29375, 2992, 607, 2996, 4513, 1432, 22157, 470, 26606, 29889, 25820, 4799, 18117, 29901, 306, 1303, 15376, 310, 8178, 21804, 8638, 383, 338, 2030, 322, 451, 2107, 541, 360, 669, 382, 988, 1556, 6121, 1652, 16286, 5840, 515, 526, 5400, 6640, 26120, 4088, 323, 29954, 29875, 23706, 16700, 2992, 15376, 310, 3240, 737, 714, 11840, 26094, 1021, 408, 599, 4799, 18117, 29889, 306, 884, 1303, 967, 263, 4646, 29885, 12561, 304, 1301, 1301, 28498, 8638, 29879, 746, 297, 2869, 967, 451, 372, 338, 263, 1472, 6686, 1546, 963, 541, 694, 1108, 29889, 697, 6993, 1423, 697, 1209, 637, 1423, 29889, 306, 505, 304, 1827, 777, 13925, 1106, 1407, 27784, 541, 896, 526, 2869, 1407, 19780, 29889, 727, 338, 694, 1560, 17223, 297, 599, 8638, 29879, 4286, 599, 297, 599, 306, 723, 11340, 411, 963, 1449, 2729, 373, 20743, 322, 2669, 306, 4520, 29889]",f073e6ff74baf6254ba728ad65b5fde5b9c019c39bbd21bdeacf92270a0217c5,3246164c455e8dcfd52638ac89c2c0f714e0d2926e624b7b082f0fd5445d31bd,f073e6ff74baf6254ba728ad65b5fde5b9c019c39bbd21bdeacf92270a0217c5,3246164c455e8dcfd52638ac89c2c0f714e0d2926e624b7b082f0fd5445d31bd,f073e6ff74baf6254ba728ad65b5fde5b9c019c39bbd21bdeacf92270a0217c5,3246164c455e8dcfd52638ac89c2c0f714e0d2926e624b7b082f0fd5445d31bd,True,True,0.015346419997513294,0.014905375428497791,-0.00044104456901550293,9,2,"[80, 86, 93]",[86],True,128,8192,False,True,0.18264567852020264,0.16319066286087036,-0.019455015659332275,0.4857989549636841,0.48886603116989136,0.0030670762062072754,0.004388708584883716,0.004353683289082255,-3.502529580146074e-05,0.0047749258010298945,0.009869925030216109,0.0050949992291862145,0.004388708584883716,0.004353683289082255,-3.502529580146074e-05,0.0047749258010298945,0.009869925030216109,0.0050949992291862145,8192,8192,0,0,0,0,0,neutral,1,True
15,42,17,1,6,"[1, 14320, 29895, 25960, 515, 4517, 940, 493, 19261, 3025, 25820, 29889, 2860, 1303, 12849, 21804, 2714, 445, 1033, 367, 263, 4646, 29885, 12561, 746, 297, 3935, 2114, 278, 2669, 471, 1781, 29889, 5121, 19780, 13925, 1652, 16286, 373, 931, 7395, 1423, 297, 322, 12949, 620, 20525, 263, 289, 929, 5948, 472, 14320, 29895, 25960, 366, 508, 1423, 297, 472, 1583, 2669, 8638, 448, 27401, 263, 3287, 310, 5462, 292, 29889, 18064, 19192, 1596, 7613, 25325, 5881, 5172, 19548, 5768, 716, 3814, 10694, 322, 2107, 26094, 450, 9687, 6766, 471, 451, 4802, 11910, 2159, 541, 471, 260, 21779, 7575, 10117, 26504, 4799, 29718, 9687, 1939, 27231, 5391, 6766, 373, 278, 350, 29895, 29968, 304, 25820, 2814, 541, 20947, 310, 4964, 13748, 29879, 448, 4094, 5342, 29375, 2992, 607, 2996, 4513, 1432, 22157, 470, 26606, 29889, 25820, 4799, 18117, 29901, 306, 1303, 15376, 310, 8178, 21804, 8638, 383, 338, 2030, 322, 451, 2107, 541, 360, 669, 382, 988, 1556, 6121, 1652, 16286, 5840, 515, 526, 5400, 6640, 26120, 4088, 323, 29954, 29875, 23706, 16700, 2992, 15376, 310, 3240, 737, 714, 11840, 26094, 1021, 408, 599, 4799, 18117, 29889, 306, 884, 1303, 967, 263, 4646, 29885, 12561, 304, 1301, 1301, 28498, 8638, 29879, 746, 297, 2869, 967, 451, 372, 338, 263, 1472, 6686, 1546, 963, 541, 694, 1108, 29889, 697, 6993, 1423, 697, 1209, 637, 1423, 29889, 306, 505, 304, 1827, 777, 13925, 1106, 1407, 27784, 541, 896, 526, 2869, 1407, 19780, 29889, 727, 338, 694, 1560, 17223, 297, 599, 8638, 29879, 4286, 599, 297, 599, 306, 723, 11340, 411, 963, 1449, 2729, 373, 20743, 322, 2669, 306, 4520, 29889]","[1, 14320, 29895, 25960, 515, 4517, 940, 493, 19261, 3025, 25820, 29889, 2860, 1303, 12849, 21804, 2714, 445, 1033, 367, 263, 4646, 29885, 12561, 746, 297, 3935, 2114, 278, 2669, 471, 1781, 29889, 5121, 19780, 13925, 1652, 16286, 373, 931, 7395, 1423, 297, 322, 12949, 620, 20525, 263, 289, 929, 5948, 472, 14320, 29895, 25960, 366, 508, 1423, 297, 472, 1583, 2669, 8638, 448, 27401, 263, 3287, 310, 5462, 292, 29889, 18064, 19192, 1596, 7613, 25325, 5881, 5172, 19548, 5768, 716, 3814, 10694, 322, 2107, 26094, 450, 9687, 6766, 471, 451, 4802, 11910, 2159, 541, 471, 260, 21779, 7575, 3918, 26504, 4799, 29718, 9687, 694, 27231, 5391, 6766, 373, 278, 350, 29968, 29968, 304, 25820, 2814, 541, 20947, 310, 4964, 13748, 29879, 448, 4094, 5342, 29375, 2992, 607, 2996, 4513, 1432, 22157, 470, 26606, 29889, 25820, 4799, 18117, 29901, 306, 1303, 15376, 310, 8178, 21804, 8638, 383, 338, 2030, 322, 451, 2107, 541, 360, 669, 382, 988, 1556, 6121, 1652, 16286, 5840, 515, 526, 5400, 6640, 26120, 4088, 323, 29954, 29875, 23706, 16700, 2992, 15376, 310, 3240, 737, 714, 11840, 26094, 1021, 408, 599, 4799, 18117, 29889, 306, 884, 1303, 967, 263, 4646, 29885, 12561, 304, 1301, 1301, 28498, 8638, 29879, 746, 297, 2869, 967, 451, 372, 338, 263, 1472, 6686, 1546, 963, 541, 694, 1108, 29889, 697, 6993, 1423, 697, 1209, 637, 1423, 29889, 306, 505, 304, 1827, 777, 13925, 1106, 1407, 27784, 541, 896, 526, 2869, 1407, 19780, 29889, 727, 338, 694, 1560, 17223, 297, 599, 8638, 29879, 4286, 599, 297, 599, 306, 723, 11340, 411, 963, 1449, 2729, 373, 20743, 322, 2669, 306, 4520, 29889]",3246164c455e8dcfd52638ac89c2c0f714e0d2926e624b7b082f0fd5445d31bd,0acc90193b1c24270d558031c87b5c8c307d88fa1065aacf2e90348d348339fa,3246164c455e8dcfd52638ac89c2c0f714e0d2926e624b7b082f0fd5445d31bd,0acc90193b1c24270d558031c87b5c8c307d88fa1065aacf2e90348d348339fa,3246164c455e8dcfd52638ac89c2c0f714e0d2926e624b7b082f0fd5445d31bd,0acc90193b1c24270d558031c87b5c8c307d88fa1065aacf2e90348d348339fa,True,True,0.014905375428497791,0.014244570396840572,-0.0006608050316572189,14,2,"[98, 99, 102, 104, 106, 107, 110, 111]","[99, 104, 111]",True,128,8192,False,True,0.17506393790245056,0.14657926559448242,-0.02848467230796814,0.5042077898979187,0.49704602360725403,-0.007161766290664673,0.007731040146609303,0.003896832604368683,-0.0038342075422406197,0.018854642861697357,0.015477098793780897,-0.0033775440679164603,0.0027945927982883792,0.0014638413196163518,-0.0013307514786720274,0.007163220191640513,0.005781894496509007,-0.0013813256951315063,22400,22400,0,0,3,0,3,positive,3,True
15,42,17,1,10,"[1, 14320, 29895, 25960, 515, 4517, 940, 493, 19261, 3025, 25820, 29889, 2860, 1303, 12849, 21804, 2714, 445, 1033, 367, 263, 4646, 29885, 12561, 746, 297, 3935, 2114, 278, 2669, 471, 1781, 29889, 5121, 19780, 13925, 1652, 16286, 373, 931, 7395, 1423, 297, 322, 12949, 620, 20525, 263, 289, 929, 5948, 472, 14320, 29895, 25960, 366, 508, 1423, 297, 472, 1583, 2669, 8638, 448, 27401, 263, 3287, 310, 5462, 292, 29889, 18064, 19192, 1596, 7613, 25325, 5881, 5172, 19548, 5768, 716, 3814, 10694, 322, 2107, 26094, 450, 9687, 6766, 471, 451, 4802, 11910, 2159, 541, 471, 260, 21779, 7575, 3918, 26504, 4799, 29718, 9687, 694, 27231, 5391, 6766, 373, 278, 350, 29968, 29968, 304, 25820, 2814, 541, 20947, 310, 4964, 13748, 29879, 448, 4094, 5342, 29375, 2992, 607, 2996, 4513, 1432, 22157, 470, 26606, 29889, 25820, 4799, 18117, 29901, 306, 1303, 15376, 310, 8178, 21804, 8638, 383, 338, 2030, 322, 451, 2107, 541, 360, 669, 382, 988, 1556, 6121, 1652, 16286, 5840, 515, 526, 5400, 6640, 26120, 4088, 323, 29954, 29875, 23706, 16700, 2992, 15376, 310, 3240, 737, 714, 11840, 26094, 1021, 408, 599, 4799, 18117, 29889, 306, 884, 1303, 967, 263, 4646, 29885, 12561, 304, 1301, 1301, 28498, 8638, 29879, 746, 297, 2869, 967, 451, 372, 338, 263, 1472, 6686, 1546, 963, 541, 694, 1108, 29889, 697, 6993, 1423, 697, 1209, 637, 1423, 29889, 306, 505, 304, 1827, 777, 13925, 1106, 1407, 27784, 541, 896, 526, 2869, 1407, 19780, 29889, 727, 338, 694, 1560, 17223, 297, 599, 8638, 29879, 4286, 599, 297, 599, 306, 723, 11340, 411, 963, 1449, 2729, 373, 20743, 322, 2669, 306, 4520, 29889]","[1, 14320, 29895, 25960, 515, 4517, 940, 493, 19261, 3025, 25820, 29889, 2860, 1303, 12849, 21804, 2714, 445, 1033, 367, 263, 4646, 29885, 12561, 746, 297, 3935, 2114, 278, 2669, 471, 1781, 29889, 5121, 19780, 13925, 1652, 16286, 373, 931, 7395, 1423, 297, 322, 12949, 620, 20525, 263, 289, 929, 5948, 472, 14320, 29895, 25960, 366, 508, 1423, 297, 472, 1583, 2669, 8638, 448, 27401, 263, 3287, 310, 5462, 292, 29889, 18064, 19192, 1596, 7613, 25325, 5881, 5172, 19548, 5768, 716, 3814, 10694, 322, 2107, 26094, 450, 9687, 6766, 471, 451, 4802, 11910, 2159, 541, 471, 260, 21779, 7575, 3918, 26504, 4799, 29718, 9687, 694, 27231, 5391, 6766, 373, 278, 350, 29968, 29968, 304, 25820, 2814, 541, 20947, 310, 4964, 13748, 29879, 448, 4094, 5342, 29375, 2992, 607, 2996, 4513, 1432, 22157, 470, 26606, 29889, 25820, 4799, 18117, 29901, 306, 1303, 15376, 310, 8178, 21804, 8638, 383, 338, 2030, 322, 451, 2107, 541, 360, 669, 382, 988, 1556, 6121, 1652, 16286, 5840, 515, 526, 5400, 6640, 26120, 4088, 323, 29954, 29902, 23706, 16700, 2992, 15376, 310, 3240, 737, 714, 11840, 26094, 1021, 408, 599, 4799, 18117, 29889, 306, 884, 1303, 967, 263, 4646, 29885, 12561, 304, 1301, 1301, 28498, 8638, 29879, 746, 297, 2869, 967, 451, 372, 338, 263, 1472, 6686, 1546, 963, 541, 694, 1108, 29889, 697, 6993, 1423, 697, 1209, 637, 1423, 29889, 306, 505, 304, 1827, 777, 13925, 1106, 1407, 27784, 541, 896, 526, 2869, 1407, 19780, 29889, 727, 338, 694, 1560, 17223, 297, 599, 8638, 29879, 4286, 599, 297, 599, 306, 723, 11340, 411, 963, 1449, 2729, 373, 20743, 322, 2669, 306, 4520, 29889]",0acc90193b1c24270d558031c87b5c8c307d88fa1065aacf2e90348d348339fa,c4498b0be5ace11100701c751876614f5b392e25669fe05568e17c1cb868e898,0acc90193b1c24270d558031c87b5c8c307d88fa1065aacf2e90348d348339fa,c4498b0be5ace11100701c751876614f5b392e25669fe05568e17c1cb868e898,0acc90193b1c24270d558031c87b5c8c307d88fa1065aacf2e90348d348339fa,c4498b0be5ace11100701c751876614f5b392e25669fe05568e17c1cb868e898,True,True,0.014244570396840572,0.013858499936759472,-0.00038607046008110046,13,6,"[160, 170, 172, 174]",[170],True,128,8192,False,True,0.21937233209609985,0.21778327226638794,-0.001589059829711914,0.5006535053253174,0.500683605670929,3.0100345611572266e-05,0.001495769596658647,0.0002912575291702524,-0.0012045120674883947,0.003338528025778942,0.002739072951953858,-0.0005994550738250837,0.001495769596658647,0.0002912575291702524,-0.0012045120674883947,0.003338528025778942,0.002739072951953858,-0.0005994550738250837,8192,8192,0,0,1,0,1,positive,1,True
15,42,17,1,12,"[1, 14320, 29895, 25960, 515, 4517, 940, 493, 19261, 3025, 25820, 29889, 2860, 1303, 12849, 21804, 2714, 445, 1033, 367, 263, 4646, 29885, 12561, 746, 297, 3935, 2114, 278, 2669, 471, 1781, 29889, 5121, 19780, 13925, 1652, 16286, 373, 931, 7395, 1423, 297, 322, 12949, 620, 20525, 263, 289, 929, 5948, 472, 14320, 29895, 25960, 366, 508, 1423, 297, 472, 1583, 2669, 8638, 448, 27401, 263, 3287, 310, 5462, 292, 29889, 18064, 19192, 1596, 7613, 25325, 5881, 5172, 19548, 5768, 716, 3814, 10694, 322, 2107, 26094, 450, 9687, 6766, 471, 451, 4802, 11910, 2159, 541, 471, 260, 21779, 7575, 3918, 26504, 4799, 29718, 9687, 694, 27231, 5391, 6766, 373, 278, 350, 29968, 29968, 304, 25820, 2814, 541, 20947, 310, 4964, 13748, 29879, 448, 4094, 5342, 29375, 2992, 607, 2996, 4513, 1432, 22157, 470, 26606, 29889, 25820, 4799, 18117, 29901, 306, 1303, 15376, 310, 8178, 21804, 8638, 383, 338, 2030, 322, 451, 2107, 541, 360, 669, 382, 988, 1556, 6121, 1652, 16286, 5840, 515, 526, 5400, 6640, 26120, 4088, 323, 29954, 29902, 23706, 16700, 2992, 15376, 310, 3240, 737, 714, 11840, 26094, 1021, 408, 599, 4799, 18117, 29889, 306, 884, 1303, 967, 263, 4646, 29885, 12561, 304, 1301, 1301, 28498, 8638, 29879, 746, 297, 2869, 967, 451, 372, 338, 263, 1472, 6686, 1546, 963, 541, 694, 1108, 29889, 697, 6993, 1423, 697, 1209, 637, 1423, 29889, 306, 505, 304, 1827, 777, 13925, 1106, 1407, 27784, 541, 896, 526, 2869, 1407, 19780, 29889, 727, 338, 694, 1560, 17223, 297, 599, 8638, 29879, 4286, 599, 297, 599, 306, 723, 11340, 411, 963, 1449, 2729, 373, 20743, 322, 2669, 306, 4520, 29889]","[1, 14320, 29895, 25960, 515, 4517, 940, 493, 19261, 3025, 25820, 29889, 2860, 1303, 12849, 21804, 2714, 445, 1033, 367, 263, 4646, 29885, 12561, 746, 297, 3935, 2114, 278, 2669, 471, 1781, 29889, 5121, 19780, 13925, 1652, 16286, 373, 931, 7395, 1423, 297, 322, 12949, 620, 20525, 263, 289, 929, 5948, 472, 14320, 29895, 25960, 366, 508, 1423, 297, 472, 1583, 2669, 8638, 448, 27401, 263, 3287, 310, 5462, 292, 29889, 18064, 19192, 1596, 7613, 25325, 5881, 5172, 19548, 5768, 716, 3814, 10694, 322, 2107, 26094, 450, 9687, 6766, 471, 451, 4802, 11910, 2159, 541, 471, 260, 21779, 7575, 3918, 26504, 4799, 29718, 9687, 694, 27231, 5391, 6766, 373, 278, 350, 29968, 29968, 304, 25820, 2814, 541, 20947, 310, 4964, 13748, 29879, 448, 4094, 5342, 29375, 2992, 607, 2996, 4513, 1432, 22157, 470, 26606, 29889, 25820, 4799, 18117, 29901, 306, 1303, 15376, 310, 8178, 21804, 8638, 383, 338, 2030, 322, 451, 2107, 541, 360, 669, 382, 988, 1556, 6121, 1652, 16286, 5840, 515, 526, 5400, 6640, 26120, 4088, 323, 29954, 29902, 23706, 16700, 2992, 15376, 310, 3240, 737, 714, 11840, 26094, 1021, 408, 599, 4799, 18117, 29889, 306, 884, 1303, 967, 263, 4646, 29754, 4336, 304, 1301, 1301, 1546, 8638, 29879, 746, 297, 2869, 967, 451, 372, 338, 263, 1472, 6686, 1546, 963, 541, 694, 1108, 29889, 697, 6993, 1423, 697, 1209, 637, 1423, 29889, 306, 505, 304, 1827, 777, 13925, 1106, 1407, 27784, 541, 896, 526, 2869, 1407, 19780, 29889, 727, 338, 694, 1560, 17223, 297, 599, 8638, 29879, 4286, 599, 297, 599, 306, 723, 11340, 411, 963, 1449, 2729, 373, 20743, 322, 2669, 306, 4520, 29889]",c4498b0be5ace11100701c751876614f5b392e25669fe05568e17c1cb868e898,e59fb8f47c74da7d63da55d0037a5091c95d78841a42b2ce08adb2750f632528,c4498b0be5ace11100701c751876614f5b392e25669fe05568e17c1cb868e898,e59fb8f47c74da7d63da55d0037a5091c95d78841a42b2ce08adb2750f632528,c4498b0be5ace11100701c751876614f5b392e25669fe05568e17c1cb868e898,e59fb8f47c74da7d63da55d0037a5091c95d78841a42b2ce08adb2750f632528,True,True,0.013858499936759472,0.012778794392943382,-0.0010797055438160896,12,5,"[193, 194, 197, 198, 203, 206]","[193, 194, 198]",True,128,8192,False,True,0.2130875289440155,0.11546838283538818,-0.09761914610862732,0.5015577673912048,0.49971824884414673,-0.0018395185470581055,0.01384350766602438,0.008055056998273358,-0.005788450667751022,0.01843866588023957,0.018740749495918863,0.00030208361567929387,0.004728336463011401,0.0033086568557767456,-0.001419679607234655,0.006141366755029047,0.006110461005660635,-3.0905749368411416e-05,23808,23808,0,0,1,1,0,neutral,3,True
15,42,17,1,13,"[1, 14320, 29895, 25960, 515, 4517, 940, 493, 19261, 3025, 25820, 29889, 2860, 1303, 12849, 21804, 2714, 445, 1033, 367, 263, 4646, 29885, 12561, 746, 297, 3935, 2114, 278, 2669, 471, 1781, 29889, 5121, 19780, 13925, 1652, 16286, 373, 931, 7395, 1423, 297, 322, 12949, 620, 20525, 263, 289, 929, 5948, 472, 14320, 29895, 25960, 366, 508, 1423, 297, 472, 1583, 2669, 8638, 448, 27401, 263, 3287, 310, 5462, 292, 29889, 18064, 19192, 1596, 7613, 25325, 5881, 5172, 19548, 5768, 716, 3814, 10694, 322, 2107, 26094, 450, 9687, 6766, 471, 451, 4802, 11910, 2159, 541, 471, 260, 21779, 7575, 3918, 26504, 4799, 29718, 9687, 694, 27231, 5391, 6766, 373, 278, 350, 29968, 29968, 304, 25820, 2814, 541, 20947, 310, 4964, 13748, 29879, 448, 4094, 5342, 29375, 2992, 607, 2996, 4513, 1432, 22157, 470, 26606, 29889, 25820, 4799, 18117, 29901, 306, 1303, 15376, 310, 8178, 21804, 8638, 383, 338, 2030, 322, 451, 2107, 541, 360, 669, 382, 988, 1556, 6121, 1652, 16286, 5840, 515, 526, 5400, 6640, 26120, 4088, 323, 29954, 29902, 23706, 16700, 2992, 15376, 310, 3240, 737, 714, 11840, 26094, 1021, 408, 599, 4799, 18117, 29889, 306, 884, 1303, 967, 263, 4646, 29754, 4336, 304, 1301, 1301, 1546, 8638, 29879, 746, 297, 2869, 967, 451, 372, 338, 263, 1472, 6686, 1546, 963, 541, 694, 1108, 29889, 697, 6993, 1423, 697, 1209, 637, 1423, 29889, 306, 505, 304, 1827, 777, 13925, 1106, 1407, 27784, 541, 896, 526, 2869, 1407, 19780, 29889, 727, 338, 694, 1560, 17223, 297, 599, 8638, 29879, 4286, 599, 297, 599, 306, 723, 11340, 411, 963, 1449, 2729, 373, 20743, 322, 2669, 306, 4520, 29889]","[1, 14320, 29895, 25960, 515, 4517, 940, 493, 19261, 3025, 25820, 29889, 2860, 1303, 12849, 21804, 2714, 445, 1033, 367, 263, 4646, 29885, 12561, 746, 297, 3935, 2114, 278, 2669, 471, 1781, 29889, 5121, 19780, 13925, 1652, 16286, 373, 931, 7395, 1423, 297, 322, 12949, 620, 20525, 263, 289, 929, 5948, 472, 14320, 29895, 25960, 366, 508, 1423, 297, 472, 1583, 2669, 8638, 448, 27401, 263, 3287, 310, 5462, 292, 29889, 18064, 19192, 1596, 7613, 25325, 5881, 5172, 19548, 5768, 716, 3814, 10694, 322, 2107, 26094, 450, 9687, 6766, 471, 451, 4802, 11910, 2159, 541, 471, 260, 21779, 7575, 3918, 26504, 4799, 29718, 9687, 694, 27231, 5391, 6766, 373, 278, 350, 29968, 29968, 304, 25820, 2814, 541, 20947, 310, 4964, 13748, 29879, 448, 4094, 5342, 29375, 2992, 607, 2996, 4513, 1432, 22157, 470, 26606, 29889, 25820, 4799, 18117, 29901, 306, 1303, 15376, 310, 8178, 21804, 8638, 383, 338, 2030, 322, 451, 2107, 541, 360, 669, 382, 988, 1556, 6121, 1652, 16286, 5840, 515, 526, 5400, 6640, 26120, 4088, 323, 29954, 29902, 23706, 16700, 2992, 15376, 310, 3240, 737, 714, 11840, 26094, 1021, 408, 599, 4799, 18117, 29889, 306, 884, 1303, 967, 263, 4646, 29754, 4336, 304, 1301, 1301, 1546, 8638, 29879, 746, 297, 2869, 967, 451, 372, 338, 263, 1472, 6686, 1546, 963, 541, 694, 1108, 29889, 3118, 6993, 1423, 697, 1209, 637, 1423, 29889, 306, 505, 304, 1827, 777, 13925, 1106, 1407, 27784, 541, 896, 526, 2869, 1407, 19780, 29889, 727, 338, 694, 1560, 17223, 297, 599, 8638, 29879, 4286, 599, 297, 599, 306, 723, 11340, 411, 963, 1449, 2729, 373, 20743, 322, 2669, 306, 4520, 29889]",e59fb8f47c74da7d63da55d0037a5091c95d78841a42b2ce08adb2750f632528,13fce200c9b2e6ae9573a07908dc870042cd92ef69b04cb89e8497f84ea0c3bf,e59fb8f47c74da7d63da55d0037a5091c95d78841a42b2ce08adb2750f632528,13fce200c9b2e6ae9573a07908dc870042cd92ef69b04cb89e8497f84ea0c3bf,e59fb8f47c74da7d63da55d0037a5091c95d78841a42b2ce08adb2750f632528,13fce200c9b2e6ae9573a07908dc870042cd92ef69b04cb89e8497f84ea0c3bf,True,True,0.012778794392943382,0.012759609147906303,-1.9185245037078857e-05,3,1,"[208, 217, 220]",[217],True,128,6400,False,True,0.09704527258872986,0.09558024257421494,-0.001465030014514923,0.4664984941482544,0.46600013971328735,-0.000498354434967041,0.0014694434404373168,0.0008099486771970987,-0.000659494763240218,0.005454776445403695,0.005078366734087467,-0.00037640971131622843,0.0014694434404373168,0.0008099486771970987,-0.000659494763240218,0.005454776445403695,0.005078366734087467,-0.00037640971131622843,6400,6400,0,0,1,0,1,positive,1,True
15,42,17,1,15,"[1, 14320, 29895, 25960, 515, 4517, 940, 493, 19261, 3025, 25820, 29889, 2860, 1303, 12849, 21804, 2714, 445, 1033, 367, 263, 4646, 29885, 12561, 746, 297, 3935, 2114, 278, 2669, 471, 1781, 29889, 5121, 19780, 13925, 1652, 16286, 373, 931, 7395, 1423, 297, 322, 12949, 620, 20525, 263, 289, 929, 5948, 472, 14320, 29895, 25960, 366, 508, 1423, 297, 472, 1583, 2669, 8638, 448, 27401, 263, 3287, 310, 5462, 292, 29889, 18064, 19192, 1596, 7613, 25325, 5881, 5172, 19548, 5768, 716, 3814, 10694, 322, 2107, 26094, 450, 9687, 6766, 471, 451, 4802, 11910, 2159, 541, 471, 260, 21779, 7575, 3918, 26504, 4799, 29718, 9687, 694, 27231, 5391, 6766, 373, 278, 350, 29968, 29968, 304, 25820, 2814, 541, 20947, 310, 4964, 13748, 29879, 448, 4094, 5342, 29375, 2992, 607, 2996, 4513, 1432, 22157, 470, 26606, 29889, 25820, 4799, 18117, 29901, 306, 1303, 15376, 310, 8178, 21804, 8638, 383, 338, 2030, 322, 451, 2107, 541, 360, 669, 382, 988, 1556, 6121, 1652, 16286, 5840, 515, 526, 5400, 6640, 26120, 4088, 323, 29954, 29902, 23706, 16700, 2992, 15376, 310, 3240, 737, 714, 11840, 26094, 1021, 408, 599, 4799, 18117, 29889, 306, 884, 1303, 967, 263, 4646, 29754, 4336, 304, 1301, 1301, 1546, 8638, 29879, 746, 297, 2869, 967, 451, 372, 338, 263, 1472, 6686, 1546, 963, 541, 694, 1108, 29889, 3118, 6993, 1423, 697, 1209, 637, 1423, 29889, 306, 505, 304, 1827, 777, 13925, 1106, 1407, 27784, 541, 896, 526, 2869, 1407, 19780, 29889, 727, 338, 694, 1560, 17223, 297, 599, 8638, 29879, 4286, 599, 297, 599, 306, 723, 11340, 411, 963, 1449, 2729, 373, 20743, 322, 2669, 306, 4520, 29889]","[1, 14320, 29895, 25960, 515, 4517, 940, 493, 19261, 3025, 25820, 29889, 2860, 1303, 12849, 21804, 2714, 445, 1033, 367, 263, 4646, 29885, 12561, 746, 297, 3935, 2114, 278, 2669, 471, 1781, 29889, 5121, 19780, 13925, 1652, 16286, 373, 931, 7395, 1423, 297, 322, 12949, 620, 20525, 263, 289, 929, 5948, 472, 14320, 29895, 25960, 366, 508, 1423, 297, 472, 1583, 2669, 8638, 448, 27401, 263, 3287, 310, 5462, 292, 29889, 18064, 19192, 1596, 7613, 25325, 5881, 5172, 19548, 5768, 716, 3814, 10694, 322, 2107, 26094, 450, 9687, 6766, 471, 451, 4802, 11910, 2159, 541, 471, 260, 21779, 7575, 3918, 26504, 4799, 29718, 9687, 694, 27231, 5391, 6766, 373, 278, 350, 29968, 29968, 304, 25820, 2814, 541, 20947, 310, 4964, 13748, 29879, 448, 4094, 5342, 29375, 2992, 607, 2996, 4513, 1432, 22157, 470, 26606, 29889, 25820, 4799, 18117, 29901, 306, 1303, 15376, 310, 8178, 21804, 8638, 383, 338, 2030, 322, 451, 2107, 541, 360, 669, 382, 988, 1556, 6121, 1652, 16286, 5840, 515, 526, 5400, 6640, 26120, 4088, 323, 29954, 29902, 23706, 16700, 2992, 15376, 310, 3240, 737, 714, 11840, 26094, 1021, 408, 599, 4799, 18117, 29889, 306, 884, 1303, 967, 263, 4646, 29754, 4336, 304, 1301, 1301, 1546, 8638, 29879, 746, 297, 2869, 967, 451, 372, 338, 263, 1472, 6686, 1546, 963, 541, 694, 1108, 29889, 3118, 6993, 1423, 697, 1209, 637, 1423, 29889, 306, 505, 304, 1827, 777, 13925, 1106, 1407, 27784, 541, 896, 526, 2869, 1407, 19780, 29889, 727, 338, 694, 1560, 17223, 297, 599, 8638, 29879, 28753, 2178, 297, 599, 306, 723, 11340, 411, 963, 1449, 2729, 373, 20743, 322, 2669, 306, 4520, 29889]",13fce200c9b2e6ae9573a07908dc870042cd92ef69b04cb89e8497f84ea0c3bf,8383c3ab9a8a95d9be95f6bf9e937cb83de61200948c731c67671824b24b6e25,13fce200c9b2e6ae9573a07908dc870042cd92ef69b04cb89e8497f84ea0c3bf,8383c3ab9a8a95d9be95f6bf9e937cb83de61200948c731c67671824b24b6e25,13fce200c9b2e6ae9573a07908dc870042cd92ef69b04cb89e8497f84ea0c3bf,8383c3ab9a8a95d9be95f6bf9e937cb83de61200948c731c67671824b24b6e25,True,True,0.012759609147906303,0.012586578726768494,-0.00017303042113780975,4,2,"[243, 250, 251, 253]","[250, 251]",True,128,2176,False,True,0.0861675962805748,0.0746125876903534,-0.011555008590221405,0.479371577501297,0.475952684879303,-0.0034188926219940186,0.013836365330087788,0.009439462631502572,-0.004396902698585217,0.033312295947004765,0.027555249384878314,-0.005757046562126451,0.007317922995284651,0.005065995268523693,-0.0022519277267609578,0.015480292199010199,0.0126564962874082,-0.0028237959116019992,4224,4224,0,0,1,0,1,positive,2,True
15,42,17,2,3,"[1, 14320, 29895, 25960, 515, 4517, 940, 493, 19261, 3025, 25820, 29889, 2860, 1303, 12849, 21804, 2714, 445, 1033, 367, 263, 4646, 29885, 12561, 746, 297, 3935, 2114, 278, 2669, 471, 1781, 29889, 5121, 19780, 13925, 1652, 16286, 373, 931, 7395, 1423, 297, 322, 12949, 620, 20525, 263, 289, 929, 5948, 472, 14320, 29895, 25960, 366, 508, 1423, 297, 472, 1583, 2669, 8638, 448, 27401, 263, 3287, 310, 5462, 292, 29889, 18064, 19192, 1596, 7613, 25325, 5881, 5172, 19548, 5768, 716, 3814, 10694, 322, 2107, 26094, 450, 9687, 6766, 471, 451, 4802, 11910, 2159, 541, 471, 260, 21779, 7575, 3918, 26504, 4799, 29718, 9687, 694, 27231, 5391, 6766, 373, 278, 350, 29968, 29968, 304, 25820, 2814, 541, 20947, 310, 4964, 13748, 29879, 448, 4094, 5342, 29375, 2992, 607, 2996, 4513, 1432, 22157, 470, 26606, 29889, 25820, 4799, 18117, 29901, 306, 1303, 15376, 310, 8178, 21804, 8638, 383, 338, 2030, 322, 451, 2107, 541, 360, 669, 382, 988, 1556, 6121, 1652, 16286, 5840, 515, 526, 5400, 6640, 26120, 4088, 323, 29954, 29902, 23706, 16700, 2992, 15376, 310, 3240, 737, 714, 11840, 26094, 1021, 408, 599, 4799, 18117, 29889, 306, 884, 1303, 967, 263, 4646, 29754, 4336, 304, 1301, 1301, 1546, 8638, 29879, 746, 297, 2869, 967, 451, 372, 338, 263, 1472, 6686, 1546, 963, 541, 694, 1108, 29889, 3118, 6993, 1423, 697, 1209, 637, 1423, 29889, 306, 505, 304, 1827, 777, 13925, 1106, 1407, 27784, 541, 896, 526, 2869, 1407, 19780, 29889, 727, 338, 694, 1560, 17223, 297, 599, 8638, 29879, 28753, 2178, 297, 599, 306, 723, 11340, 411, 963, 1449, 2729, 373, 20743, 322, 2669, 306, 4520, 29889]","[1, 14320, 29895, 25960, 515, 4517, 940, 493, 19261, 3025, 25820, 29889, 2860, 1303, 12849, 21804, 2714, 445, 1033, 367, 263, 4646, 29885, 12561, 746, 297, 3935, 2114, 278, 2669, 471, 1781, 29889, 5121, 19780, 13925, 1652, 16286, 373, 931, 7395, 1423, 297, 322, 12949, 620, 20525, 263, 289, 929, 911, 472, 14320, 29895, 25960, 366, 508, 1423, 297, 472, 1583, 2669, 8638, 448, 27401, 263, 3287, 310, 5462, 292, 29889, 18064, 19192, 1596, 7613, 25325, 5881, 5172, 19548, 5768, 716, 3814, 10694, 322, 2107, 26094, 450, 9687, 6766, 471, 451, 4802, 11910, 2159, 541, 471, 260, 21779, 7575, 3918, 26504, 4799, 29718, 9687, 694, 27231, 5391, 6766, 373, 278, 350, 29968, 29968, 304, 25820, 2814, 541, 20947, 310, 4964, 13748, 29879, 448, 4094, 5342, 29375, 2992, 607, 2996, 4513, 1432, 22157, 470, 26606, 29889, 25820, 4799, 18117, 29901, 306, 1303, 15376, 310, 8178, 21804, 8638, 383, 338, 2030, 322, 451, 2107, 541, 360, 669, 382, 988, 1556, 6121, 1652, 16286, 5840, 515, 526, 5400, 6640, 26120, 4088, 323, 29954, 29902, 23706, 16700, 2992, 15376, 310, 3240, 737, 714, 11840, 26094, 1021, 408, 599, 4799, 18117, 29889, 306, 884, 1303, 967, 263, 4646, 29754, 4336, 304, 1301, 1301, 1546, 8638, 29879, 746, 297, 2869, 967, 451, 372, 338, 263, 1472, 6686, 1546, 963, 541, 694, 1108, 29889, 3118, 6993, 1423, 697, 1209, 637, 1423, 29889, 306, 505, 304, 1827, 777, 13925, 1106, 1407, 27784, 541, 896, 526, 2869, 1407, 19780, 29889, 727, 338, 694, 1560, 17223, 297, 599, 8638, 29879, 28753, 2178, 297, 599, 306, 723, 11340, 411, 963, 1449, 2729, 373, 20743, 322, 2669, 306, 4520, 29889]",8383c3ab9a8a95d9be95f6bf9e937cb83de61200948c731c67671824b24b6e25,7007439d66d3fe424850b35da3f6e17f5d4511a81c6714e69948759fc22955dc,8383c3ab9a8a95d9be95f6bf9e937cb83de61200948c731c67671824b24b6e25,7007439d66d3fe424850b35da3f6e17f5d4511a81c6714e69948759fc22955dc,8383c3ab9a8a95d9be95f6bf9e937cb83de61200948c731c67671824b24b6e25,7007439d66d3fe424850b35da3f6e17f5d4511a81c6714e69948759fc22955dc,True,True,0.012586578726768494,0.011895610950887203,-0.0006909677758812904,3,1,"[50, 54]",[50],True,128,8192,False,True,0.1305578649044037,0.10495718568563461,-0.025600679218769073,0.46270105242729187,0.4630315899848938,0.0003305375576019287,0.0037784522864967585,0.0013778965731034987,-0.00240055571339326,0.008061292450292967,0.006772405300580431,-0.0012888871497125365,0.0037784522864967585,0.0013778965731034987,-0.00240055571339326,0.008061292450292967,0.006772405300580431,-0.0012888871497125365,8192,8192,0,0,1,0,1,positive,1,True
15,42,17,2,7,"[1, 14320, 29895, 25960, 515, 4517, 940, 493, 19261, 3025, 25820, 29889, 2860, 1303, 12849, 21804, 2714, 445, 1033, 367, 263, 4646, 29885, 12561, 746, 297, 3935, 2114, 278, 2669, 471, 1781, 29889, 5121, 19780, 13925, 1652, 16286, 373, 931, 7395, 1423, 297, 322, 12949, 620, 20525, 263, 289, 929, 911, 472, 14320, 29895, 25960, 366, 508, 1423, 297, 472, 1583, 2669, 8638, 448, 27401, 263, 3287, 310, 5462, 292, 29889, 18064, 19192, 1596, 7613, 25325, 5881, 5172, 19548, 5768, 716, 3814, 10694, 322, 2107, 26094, 450, 9687, 6766, 471, 451, 4802, 11910, 2159, 541, 471, 260, 21779, 7575, 3918, 26504, 4799, 29718, 9687, 694, 27231, 5391, 6766, 373, 278, 350, 29968, 29968, 304, 25820, 2814, 541, 20947, 310, 4964, 13748, 29879, 448, 4094, 5342, 29375, 2992, 607, 2996, 4513, 1432, 22157, 470, 26606, 29889, 25820, 4799, 18117, 29901, 306, 1303, 15376, 310, 8178, 21804, 8638, 383, 338, 2030, 322, 451, 2107, 541, 360, 669, 382, 988, 1556, 6121, 1652, 16286, 5840, 515, 526, 5400, 6640, 26120, 4088, 323, 29954, 29902, 23706, 16700, 2992, 15376, 310, 3240, 737, 714, 11840, 26094, 1021, 408, 599, 4799, 18117, 29889, 306, 884, 1303, 967, 263, 4646, 29754, 4336, 304, 1301, 1301, 1546, 8638, 29879, 746, 297, 2869, 967, 451, 372, 338, 263, 1472, 6686, 1546, 963, 541, 694, 1108, 29889, 3118, 6993, 1423, 697, 1209, 637, 1423, 29889, 306, 505, 304, 1827, 777, 13925, 1106, 1407, 27784, 541, 896, 526, 2869, 1407, 19780, 29889, 727, 338, 694, 1560, 17223, 297, 599, 8638, 29879, 28753, 2178, 297, 599, 306, 723, 11340, 411, 963, 1449, 2729, 373, 20743, 322, 2669, 306, 4520, 29889]","[1, 14320, 29895, 25960, 515, 4517, 940, 493, 19261, 3025, 25820, 29889, 2860, 1303, 12849, 21804, 2714, 445, 1033, 367, 263, 4646, 29885, 12561, 746, 297, 3935, 2114, 278, 2669, 471, 1781, 29889, 5121, 19780, 13925, 1652, 16286, 373, 931, 7395, 1423, 297, 322, 12949, 620, 20525, 263, 289, 929, 911, 472, 14320, 29895, 25960, 366, 508, 1423, 297, 472, 1583, 2669, 8638, 448, 27401, 263, 3287, 310, 5462, 292, 29889, 18064, 19192, 1596, 7613, 25325, 5881, 5172, 19548, 5768, 716, 3814, 10694, 322, 2107, 26094, 450, 9687, 6766, 471, 451, 4802, 11910, 2159, 541, 471, 260, 21779, 7575, 3918, 26504, 4799, 29718, 9687, 694, 27231, 5391, 6766, 373, 278, 350, 29968, 29968, 304, 25820, 2814, 541, 20947, 310, 4964, 13748, 29879, 448, 4094, 5342, 29892, 2992, 607, 2996, 4513, 1432, 22157, 470, 26606, 29889, 25820, 4799, 18117, 29901, 306, 1303, 15376, 310, 8178, 21804, 8638, 383, 338, 2030, 322, 451, 2107, 541, 360, 669, 382, 988, 1556, 6121, 1652, 16286, 5840, 515, 526, 5400, 6640, 26120, 4088, 323, 29954, 29902, 23706, 16700, 2992, 15376, 310, 3240, 737, 714, 11840, 26094, 1021, 408, 599, 4799, 18117, 29889, 306, 884, 1303, 967, 263, 4646, 29754, 4336, 304, 1301, 1301, 1546, 8638, 29879, 746, 297, 2869, 967, 451, 372, 338, 263, 1472, 6686, 1546, 963, 541, 694, 1108, 29889, 3118, 6993, 1423, 697, 1209, 637, 1423, 29889, 306, 505, 304, 1827, 777, 13925, 1106, 1407, 27784, 541, 896, 526, 2869, 1407, 19780, 29889, 727, 338, 694, 1560, 17223, 297, 599, 8638, 29879, 28753, 2178, 297, 599, 306, 723, 11340, 411, 963, 1449, 2729, 373, 20743, 322, 2669, 306, 4520, 29889]",7007439d66d3fe424850b35da3f6e17f5d4511a81c6714e69948759fc22955dc,e9ca8035e01f50a1129106ac8f604b7959ddbe815d02ebed79187480ed0a1a48,7007439d66d3fe424850b35da3f6e17f5d4511a81c6714e69948759fc22955dc,e9ca8035e01f50a1129106ac8f604b7959ddbe815d02ebed79187480ed0a1a48,7007439d66d3fe424850b35da3f6e17f5d4511a81c6714e69948759fc22955dc,e9ca8035e01f50a1129106ac8f604b7959ddbe815d02ebed79187480ed0a1a48,True,True,0.011895610950887203,0.011808783747255802,-8.682720363140106e-05,5,1,"[124, 125]",[125],True,128,8192,False,True,0.14306265115737915,0.14349409937858582,0.00043144822120666504,0.4890683889389038,0.49179863929748535,0.002730250358581543,0.0019161353338859044,0.0020324405777500942,0.00011630524386418983,0.003985833136539441,0.00403238832950592,4.655519296647981e-05,0.0019161353338859044,0.0020324405777500942,0.00011630524386418983,0.003985833136539441,0.00403238832950592,4.655519296647981e-05,8192,8192,0,0,0,0,0,neutral,1,True
15,42,17,2,12,"[1, 14320, 29895, 25960, 515, 4517, 940, 493, 19261, 3025, 25820, 29889, 2860, 1303, 12849, 21804, 2714, 445, 1033, 367, 263, 4646, 29885, 12561, 746, 297, 3935, 2114, 278, 2669, 471, 1781, 29889, 5121, 19780, 13925, 1652, 16286, 373, 931, 7395, 1423, 297, 322, 12949, 620, 20525, 263, 289, 929, 911, 472, 14320, 29895, 25960, 366, 508, 1423, 297, 472, 1583, 2669, 8638, 448, 27401, 263, 3287, 310, 5462, 292, 29889, 18064, 19192, 1596, 7613, 25325, 5881, 5172, 19548, 5768, 716, 3814, 10694, 322, 2107, 26094, 450, 9687, 6766, 471, 451, 4802, 11910, 2159, 541, 471, 260, 21779, 7575, 3918, 26504, 4799, 29718, 9687, 694, 27231, 5391, 6766, 373, 278, 350, 29968, 29968, 304, 25820, 2814, 541, 20947, 310, 4964, 13748, 29879, 448, 4094, 5342, 29892, 2992, 607, 2996, 4513, 1432, 22157, 470, 26606, 29889, 25820, 4799, 18117, 29901, 306, 1303, 15376, 310, 8178, 21804, 8638, 383, 338, 2030, 322, 451, 2107, 541, 360, 669, 382, 988, 1556, 6121, 1652, 16286, 5840, 515, 526, 5400, 6640, 26120, 4088, 323, 29954, 29902, 23706, 16700, 2992, 15376, 310, 3240, 737, 714, 11840, 26094, 1021, 408, 599, 4799, 18117, 29889, 306, 884, 1303, 967, 263, 4646, 29754, 4336, 304, 1301, 1301, 1546, 8638, 29879, 746, 297, 2869, 967, 451, 372, 338, 263, 1472, 6686, 1546, 963, 541, 694, 1108, 29889, 3118, 6993, 1423, 697, 1209, 637, 1423, 29889, 306, 505, 304, 1827, 777, 13925, 1106, 1407, 27784, 541, 896, 526, 2869, 1407, 19780, 29889, 727, 338, 694, 1560, 17223, 297, 599, 8638, 29879, 28753, 2178, 297, 599, 306, 723, 11340, 411, 963, 1449, 2729, 373, 20743, 322, 2669, 306, 4520, 29889]","[1, 14320, 29895, 25960, 515, 4517, 940, 493, 19261, 3025, 25820, 29889, 2860, 1303, 12849, 21804, 2714, 445, 1033, 367, 263, 4646, 29885, 12561, 746, 297, 3935, 2114, 278, 2669, 471, 1781, 29889, 5121, 19780, 13925, 1652, 16286, 373, 931, 7395, 1423, 297, 322, 12949, 620, 20525, 263, 289, 929, 911, 472, 14320, 29895, 25960, 366, 508, 1423, 297, 472, 1583, 2669, 8638, 448, 27401, 263, 3287, 310, 5462, 292, 29889, 18064, 19192, 1596, 7613, 25325, 5881, 5172, 19548, 5768, 716, 3814, 10694, 322, 2107, 26094, 450, 9687, 6766, 471, 451, 4802, 11910, 2159, 541, 471, 260, 21779, 7575, 3918, 26504, 4799, 29718, 9687, 694, 27231, 5391, 6766, 373, 278, 350, 29968, 29968, 304, 25820, 2814, 541, 20947, 310, 4964, 13748, 29879, 448, 4094, 5342, 29892, 2992, 607, 2996, 4513, 1432, 22157, 470, 26606, 29889, 25820, 4799, 18117, 29901, 306, 1303, 15376, 310, 8178, 21804, 8638, 383, 338, 2030, 322, 451, 2107, 541, 360, 669, 382, 988, 1556, 6121, 1652, 16286, 5840, 515, 526, 5400, 6640, 26120, 4088, 323, 29954, 29902, 23706, 16700, 2992, 15376, 310, 3240, 737, 714, 11840, 26094, 1021, 408, 599, 4799, 18117, 29889, 306, 884, 1303, 967, 263, 4646, 29754, 20707, 304, 1301, 12469, 1546, 8638, 29879, 746, 297, 2114, 967, 451, 372, 338, 263, 1472, 6686, 1546, 963, 541, 694, 1108, 29889, 3118, 6993, 1423, 697, 1209, 637, 1423, 29889, 306, 505, 304, 1827, 777, 13925, 1106, 1407, 27784, 541, 896, 526, 2869, 1407, 19780, 29889, 727, 338, 694, 1560, 17223, 297, 599, 8638, 29879, 28753, 2178, 297, 599, 306, 723, 11340, 411, 963, 1449, 2729, 373, 20743, 322, 2669, 306, 4520, 29889]",e9ca8035e01f50a1129106ac8f604b7959ddbe815d02ebed79187480ed0a1a48,4b57fb5debf17ee1d32a8b013fd8822109c0f2ab7045df308d4f995da4fd1b2b,e9ca8035e01f50a1129106ac8f604b7959ddbe815d02ebed79187480ed0a1a48,4b57fb5debf17ee1d32a8b013fd8822109c0f2ab7045df308d4f995da4fd1b2b,e9ca8035e01f50a1129106ac8f604b7959ddbe815d02ebed79187480ed0a1a48,4b57fb5debf17ee1d32a8b013fd8822109c0f2ab7045df308d4f995da4fd1b2b,True,True,0.011808783747255802,0.01161210983991623,-0.0001966739073395729,10,1,"[193, 194, 197, 198, 203, 206]","[194, 197, 203]",True,128,8192,False,True,0.1688278317451477,0.09308411180973053,-0.07574371993541718,0.49252915382385254,0.48776859045028687,-0.004760563373565674,0.010761016914329957,0.009818482853006572,-0.0009425340613233857,0.012113442346162628,0.018879059643950313,0.006765617297787685,0.0038710201624780893,0.004033554433327582,0.00016253427084949278,0.004158814911109706,0.006466690924329063,0.0023078760132193565,23040,23040,0,0,1,0,1,positive,3,True
16,42,17,1,1,"[1, 306, 9115, 22764, 373, 5533, 29871, 29945, 29879, 769, 373, 304, 1619, 8077, 3267, 29889, 306, 769, 9115, 27440, 304, 9193, 9193, 322, 769, 304, 17457, 29889, 373, 278, 29871, 29896, 29953, 25963, 515, 9172, 12050, 359, 304, 9193, 25549, 322, 1250, 304, 1619, 8077, 359, 322, 769, 373, 29871, 29906, 29906, 25963, 1619, 8077, 3267, 448, 9193, 31591, 448, 304, 306, 21375, 18754, 6760, 18562, 322, 769, 515, 6760, 20418, 1250, 304, 9193, 10722, 29889, 306, 1818, 1827, 306, 505, 750, 777, 15129, 1652, 16286, 411, 319, 26103, 11907, 29889, 599, 1652, 16286, 373, 931, 322, 385, 15129, 592, 17803, 515, 4517, 304, 9193, 25549, 322, 445, 1641, 12884, 26504, 29889, 373, 278, 7463, 1652, 16286, 366, 892, 12520, 263, 4964, 13748, 322, 5807, 547, 29889, 11680, 28830, 907, 17616, 892, 14154, 10257, 322, 306, 1106, 8644, 304, 2446, 5533, 29889]","[1, 306, 9115, 22764, 373, 5533, 29871, 29945, 29879, 769, 373, 304, 1619, 8077, 3267, 29889, 306, 769, 9115, 22764, 304, 9193, 25338, 322, 769, 304, 17457, 29889, 373, 278, 29871, 29896, 29953, 25963, 515, 9172, 12050, 359, 304, 9193, 25549, 322, 1250, 304, 1619, 8077, 359, 322, 769, 373, 29871, 29906, 29906, 25963, 1619, 8077, 3267, 448, 9193, 31591, 448, 304, 306, 21375, 18754, 6760, 18562, 322, 769, 515, 6760, 20418, 1250, 304, 9193, 10722, 29889, 306, 1818, 1827, 306, 505, 750, 777, 15129, 1652, 16286, 411, 319, 26103, 11907, 29889, 599, 1652, 16286, 373, 931, 322, 385, 15129, 592, 17803, 515, 4517, 304, 9193, 25549, 322, 445, 1641, 12884, 26504, 29889, 373, 278, 7463, 1652, 16286, 366, 892, 12520, 263, 4964, 13748, 322, 5807, 547, 29889, 11680, 28830, 907, 17616, 892, 14154, 10257, 322, 306, 1106, 8644, 304, 2446, 5533, 29889]",8f7bd875095725ff2d6e9c6fc8ff6c1f8d315b822047e69205e18b37bbc0c7d0,bfa515a6864daaecf3906db6f321dcd735e566aea09c1193949244ca040d9641,8f7bd875095725ff2d6e9c6fc8ff6c1f8d315b822047e69205e18b37bbc0c7d0,bfa515a6864daaecf3906db6f321dcd735e566aea09c1193949244ca040d9641,8f7bd875095725ff2d6e9c6fc8ff6c1f8d315b822047e69205e18b37bbc0c7d0,bfa515a6864daaecf3906db6f321dcd735e566aea09c1193949244ca040d9641,True,True,0.023403070867061615,0.022074252367019653,-0.0013288185000419617,12,7,"[19, 22]","[19, 22]",True,128,8192,False,True,0.1933290660381317,0.1825338900089264,-0.010795176029205322,0.44143062829971313,0.44519710540771484,0.003766477108001709,0.014193268681992777,0.014950419870729093,0.0007571511887363158,0.02228762458980782,0.023316703547607176,0.0010290789577993564,0.008045888990163803,0.007612624060362577,-0.00043326492980122564,0.012103656519204378,0.012666034825146198,0.0005623783059418193,16000,16000,0,0,0,0,0,neutral,2,True
16,42,17,1,3,"[1, 306, 9115, 22764, 373, 5533, 29871, 29945, 29879, 769, 373, 304, 1619, 8077, 3267, 29889, 306, 769, 9115, 22764, 304, 9193, 25338, 322, 769, 304, 17457, 29889, 373, 278, 29871, 29896, 29953, 25963, 515, 9172, 12050, 359, 304, 9193, 25549, 322, 1250, 304, 1619, 8077, 359, 322, 769, 373, 29871, 29906, 29906, 25963, 1619, 8077, 3267, 448, 9193, 31591, 448, 304, 306, 21375, 18754, 6760, 18562, 322, 769, 515, 6760, 20418, 1250, 304, 9193, 10722, 29889, 306, 1818, 1827, 306, 505, 750, 777, 15129, 1652, 16286, 411, 319, 26103, 11907, 29889, 599, 1652, 16286, 373, 931, 322, 385, 15129, 592, 17803, 515, 4517, 304, 9193, 25549, 322, 445, 1641, 12884, 26504, 29889, 373, 278, 7463, 1652, 16286, 366, 892, 12520, 263, 4964, 13748, 322, 5807, 547, 29889, 11680, 28830, 907, 17616, 892, 14154, 10257, 322, 306, 1106, 8644, 304, 2446, 5533, 29889]","[1, 306, 9115, 22764, 373, 5533, 29871, 29945, 29879, 769, 373, 304, 1619, 8077, 3267, 29889, 306, 769, 9115, 22764, 304, 9193, 25338, 322, 769, 304, 17457, 29889, 373, 278, 29871, 29896, 29953, 25963, 515, 9172, 12050, 359, 304, 9193, 25549, 322, 1250, 304, 1619, 8077, 359, 322, 769, 373, 29871, 29906, 29906, 25963, 1619, 8077, 359, 448, 9193, 31591, 448, 304, 306, 21375, 18754, 6760, 18562, 322, 769, 515, 6760, 20418, 1250, 304, 9193, 10722, 29889, 306, 1818, 1827, 306, 505, 750, 777, 15129, 1652, 16286, 411, 319, 26103, 11907, 29889, 599, 1652, 16286, 373, 931, 322, 385, 15129, 592, 17803, 515, 4517, 304, 9193, 25549, 322, 445, 1641, 12884, 26504, 29889, 373, 278, 7463, 1652, 16286, 366, 892, 12520, 263, 4964, 13748, 322, 5807, 547, 29889, 11680, 28830, 907, 17616, 892, 14154, 10257, 322, 306, 1106, 8644, 304, 2446, 5533, 29889]",bfa515a6864daaecf3906db6f321dcd735e566aea09c1193949244ca040d9641,f59f03ecdaa8f0980b1cb3d0c7c1882d752fd6d158e37815dceb24e39ca4983e,bfa515a6864daaecf3906db6f321dcd735e566aea09c1193949244ca040d9641,f59f03ecdaa8f0980b1cb3d0c7c1882d752fd6d158e37815dceb24e39ca4983e,bfa515a6864daaecf3906db6f321dcd735e566aea09c1193949244ca040d9641,f59f03ecdaa8f0980b1cb3d0c7c1882d752fd6d158e37815dceb24e39ca4983e,True,True,0.022074252367019653,0.021795226261019707,-0.0002790261059999466,11,1,"[55, 56]",[56],True,128,8192,False,True,0.19727110862731934,0.1969664990901947,-0.0003046095371246338,0.45863842964172363,0.4610353112220764,0.002396881580352783,0.0024574833587394096,0.0012835269590141252,-0.0011739563997252844,0.006011178811604623,0.005032121756812558,-0.0009790570547920652,0.0024574833587394096,0.0012835269590141252,-0.0011739563997252844,0.006011178811604623,0.005032121756812558,-0.0009790570547920652,8192,8192,0,0,1,0,1,positive,1,True
16,42,17,1,8,"[1, 306, 9115, 22764, 373, 5533, 29871, 29945, 29879, 769, 373, 304, 1619, 8077, 3267, 29889, 306, 769, 9115, 22764, 304, 9193, 25338, 322, 769, 304, 17457, 29889, 373, 278, 29871, 29896, 29953, 25963, 515, 9172, 12050, 359, 304, 9193, 25549, 322, 1250, 304, 1619, 8077, 359, 322, 769, 373, 29871, 29906, 29906, 25963, 1619, 8077, 359, 448, 9193, 31591, 448, 304, 306, 21375, 18754, 6760, 18562, 322, 769, 515, 6760, 20418, 1250, 304, 9193, 10722, 29889, 306, 1818, 1827, 306, 505, 750, 777, 15129, 1652, 16286, 411, 319, 26103, 11907, 29889, 599, 1652, 16286, 373, 931, 322, 385, 15129, 592, 17803, 515, 4517, 304, 9193, 25549, 322, 445, 1641, 12884, 26504, 29889, 373, 278, 7463, 1652, 16286, 366, 892, 12520, 263, 4964, 13748, 322, 5807, 547, 29889, 11680, 28830, 907, 17616, 892, 14154, 10257, 322, 306, 1106, 8644, 304, 2446, 5533, 29889]","[1, 306, 9115, 22764, 373, 5533, 29871, 29945, 29879, 769, 373, 304, 1619, 8077, 3267, 29889, 306, 769, 9115, 22764, 304, 9193, 25338, 322, 769, 304, 17457, 29889, 373, 278, 29871, 29896, 29953, 25963, 515, 9172, 12050, 359, 304, 9193, 25549, 322, 1250, 304, 1619, 8077, 359, 322, 769, 373, 29871, 29906, 29906, 25963, 1619, 8077, 359, 448, 9193, 31591, 448, 304, 306, 21375, 18754, 6760, 18562, 322, 769, 515, 6760, 20418, 1250, 304, 9193, 10722, 29889, 306, 1818, 1827, 306, 505, 750, 777, 15129, 1652, 16286, 411, 319, 26103, 11907, 29889, 599, 1652, 16286, 373, 931, 322, 385, 15129, 592, 17803, 515, 4517, 304, 9193, 25549, 322, 445, 1641, 12884, 26504, 29889, 373, 278, 7463, 1652, 16286, 366, 892, 12520, 263, 4964, 13748, 322, 5807, 547, 29889, 11680, 28830, 907, 17616, 892, 14154, 10257, 322, 306, 1106, 6375, 304, 2446, 5533, 29889]",f59f03ecdaa8f0980b1cb3d0c7c1882d752fd6d158e37815dceb24e39ca4983e,625035210ab2c6c1df7f1b31cf88ea9038c33395343f994b200331ac2e568712,f59f03ecdaa8f0980b1cb3d0c7c1882d752fd6d158e37815dceb24e39ca4983e,625035210ab2c6c1df7f1b31cf88ea9038c33395343f994b200331ac2e568712,f59f03ecdaa8f0980b1cb3d0c7c1882d752fd6d158e37815dceb24e39ca4983e,625035210ab2c6c1df7f1b31cf88ea9038c33395343f994b200331ac2e568712,True,True,0.021795226261019707,0.02013956382870674,-0.0016556624323129654,7,3,"[129, 131, 132, 138]",[138],True,77,512,False,True,0.1454608142375946,0.05497868359088898,-0.09048213064670563,0.47812318801879883,0.47399812936782837,-0.004125058650970459,0.028632453526370227,0.004759617731906474,-0.023872835794463754,0.029061360866762698,0.021186562371440232,-0.007874798495322466,0.028632453526370227,0.004759617731906474,-0.023872835794463754,0.029061360866762698,0.021186562371440232,-0.007874798495322466,512,512,0,0,1,0,1,positive,1,True
16,42,17,2,4,"[1, 306, 9115, 22764, 373, 5533, 29871, 29945, 29879, 769, 373, 304, 1619, 8077, 3267, 29889, 306, 769, 9115, 22764, 304, 9193, 25338, 322, 769, 304, 17457, 29889, 373, 278, 29871, 29896, 29953, 25963, 515, 9172, 12050, 359, 304, 9193, 25549, 322, 1250, 304, 1619, 8077, 359, 322, 769, 373, 29871, 29906, 29906, 25963, 1619, 8077, 359, 448, 9193, 31591, 448, 304, 306, 21375, 18754, 6760, 18562, 322, 769, 515, 6760, 20418, 1250, 304, 9193, 10722, 29889, 306, 1818, 1827, 306, 505, 750, 777, 15129, 1652, 16286, 411, 319, 26103, 11907, 29889, 599, 1652, 16286, 373, 931, 322, 385, 15129, 592, 17803, 515, 4517, 304, 9193, 25549, 322, 445, 1641, 12884, 26504, 29889, 373, 278, 7463, 1652, 16286, 366, 892, 12520, 263, 4964, 13748, 322, 5807, 547, 29889, 11680, 28830, 907, 17616, 892, 14154, 10257, 322, 306, 1106, 6375, 304, 2446, 5533, 29889]","[1, 306, 9115, 22764, 373, 5533, 29871, 29945, 29879, 769, 373, 304, 1619, 8077, 3267, 29889, 306, 769, 9115, 22764, 304, 9193, 25338, 322, 769, 304, 17457, 29889, 373, 278, 29871, 29896, 29953, 25963, 515, 9172, 12050, 359, 304, 9193, 25549, 322, 1250, 304, 1619, 8077, 359, 322, 769, 373, 29871, 29906, 29906, 25963, 1619, 8077, 359, 448, 9193, 31591, 448, 304, 306, 21375, 401, 6760, 26459, 322, 769, 515, 6760, 17032, 1250, 304, 9193, 25151, 29889, 306, 1818, 1827, 306, 505, 750, 777, 15129, 1652, 16286, 411, 319, 26103, 11907, 29889, 599, 1652, 16286, 373, 931, 322, 385, 15129, 592, 17803, 515, 4517, 304, 9193, 25549, 322, 445, 1641, 12884, 26504, 29889, 373, 278, 7463, 1652, 16286, 366, 892, 12520, 263, 4964, 13748, 322, 5807, 547, 29889, 11680, 28830, 907, 17616, 892, 14154, 10257, 322, 306, 1106, 6375, 304, 2446, 5533, 29889]",625035210ab2c6c1df7f1b31cf88ea9038c33395343f994b200331ac2e568712,a23cabb55b2bb2318b1464e66f735c35a55776c612a5c38346781700ca5f9298,625035210ab2c6c1df7f1b31cf88ea9038c33395343f994b200331ac2e568712,a23cabb55b2bb2318b1464e66f735c35a55776c612a5c38346781700ca5f9298,625035210ab2c6c1df7f1b31cf88ea9038c33395343f994b200331ac2e568712,a23cabb55b2bb2318b1464e66f735c35a55776c612a5c38346781700ca5f9298,True,True,0.02013956382870674,0.020072506740689278,-6.705708801746368e-05,14,2,"[64, 66, 71, 75]","[64, 66, 71, 75]",True,128,8192,False,True,0.16796419024467468,0.1697009801864624,0.0017367899417877197,0.4772830605506897,0.47809284925460815,0.000809788703918457,0.01001676611485891,0.014210041488695424,0.004193275373836514,0.022090841790486593,0.02478530109510757,0.0026944593046209775,0.003003661777287469,0.0041315887632416715,0.0011279269859542024,0.005912384383333058,0.006900969936149352,0.0009885855528162946,30208,30208,0,0,0,0,0,neutral,4,True
17,42,17,1,2,"[1, 306, 9115, 28738, 341, 10534, 29899, 29923, 1362, 29899, 5493, 601, 21595, 17487, 373, 18682, 26496, 294, 9385, 16997, 313, 29909, 18682, 29909, 29897, 5846, 29871, 29906, 29946, 29871, 29906, 29900, 29896, 29941, 7863, 2610, 10834, 29955, 29871, 29915, 29900, 29896, 26057, 29889, 306, 15649, 278, 23381, 7395, 541, 1009, 4700, 338, 451, 731, 701, 304, 14372, 366, 304, 1831, 596, 12949, 29889, 1105, 306, 5432, 1009, 29871, 29947, 29900, 29900, 1353, 297, 278, 3148, 29889, 306, 5432, 363, 29871, 29941, 24728, 3196, 931, 1269, 29078, 1434, 24039, 7699, 278, 9008, 29889, 910, 10823, 29915, 8680, 4223, 471, 577, 4319, 372, 4893, 29871, 29906, 29900, 6233, 304, 1831, 590, 22091, 29889, 382, 1060, 4799, 18117, 1423, 29899, 23838, 472, 17882, 13798, 338, 10329, 10329, 22993, 373, 319, 1489, 29909, 599, 28134, 363, 278, 341, 8598, 16286, 8389, 297, 263, 2323, 1196, 304, 367, 1423, 29899, 262, 363, 871, 393, 16286, 29889, 450, 1021, 363, 916, 1652, 16286, 29889, 1334, 1476, 445, 714, 491, 6721, 916, 28134, 1724, 304, 437, 408, 727, 892, 694, 319, 18682, 319, 22873, 470, 7475, 7475, 1045, 7613, 2198, 29889, 727, 892, 1472, 1472, 1196, 310, 28134, 5807, 28489, 1549, 278, 8638, 29889, 1423, 29899, 262, 471, 577, 5232, 591, 892, 5932, 591, 723, 3052, 1749, 16286, 1584, 5998, 591, 11977, 29871, 29906, 6199, 4688, 29889, 739, 3282, 29915, 451, 4383, 2466, 1363, 1749, 16286, 471, 29801, 29871, 2211, 6199, 373, 263, 10901, 11195, 29899, 2821, 7250, 29889, 1932, 591, 11977, 472, 341, 5493, 29871, 29941, 6199, 5683, 278, 319, 1489, 29909, 12417, 19518, 750, 7695, 3271, 322, 727, 338, 694, 4856, 304, 1371, 591, 411, 337, 3143, 3143, 1749, 12368, 304, 10059, 29889, 450, 3814, 15780, 1716, 982, 892, 1065, 29899, 1623, 322, 2030, 373, 278, 2768, 29889, 373, 278, 982, 1623, 263, 7747, 27696, 9451, 364, 1131, 287, 278, 4152, 29871, 29929, 6199, 29889, 278, 22684, 18189, 1788, 1258, 451, 664, 2845, 5305, 29889, 450, 16286, 1098, 14722, 871, 7470, 29871, 29946, 8951, 297, 29871, 29929, 6199, 29901, 304, 16330, 13748, 13748, 1156, 2125, 2696, 304, 9080, 322, 6314, 17803, 9080, 322, 6314, 26044, 322, 1361, 714, 5198, 16783, 322, 2888, 16411, 883, 29889, 1619, 9848, 29901, 29871, 29896, 29897, 1938, 451, 11340, 18682, 9169, 294, 9385, 28481, 363, 738, 2769, 1584, 565, 366, 756, 304, 1735, 596, 9850, 3814, 304, 4772, 963, 470, 5146, 901, 373, 1790, 4799, 14337, 29889, 29871, 29906, 30375, 960, 366, 526, 443, 29880, 14395, 3307, 15428, 773, 963, 322, 505, 304, 22764, 714, 310, 17882, 26853, 382, 25796, 4799, 18117, 18331, 29871, 29941, 6199, 4688, 322, 13240, 363, 278, 5232, 19604, 322, 1556, 766, 13013, 19098, 1423, 29899, 6464, 8792, 366, 756, 3926, 7271, 29889, 29871, 29941, 30725, 960, 366, 437, 451, 13590, 10432, 769, 366, 674, 7150, 871, 9078, 11962, 2669, 373, 278, 9008, 322, 1009, 2563, 3268, 338, 19269, 29889, 29871, 29946, 29169, 349, 8273, 13240, 6142, 363, 2030, 260, 271, 10146, 4799, 22116, 1112, 411, 694, 1985, 22684, 18189, 1788, 322, 18425, 29899, 297, 27597, 16286, 14333, 6211, 29889]","[1, 306, 9115, 28738, 341, 10534, 29899, 29923, 1362, 29899, 5493, 601, 21595, 17487, 373, 18682, 26496, 294, 9385, 16997, 313, 29909, 18682, 29909, 29897, 5846, 29871, 29906, 29946, 29871, 29906, 29900, 29896, 29941, 7863, 2610, 24853, 29955, 29871, 29915, 29900, 29896, 19803, 29889, 306, 15649, 278, 23381, 7395, 541, 1009, 4700, 338, 451, 731, 701, 304, 14372, 366, 304, 1831, 596, 12949, 29889, 1105, 306, 5432, 1009, 29871, 29947, 29900, 29900, 1353, 297, 278, 3148, 29889, 306, 5432, 363, 29871, 29941, 24728, 3196, 931, 1269, 29078, 1434, 24039, 7699, 278, 9008, 29889, 910, 10823, 29915, 8680, 4223, 471, 577, 4319, 372, 4893, 29871, 29906, 29900, 6233, 304, 1831, 590, 22091, 29889, 382, 1060, 4799, 18117, 1423, 29899, 23838, 472, 17882, 13798, 338, 10329, 10329, 22993, 373, 319, 1489, 29909, 599, 28134, 363, 278, 341, 8598, 16286, 8389, 297, 263, 2323, 1196, 304, 367, 1423, 29899, 262, 363, 871, 393, 16286, 29889, 450, 1021, 363, 916, 1652, 16286, 29889, 1334, 1476, 445, 714, 491, 6721, 916, 28134, 1724, 304, 437, 408, 727, 892, 694, 319, 18682, 319, 22873, 470, 7475, 7475, 1045, 7613, 2198, 29889, 727, 892, 1472, 1472, 1196, 310, 28134, 5807, 28489, 1549, 278, 8638, 29889, 1423, 29899, 262, 471, 577, 5232, 591, 892, 5932, 591, 723, 3052, 1749, 16286, 1584, 5998, 591, 11977, 29871, 29906, 6199, 4688, 29889, 739, 3282, 29915, 451, 4383, 2466, 1363, 1749, 16286, 471, 29801, 29871, 2211, 6199, 373, 263, 10901, 11195, 29899, 2821, 7250, 29889, 1932, 591, 11977, 472, 341, 5493, 29871, 29941, 6199, 5683, 278, 319, 1489, 29909, 12417, 19518, 750, 7695, 3271, 322, 727, 338, 694, 4856, 304, 1371, 591, 411, 337, 3143, 3143, 1749, 12368, 304, 10059, 29889, 450, 3814, 15780, 1716, 982, 892, 1065, 29899, 1623, 322, 2030, 373, 278, 2768, 29889, 373, 278, 982, 1623, 263, 7747, 27696, 9451, 364, 1131, 287, 278, 4152, 29871, 29929, 6199, 29889, 278, 22684, 18189, 1788, 1258, 451, 664, 2845, 5305, 29889, 450, 16286, 1098, 14722, 871, 7470, 29871, 29946, 8951, 297, 29871, 29929, 6199, 29901, 304, 16330, 13748, 13748, 1156, 2125, 2696, 304, 9080, 322, 6314, 17803, 9080, 322, 6314, 26044, 322, 1361, 714, 5198, 16783, 322, 2888, 16411, 883, 29889, 1619, 9848, 29901, 29871, 29896, 29897, 1938, 451, 11340, 18682, 9169, 294, 9385, 28481, 363, 738, 2769, 1584, 565, 366, 756, 304, 1735, 596, 9850, 3814, 304, 4772, 963, 470, 5146, 901, 373, 1790, 4799, 14337, 29889, 29871, 29906, 30375, 960, 366, 526, 443, 29880, 14395, 3307, 15428, 773, 963, 322, 505, 304, 22764, 714, 310, 17882, 26853, 382, 25796, 4799, 18117, 18331, 29871, 29941, 6199, 4688, 322, 13240, 363, 278, 5232, 19604, 322, 1556, 766, 13013, 19098, 1423, 29899, 6464, 8792, 366, 756, 3926, 7271, 29889, 29871, 29941, 30725, 960, 366, 437, 451, 13590, 10432, 769, 366, 674, 7150, 871, 9078, 11962, 2669, 373, 278, 9008, 322, 1009, 2563, 3268, 338, 19269, 29889, 29871, 29946, 29169, 349, 8273, 13240, 6142, 363, 2030, 260, 271, 10146, 4799, 22116, 1112, 411, 694, 1985, 22684, 18189, 1788, 322, 18425, 29899, 297, 27597, 16286, 14333, 6211, 29889]",5c1ed90459ac720534b760a7bda9dc6982f120d9619bf6de33e1c8019a535590,df87c7fdb43fe393b700b62149909379fb3c6889a47882f8e21d80128d8eba52,5c1ed90459ac720534b760a7bda9dc6982f120d9619bf6de33e1c8019a535590,df87c7fdb43fe393b700b62149909379fb3c6889a47882f8e21d80128d8eba52,5c1ed90459ac720534b760a7bda9dc6982f120d9619bf6de33e1c8019a535590,df87c7fdb43fe393b700b62149909379fb3c6889a47882f8e21d80128d8eba52,True,True,0.026428842917084694,0.025691909715533257,-0.0007369332015514374,8,5,"[36, 42, 47]","[36, 42]",True,128,8192,False,True,0.3235129415988922,0.22660616040229797,-0.09690678119659424,0.4942760467529297,0.4549475312232971,-0.03932851552963257,0.014023649069713429,0.012461844678909983,-0.0015618043908034451,0.02072330044757109,0.019304389345052186,-0.001418911102518905,0.007313556305025933,0.006387525669405939,-0.0009260306356199937,0.011189135383112265,0.010159086840624203,-0.0010300485424880618,15616,15616,0,0,0,0,0,neutral,2,True
17,42,17,1,3,"[1, 306, 9115, 28738, 341, 10534, 29899, 29923, 1362, 29899, 5493, 601, 21595, 17487, 373, 18682, 26496, 294, 9385, 16997, 313, 29909, 18682, 29909, 29897, 5846, 29871, 29906, 29946, 29871, 29906, 29900, 29896, 29941, 7863, 2610, 24853, 29955, 29871, 29915, 29900, 29896, 19803, 29889, 306, 15649, 278, 23381, 7395, 541, 1009, 4700, 338, 451, 731, 701, 304, 14372, 366, 304, 1831, 596, 12949, 29889, 1105, 306, 5432, 1009, 29871, 29947, 29900, 29900, 1353, 297, 278, 3148, 29889, 306, 5432, 363, 29871, 29941, 24728, 3196, 931, 1269, 29078, 1434, 24039, 7699, 278, 9008, 29889, 910, 10823, 29915, 8680, 4223, 471, 577, 4319, 372, 4893, 29871, 29906, 29900, 6233, 304, 1831, 590, 22091, 29889, 382, 1060, 4799, 18117, 1423, 29899, 23838, 472, 17882, 13798, 338, 10329, 10329, 22993, 373, 319, 1489, 29909, 599, 28134, 363, 278, 341, 8598, 16286, 8389, 297, 263, 2323, 1196, 304, 367, 1423, 29899, 262, 363, 871, 393, 16286, 29889, 450, 1021, 363, 916, 1652, 16286, 29889, 1334, 1476, 445, 714, 491, 6721, 916, 28134, 1724, 304, 437, 408, 727, 892, 694, 319, 18682, 319, 22873, 470, 7475, 7475, 1045, 7613, 2198, 29889, 727, 892, 1472, 1472, 1196, 310, 28134, 5807, 28489, 1549, 278, 8638, 29889, 1423, 29899, 262, 471, 577, 5232, 591, 892, 5932, 591, 723, 3052, 1749, 16286, 1584, 5998, 591, 11977, 29871, 29906, 6199, 4688, 29889, 739, 3282, 29915, 451, 4383, 2466, 1363, 1749, 16286, 471, 29801, 29871, 2211, 6199, 373, 263, 10901, 11195, 29899, 2821, 7250, 29889, 1932, 591, 11977, 472, 341, 5493, 29871, 29941, 6199, 5683, 278, 319, 1489, 29909, 12417, 19518, 750, 7695, 3271, 322, 727, 338, 694, 4856, 304, 1371, 591, 411, 337, 3143, 3143, 1749, 12368, 304, 10059, 29889, 450, 3814, 15780, 1716, 982, 892, 1065, 29899, 1623, 322, 2030, 373, 278, 2768, 29889, 373, 278, 982, 1623, 263, 7747, 27696, 9451, 364, 1131, 287, 278, 4152, 29871, 29929, 6199, 29889, 278, 22684, 18189, 1788, 1258, 451, 664, 2845, 5305, 29889, 450, 16286, 1098, 14722, 871, 7470, 29871, 29946, 8951, 297, 29871, 29929, 6199, 29901, 304, 16330, 13748, 13748, 1156, 2125, 2696, 304, 9080, 322, 6314, 17803, 9080, 322, 6314, 26044, 322, 1361, 714, 5198, 16783, 322, 2888, 16411, 883, 29889, 1619, 9848, 29901, 29871, 29896, 29897, 1938, 451, 11340, 18682, 9169, 294, 9385, 28481, 363, 738, 2769, 1584, 565, 366, 756, 304, 1735, 596, 9850, 3814, 304, 4772, 963, 470, 5146, 901, 373, 1790, 4799, 14337, 29889, 29871, 29906, 30375, 960, 366, 526, 443, 29880, 14395, 3307, 15428, 773, 963, 322, 505, 304, 22764, 714, 310, 17882, 26853, 382, 25796, 4799, 18117, 18331, 29871, 29941, 6199, 4688, 322, 13240, 363, 278, 5232, 19604, 322, 1556, 766, 13013, 19098, 1423, 29899, 6464, 8792, 366, 756, 3926, 7271, 29889, 29871, 29941, 30725, 960, 366, 437, 451, 13590, 10432, 769, 366, 674, 7150, 871, 9078, 11962, 2669, 373, 278, 9008, 322, 1009, 2563, 3268, 338, 19269, 29889, 29871, 29946, 29169, 349, 8273, 13240, 6142, 363, 2030, 260, 271, 10146, 4799, 22116, 1112, 411, 694, 1985, 22684, 18189, 1788, 322, 18425, 29899, 297, 27597, 16286, 14333, 6211, 29889]","[1, 306, 9115, 28738, 341, 10534, 29899, 29923, 1362, 29899, 5493, 601, 21595, 17487, 373, 18682, 26496, 294, 9385, 16997, 313, 29909, 18682, 29909, 29897, 5846, 29871, 29906, 29946, 29871, 29906, 29900, 29896, 29941, 7863, 2610, 24853, 29955, 29871, 29915, 29900, 29896, 19803, 29889, 306, 15649, 278, 23381, 7395, 541, 1009, 4700, 338, 451, 731, 701, 304, 2758, 366, 304, 1831, 596, 12949, 29889, 1105, 306, 5432, 1009, 29871, 29947, 29900, 29900, 1353, 297, 278, 3148, 29889, 306, 5432, 363, 29871, 29941, 24728, 3196, 931, 1269, 29078, 1434, 24039, 7699, 278, 9008, 29889, 910, 10823, 29915, 8680, 4223, 471, 577, 4319, 372, 4893, 29871, 29906, 29900, 6233, 304, 1831, 590, 22091, 29889, 382, 1060, 4799, 18117, 1423, 29899, 23838, 472, 17882, 13798, 338, 10329, 10329, 22993, 373, 319, 1489, 29909, 599, 28134, 363, 278, 341, 8598, 16286, 8389, 297, 263, 2323, 1196, 304, 367, 1423, 29899, 262, 363, 871, 393, 16286, 29889, 450, 1021, 363, 916, 1652, 16286, 29889, 1334, 1476, 445, 714, 491, 6721, 916, 28134, 1724, 304, 437, 408, 727, 892, 694, 319, 18682, 319, 22873, 470, 7475, 7475, 1045, 7613, 2198, 29889, 727, 892, 1472, 1472, 1196, 310, 28134, 5807, 28489, 1549, 278, 8638, 29889, 1423, 29899, 262, 471, 577, 5232, 591, 892, 5932, 591, 723, 3052, 1749, 16286, 1584, 5998, 591, 11977, 29871, 29906, 6199, 4688, 29889, 739, 3282, 29915, 451, 4383, 2466, 1363, 1749, 16286, 471, 29801, 29871, 2211, 6199, 373, 263, 10901, 11195, 29899, 2821, 7250, 29889, 1932, 591, 11977, 472, 341, 5493, 29871, 29941, 6199, 5683, 278, 319, 1489, 29909, 12417, 19518, 750, 7695, 3271, 322, 727, 338, 694, 4856, 304, 1371, 591, 411, 337, 3143, 3143, 1749, 12368, 304, 10059, 29889, 450, 3814, 15780, 1716, 982, 892, 1065, 29899, 1623, 322, 2030, 373, 278, 2768, 29889, 373, 278, 982, 1623, 263, 7747, 27696, 9451, 364, 1131, 287, 278, 4152, 29871, 29929, 6199, 29889, 278, 22684, 18189, 1788, 1258, 451, 664, 2845, 5305, 29889, 450, 16286, 1098, 14722, 871, 7470, 29871, 29946, 8951, 297, 29871, 29929, 6199, 29901, 304, 16330, 13748, 13748, 1156, 2125, 2696, 304, 9080, 322, 6314, 17803, 9080, 322, 6314, 26044, 322, 1361, 714, 5198, 16783, 322, 2888, 16411, 883, 29889, 1619, 9848, 29901, 29871, 29896, 29897, 1938, 451, 11340, 18682, 9169, 294, 9385, 28481, 363, 738, 2769, 1584, 565, 366, 756, 304, 1735, 596, 9850, 3814, 304, 4772, 963, 470, 5146, 901, 373, 1790, 4799, 14337, 29889, 29871, 29906, 30375, 960, 366, 526, 443, 29880, 14395, 3307, 15428, 773, 963, 322, 505, 304, 22764, 714, 310, 17882, 26853, 382, 25796, 4799, 18117, 18331, 29871, 29941, 6199, 4688, 322, 13240, 363, 278, 5232, 19604, 322, 1556, 766, 13013, 19098, 1423, 29899, 6464, 8792, 366, 756, 3926, 7271, 29889, 29871, 29941, 30725, 960, 366, 437, 451, 13590, 10432, 769, 366, 674, 7150, 871, 9078, 11962, 2669, 373, 278, 9008, 322, 1009, 2563, 3268, 338, 19269, 29889, 29871, 29946, 29169, 349, 8273, 13240, 6142, 363, 2030, 260, 271, 10146, 4799, 22116, 1112, 411, 694, 1985, 22684, 18189, 1788, 322, 18425, 29899, 297, 27597, 16286, 14333, 6211, 29889]",df87c7fdb43fe393b700b62149909379fb3c6889a47882f8e21d80128d8eba52,bd77ce973e4f9a13c4311af21d26a89b3b00e54151c4d685dc54b3026f6cd42b,df87c7fdb43fe393b700b62149909379fb3c6889a47882f8e21d80128d8eba52,bd77ce973e4f9a13c4311af21d26a89b3b00e54151c4d685dc54b3026f6cd42b,df87c7fdb43fe393b700b62149909379fb3c6889a47882f8e21d80128d8eba52,bd77ce973e4f9a13c4311af21d26a89b3b00e54151c4d685dc54b3026f6cd42b,True,True,0.025691909715533257,0.025589469820261,-0.00010243989527225494,10,1,"[54, 57, 62]",[57],True,128,8192,False,True,0.2190445065498352,0.21884991228580475,-0.00019459426403045654,0.5057922005653381,0.5057727098464966,-1.9490718841552734e-05,0.0014462652980000712,0.0009446492113056593,-0.0005016160866944119,0.007084676959493663,0.006454623748140875,-0.0006300532113527879,0.0014462652980000712,0.0009446492113056593,-0.0005016160866944119,0.007084676959493663,0.006454623748140875,-0.0006300532113527879,8192,8192,0,0,1,0,1,positive,1,True
17,42,17,1,5,"[1, 306, 9115, 28738, 341, 10534, 29899, 29923, 1362, 29899, 5493, 601, 21595, 17487, 373, 18682, 26496, 294, 9385, 16997, 313, 29909, 18682, 29909, 29897, 5846, 29871, 29906, 29946, 29871, 29906, 29900, 29896, 29941, 7863, 2610, 24853, 29955, 29871, 29915, 29900, 29896, 19803, 29889, 306, 15649, 278, 23381, 7395, 541, 1009, 4700, 338, 451, 731, 701, 304, 2758, 366, 304, 1831, 596, 12949, 29889, 1105, 306, 5432, 1009, 29871, 29947, 29900, 29900, 1353, 297, 278, 3148, 29889, 306, 5432, 363, 29871, 29941, 24728, 3196, 931, 1269, 29078, 1434, 24039, 7699, 278, 9008, 29889, 910, 10823, 29915, 8680, 4223, 471, 577, 4319, 372, 4893, 29871, 29906, 29900, 6233, 304, 1831, 590, 22091, 29889, 382, 1060, 4799, 18117, 1423, 29899, 23838, 472, 17882, 13798, 338, 10329, 10329, 22993, 373, 319, 1489, 29909, 599, 28134, 363, 278, 341, 8598, 16286, 8389, 297, 263, 2323, 1196, 304, 367, 1423, 29899, 262, 363, 871, 393, 16286, 29889, 450, 1021, 363, 916, 1652, 16286, 29889, 1334, 1476, 445, 714, 491, 6721, 916, 28134, 1724, 304, 437, 408, 727, 892, 694, 319, 18682, 319, 22873, 470, 7475, 7475, 1045, 7613, 2198, 29889, 727, 892, 1472, 1472, 1196, 310, 28134, 5807, 28489, 1549, 278, 8638, 29889, 1423, 29899, 262, 471, 577, 5232, 591, 892, 5932, 591, 723, 3052, 1749, 16286, 1584, 5998, 591, 11977, 29871, 29906, 6199, 4688, 29889, 739, 3282, 29915, 451, 4383, 2466, 1363, 1749, 16286, 471, 29801, 29871, 2211, 6199, 373, 263, 10901, 11195, 29899, 2821, 7250, 29889, 1932, 591, 11977, 472, 341, 5493, 29871, 29941, 6199, 5683, 278, 319, 1489, 29909, 12417, 19518, 750, 7695, 3271, 322, 727, 338, 694, 4856, 304, 1371, 591, 411, 337, 3143, 3143, 1749, 12368, 304, 10059, 29889, 450, 3814, 15780, 1716, 982, 892, 1065, 29899, 1623, 322, 2030, 373, 278, 2768, 29889, 373, 278, 982, 1623, 263, 7747, 27696, 9451, 364, 1131, 287, 278, 4152, 29871, 29929, 6199, 29889, 278, 22684, 18189, 1788, 1258, 451, 664, 2845, 5305, 29889, 450, 16286, 1098, 14722, 871, 7470, 29871, 29946, 8951, 297, 29871, 29929, 6199, 29901, 304, 16330, 13748, 13748, 1156, 2125, 2696, 304, 9080, 322, 6314, 17803, 9080, 322, 6314, 26044, 322, 1361, 714, 5198, 16783, 322, 2888, 16411, 883, 29889, 1619, 9848, 29901, 29871, 29896, 29897, 1938, 451, 11340, 18682, 9169, 294, 9385, 28481, 363, 738, 2769, 1584, 565, 366, 756, 304, 1735, 596, 9850, 3814, 304, 4772, 963, 470, 5146, 901, 373, 1790, 4799, 14337, 29889, 29871, 29906, 30375, 960, 366, 526, 443, 29880, 14395, 3307, 15428, 773, 963, 322, 505, 304, 22764, 714, 310, 17882, 26853, 382, 25796, 4799, 18117, 18331, 29871, 29941, 6199, 4688, 322, 13240, 363, 278, 5232, 19604, 322, 1556, 766, 13013, 19098, 1423, 29899, 6464, 8792, 366, 756, 3926, 7271, 29889, 29871, 29941, 30725, 960, 366, 437, 451, 13590, 10432, 769, 366, 674, 7150, 871, 9078, 11962, 2669, 373, 278, 9008, 322, 1009, 2563, 3268, 338, 19269, 29889, 29871, 29946, 29169, 349, 8273, 13240, 6142, 363, 2030, 260, 271, 10146, 4799, 22116, 1112, 411, 694, 1985, 22684, 18189, 1788, 322, 18425, 29899, 297, 27597, 16286, 14333, 6211, 29889]","[1, 306, 9115, 28738, 341, 10534, 29899, 29923, 1362, 29899, 5493, 601, 21595, 17487, 373, 18682, 26496, 294, 9385, 16997, 313, 29909, 18682, 29909, 29897, 5846, 29871, 29906, 29946, 29871, 29906, 29900, 29896, 29941, 7863, 2610, 24853, 29955, 29871, 29915, 29900, 29896, 19803, 29889, 306, 15649, 278, 23381, 7395, 541, 1009, 4700, 338, 451, 731, 701, 304, 2758, 366, 304, 1831, 596, 12949, 29889, 1105, 306, 5432, 1009, 29871, 29947, 29900, 29900, 1353, 297, 278, 3148, 29889, 306, 5432, 363, 29871, 29941, 24167, 3196, 931, 1269, 5448, 1434, 4856, 7699, 278, 9008, 29889, 910, 10823, 29915, 8680, 4223, 471, 577, 4319, 372, 4893, 29871, 29906, 29900, 6233, 304, 1831, 590, 22091, 29889, 382, 1060, 4799, 18117, 1423, 29899, 23838, 472, 17882, 13798, 338, 10329, 10329, 22993, 373, 319, 1489, 29909, 599, 28134, 363, 278, 341, 8598, 16286, 8389, 297, 263, 2323, 1196, 304, 367, 1423, 29899, 262, 363, 871, 393, 16286, 29889, 450, 1021, 363, 916, 1652, 16286, 29889, 1334, 1476, 445, 714, 491, 6721, 916, 28134, 1724, 304, 437, 408, 727, 892, 694, 319, 18682, 319, 22873, 470, 7475, 7475, 1045, 7613, 2198, 29889, 727, 892, 1472, 1472, 1196, 310, 28134, 5807, 28489, 1549, 278, 8638, 29889, 1423, 29899, 262, 471, 577, 5232, 591, 892, 5932, 591, 723, 3052, 1749, 16286, 1584, 5998, 591, 11977, 29871, 29906, 6199, 4688, 29889, 739, 3282, 29915, 451, 4383, 2466, 1363, 1749, 16286, 471, 29801, 29871, 2211, 6199, 373, 263, 10901, 11195, 29899, 2821, 7250, 29889, 1932, 591, 11977, 472, 341, 5493, 29871, 29941, 6199, 5683, 278, 319, 1489, 29909, 12417, 19518, 750, 7695, 3271, 322, 727, 338, 694, 4856, 304, 1371, 591, 411, 337, 3143, 3143, 1749, 12368, 304, 10059, 29889, 450, 3814, 15780, 1716, 982, 892, 1065, 29899, 1623, 322, 2030, 373, 278, 2768, 29889, 373, 278, 982, 1623, 263, 7747, 27696, 9451, 364, 1131, 287, 278, 4152, 29871, 29929, 6199, 29889, 278, 22684, 18189, 1788, 1258, 451, 664, 2845, 5305, 29889, 450, 16286, 1098, 14722, 871, 7470, 29871, 29946, 8951, 297, 29871, 29929, 6199, 29901, 304, 16330, 13748, 13748, 1156, 2125, 2696, 304, 9080, 322, 6314, 17803, 9080, 322, 6314, 26044, 322, 1361, 714, 5198, 16783, 322, 2888, 16411, 883, 29889, 1619, 9848, 29901, 29871, 29896, 29897, 1938, 451, 11340, 18682, 9169, 294, 9385, 28481, 363, 738, 2769, 1584, 565, 366, 756, 304, 1735, 596, 9850, 3814, 304, 4772, 963, 470, 5146, 901, 373, 1790, 4799, 14337, 29889, 29871, 29906, 30375, 960, 366, 526, 443, 29880, 14395, 3307, 15428, 773, 963, 322, 505, 304, 22764, 714, 310, 17882, 26853, 382, 25796, 4799, 18117, 18331, 29871, 29941, 6199, 4688, 322, 13240, 363, 278, 5232, 19604, 322, 1556, 766, 13013, 19098, 1423, 29899, 6464, 8792, 366, 756, 3926, 7271, 29889, 29871, 29941, 30725, 960, 366, 437, 451, 13590, 10432, 769, 366, 674, 7150, 871, 9078, 11962, 2669, 373, 278, 9008, 322, 1009, 2563, 3268, 338, 19269, 29889, 29871, 29946, 29169, 349, 8273, 13240, 6142, 363, 2030, 260, 271, 10146, 4799, 22116, 1112, 411, 694, 1985, 22684, 18189, 1788, 322, 18425, 29899, 297, 27597, 16286, 14333, 6211, 29889]",bd77ce973e4f9a13c4311af21d26a89b3b00e54151c4d685dc54b3026f6cd42b,4c1c20296457c046378c804f8346b4746ba9e76889b0b00a5b16bd81e3050166,bd77ce973e4f9a13c4311af21d26a89b3b00e54151c4d685dc54b3026f6cd42b,4c1c20296457c046378c804f8346b4746ba9e76889b0b00a5b16bd81e3050166,bd77ce973e4f9a13c4311af21d26a89b3b00e54151c4d685dc54b3026f6cd42b,4c1c20296457c046378c804f8346b4746ba9e76889b0b00a5b16bd81e3050166,True,True,0.025589469820261,0.024911465123295784,-0.0006780046969652176,12,9,"[82, 86, 88, 89]","[82, 86, 88]",True,128,8192,False,True,0.26733726263046265,0.19723185896873474,-0.0701054036617279,0.526207447052002,0.5338822603225708,0.007674813270568848,0.01606058569450397,0.011417499044910073,-0.004643086649593897,0.01928612063784385,0.022508916757942643,0.003222796120098792,0.005361296840339571,0.004093191959987303,-0.0012681048803522684,0.006875511061830016,0.007494430423581174,0.0006189193617511584,23296,23296,0,0,1,0,1,positive,3,True
17,42,17,1,6,"[1, 306, 9115, 28738, 341, 10534, 29899, 29923, 1362, 29899, 5493, 601, 21595, 17487, 373, 18682, 26496, 294, 9385, 16997, 313, 29909, 18682, 29909, 29897, 5846, 29871, 29906, 29946, 29871, 29906, 29900, 29896, 29941, 7863, 2610, 24853, 29955, 29871, 29915, 29900, 29896, 19803, 29889, 306, 15649, 278, 23381, 7395, 541, 1009, 4700, 338, 451, 731, 701, 304, 2758, 366, 304, 1831, 596, 12949, 29889, 1105, 306, 5432, 1009, 29871, 29947, 29900, 29900, 1353, 297, 278, 3148, 29889, 306, 5432, 363, 29871, 29941, 24167, 3196, 931, 1269, 5448, 1434, 4856, 7699, 278, 9008, 29889, 910, 10823, 29915, 8680, 4223, 471, 577, 4319, 372, 4893, 29871, 29906, 29900, 6233, 304, 1831, 590, 22091, 29889, 382, 1060, 4799, 18117, 1423, 29899, 23838, 472, 17882, 13798, 338, 10329, 10329, 22993, 373, 319, 1489, 29909, 599, 28134, 363, 278, 341, 8598, 16286, 8389, 297, 263, 2323, 1196, 304, 367, 1423, 29899, 262, 363, 871, 393, 16286, 29889, 450, 1021, 363, 916, 1652, 16286, 29889, 1334, 1476, 445, 714, 491, 6721, 916, 28134, 1724, 304, 437, 408, 727, 892, 694, 319, 18682, 319, 22873, 470, 7475, 7475, 1045, 7613, 2198, 29889, 727, 892, 1472, 1472, 1196, 310, 28134, 5807, 28489, 1549, 278, 8638, 29889, 1423, 29899, 262, 471, 577, 5232, 591, 892, 5932, 591, 723, 3052, 1749, 16286, 1584, 5998, 591, 11977, 29871, 29906, 6199, 4688, 29889, 739, 3282, 29915, 451, 4383, 2466, 1363, 1749, 16286, 471, 29801, 29871, 2211, 6199, 373, 263, 10901, 11195, 29899, 2821, 7250, 29889, 1932, 591, 11977, 472, 341, 5493, 29871, 29941, 6199, 5683, 278, 319, 1489, 29909, 12417, 19518, 750, 7695, 3271, 322, 727, 338, 694, 4856, 304, 1371, 591, 411, 337, 3143, 3143, 1749, 12368, 304, 10059, 29889, 450, 3814, 15780, 1716, 982, 892, 1065, 29899, 1623, 322, 2030, 373, 278, 2768, 29889, 373, 278, 982, 1623, 263, 7747, 27696, 9451, 364, 1131, 287, 278, 4152, 29871, 29929, 6199, 29889, 278, 22684, 18189, 1788, 1258, 451, 664, 2845, 5305, 29889, 450, 16286, 1098, 14722, 871, 7470, 29871, 29946, 8951, 297, 29871, 29929, 6199, 29901, 304, 16330, 13748, 13748, 1156, 2125, 2696, 304, 9080, 322, 6314, 17803, 9080, 322, 6314, 26044, 322, 1361, 714, 5198, 16783, 322, 2888, 16411, 883, 29889, 1619, 9848, 29901, 29871, 29896, 29897, 1938, 451, 11340, 18682, 9169, 294, 9385, 28481, 363, 738, 2769, 1584, 565, 366, 756, 304, 1735, 596, 9850, 3814, 304, 4772, 963, 470, 5146, 901, 373, 1790, 4799, 14337, 29889, 29871, 29906, 30375, 960, 366, 526, 443, 29880, 14395, 3307, 15428, 773, 963, 322, 505, 304, 22764, 714, 310, 17882, 26853, 382, 25796, 4799, 18117, 18331, 29871, 29941, 6199, 4688, 322, 13240, 363, 278, 5232, 19604, 322, 1556, 766, 13013, 19098, 1423, 29899, 6464, 8792, 366, 756, 3926, 7271, 29889, 29871, 29941, 30725, 960, 366, 437, 451, 13590, 10432, 769, 366, 674, 7150, 871, 9078, 11962, 2669, 373, 278, 9008, 322, 1009, 2563, 3268, 338, 19269, 29889, 29871, 29946, 29169, 349, 8273, 13240, 6142, 363, 2030, 260, 271, 10146, 4799, 22116, 1112, 411, 694, 1985, 22684, 18189, 1788, 322, 18425, 29899, 297, 27597, 16286, 14333, 6211, 29889]","[1, 306, 9115, 28738, 341, 10534, 29899, 29923, 1362, 29899, 5493, 601, 21595, 17487, 373, 18682, 26496, 294, 9385, 16997, 313, 29909, 18682, 29909, 29897, 5846, 29871, 29906, 29946, 29871, 29906, 29900, 29896, 29941, 7863, 2610, 24853, 29955, 29871, 29915, 29900, 29896, 19803, 29889, 306, 15649, 278, 23381, 7395, 541, 1009, 4700, 338, 451, 731, 701, 304, 2758, 366, 304, 1831, 596, 12949, 29889, 1105, 306, 5432, 1009, 29871, 29947, 29900, 29900, 1353, 297, 278, 3148, 29889, 306, 5432, 363, 29871, 29941, 24167, 3196, 931, 1269, 5448, 1434, 4856, 7699, 278, 9008, 29889, 910, 10823, 29915, 3600, 4223, 471, 577, 4319, 372, 3614, 29871, 29906, 29900, 6233, 304, 1831, 590, 22091, 29889, 382, 1060, 4799, 18117, 1423, 29899, 23838, 472, 17882, 13798, 338, 10329, 10329, 22993, 373, 319, 1489, 29909, 599, 28134, 363, 278, 341, 8598, 16286, 8389, 297, 263, 2323, 1196, 304, 367, 1423, 29899, 262, 363, 871, 393, 16286, 29889, 450, 1021, 363, 916, 1652, 16286, 29889, 1334, 1476, 445, 714, 491, 6721, 916, 28134, 1724, 304, 437, 408, 727, 892, 694, 319, 18682, 319, 22873, 470, 7475, 7475, 1045, 7613, 2198, 29889, 727, 892, 1472, 1472, 1196, 310, 28134, 5807, 28489, 1549, 278, 8638, 29889, 1423, 29899, 262, 471, 577, 5232, 591, 892, 5932, 591, 723, 3052, 1749, 16286, 1584, 5998, 591, 11977, 29871, 29906, 6199, 4688, 29889, 739, 3282, 29915, 451, 4383, 2466, 1363, 1749, 16286, 471, 29801, 29871, 2211, 6199, 373, 263, 10901, 11195, 29899, 2821, 7250, 29889, 1932, 591, 11977, 472, 341, 5493, 29871, 29941, 6199, 5683, 278, 319, 1489, 29909, 12417, 19518, 750, 7695, 3271, 322, 727, 338, 694, 4856, 304, 1371, 591, 411, 337, 3143, 3143, 1749, 12368, 304, 10059, 29889, 450, 3814, 15780, 1716, 982, 892, 1065, 29899, 1623, 322, 2030, 373, 278, 2768, 29889, 373, 278, 982, 1623, 263, 7747, 27696, 9451, 364, 1131, 287, 278, 4152, 29871, 29929, 6199, 29889, 278, 22684, 18189, 1788, 1258, 451, 664, 2845, 5305, 29889, 450, 16286, 1098, 14722, 871, 7470, 29871, 29946, 8951, 297, 29871, 29929, 6199, 29901, 304, 16330, 13748, 13748, 1156, 2125, 2696, 304, 9080, 322, 6314, 17803, 9080, 322, 6314, 26044, 322, 1361, 714, 5198, 16783, 322, 2888, 16411, 883, 29889, 1619, 9848, 29901, 29871, 29896, 29897, 1938, 451, 11340, 18682, 9169, 294, 9385, 28481, 363, 738, 2769, 1584, 565, 366, 756, 304, 1735, 596, 9850, 3814, 304, 4772, 963, 470, 5146, 901, 373, 1790, 4799, 14337, 29889, 29871, 29906, 30375, 960, 366, 526, 443, 29880, 14395, 3307, 15428, 773, 963, 322, 505, 304, 22764, 714, 310, 17882, 26853, 382, 25796, 4799, 18117, 18331, 29871, 29941, 6199, 4688, 322, 13240, 363, 278, 5232, 19604, 322, 1556, 766, 13013, 19098, 1423, 29899, 6464, 8792, 366, 756, 3926, 7271, 29889, 29871, 29941, 30725, 960, 366, 437, 451, 13590, 10432, 769, 366, 674, 7150, 871, 9078, 11962, 2669, 373, 278, 9008, 322, 1009, 2563, 3268, 338, 19269, 29889, 29871, 29946, 29169, 349, 8273, 13240, 6142, 363, 2030, 260, 271, 10146, 4799, 22116, 1112, 411, 694, 1985, 22684, 18189, 1788, 322, 18425, 29899, 297, 27597, 16286, 14333, 6211, 29889]",4c1c20296457c046378c804f8346b4746ba9e76889b0b00a5b16bd81e3050166,eb1ccebda45d79ea6754bfed279e6daa878b79bc8e6c0884f05f74bae81d4c0c,4c1c20296457c046378c804f8346b4746ba9e76889b0b00a5b16bd81e3050166,eb1ccebda45d79ea6754bfed279e6daa878b79bc8e6c0884f05f74bae81d4c0c,4c1c20296457c046378c804f8346b4746ba9e76889b0b00a5b16bd81e3050166,eb1ccebda45d79ea6754bfed279e6daa878b79bc8e6c0884f05f74bae81d4c0c,True,True,0.024911465123295784,0.024323174729943275,-0.0005882903933525085,15,6,"[96, 102, 106, 110]","[96, 102]",True,128,8192,False,True,0.258644163608551,0.2505757510662079,-0.00806841254234314,0.5138460397720337,0.5147082805633545,0.0008622407913208008,0.0076672779468935914,0.004935425182338804,-0.0027318527645547874,0.01589262944617076,0.013383351717493497,-0.0025092777286772616,0.004008486282965931,0.0025508622333529542,-0.0014576240496129772,0.008125587068803486,0.006758384356946975,-0.0013672027118565109,15616,15616,0,0,1,0,1,positive,2,True
17,42,17,1,7,"[1, 306, 9115, 28738, 341, 10534, 29899, 29923, 1362, 29899, 5493, 601, 21595, 17487, 373, 18682, 26496, 294, 9385, 16997, 313, 29909, 18682, 29909, 29897, 5846, 29871, 29906, 29946, 29871, 29906, 29900, 29896, 29941, 7863, 2610, 24853, 29955, 29871, 29915, 29900, 29896, 19803, 29889, 306, 15649, 278, 23381, 7395, 541, 1009, 4700, 338, 451, 731, 701, 304, 2758, 366, 304, 1831, 596, 12949, 29889, 1105, 306, 5432, 1009, 29871, 29947, 29900, 29900, 1353, 297, 278, 3148, 29889, 306, 5432, 363, 29871, 29941, 24167, 3196, 931, 1269, 5448, 1434, 4856, 7699, 278, 9008, 29889, 910, 10823, 29915, 3600, 4223, 471, 577, 4319, 372, 3614, 29871, 29906, 29900, 6233, 304, 1831, 590, 22091, 29889, 382, 1060, 4799, 18117, 1423, 29899, 23838, 472, 17882, 13798, 338, 10329, 10329, 22993, 373, 319, 1489, 29909, 599, 28134, 363, 278, 341, 8598, 16286, 8389, 297, 263, 2323, 1196, 304, 367, 1423, 29899, 262, 363, 871, 393, 16286, 29889, 450, 1021, 363, 916, 1652, 16286, 29889, 1334, 1476, 445, 714, 491, 6721, 916, 28134, 1724, 304, 437, 408, 727, 892, 694, 319, 18682, 319, 22873, 470, 7475, 7475, 1045, 7613, 2198, 29889, 727, 892, 1472, 1472, 1196, 310, 28134, 5807, 28489, 1549, 278, 8638, 29889, 1423, 29899, 262, 471, 577, 5232, 591, 892, 5932, 591, 723, 3052, 1749, 16286, 1584, 5998, 591, 11977, 29871, 29906, 6199, 4688, 29889, 739, 3282, 29915, 451, 4383, 2466, 1363, 1749, 16286, 471, 29801, 29871, 2211, 6199, 373, 263, 10901, 11195, 29899, 2821, 7250, 29889, 1932, 591, 11977, 472, 341, 5493, 29871, 29941, 6199, 5683, 278, 319, 1489, 29909, 12417, 19518, 750, 7695, 3271, 322, 727, 338, 694, 4856, 304, 1371, 591, 411, 337, 3143, 3143, 1749, 12368, 304, 10059, 29889, 450, 3814, 15780, 1716, 982, 892, 1065, 29899, 1623, 322, 2030, 373, 278, 2768, 29889, 373, 278, 982, 1623, 263, 7747, 27696, 9451, 364, 1131, 287, 278, 4152, 29871, 29929, 6199, 29889, 278, 22684, 18189, 1788, 1258, 451, 664, 2845, 5305, 29889, 450, 16286, 1098, 14722, 871, 7470, 29871, 29946, 8951, 297, 29871, 29929, 6199, 29901, 304, 16330, 13748, 13748, 1156, 2125, 2696, 304, 9080, 322, 6314, 17803, 9080, 322, 6314, 26044, 322, 1361, 714, 5198, 16783, 322, 2888, 16411, 883, 29889, 1619, 9848, 29901, 29871, 29896, 29897, 1938, 451, 11340, 18682, 9169, 294, 9385, 28481, 363, 738, 2769, 1584, 565, 366, 756, 304, 1735, 596, 9850, 3814, 304, 4772, 963, 470, 5146, 901, 373, 1790, 4799, 14337, 29889, 29871, 29906, 30375, 960, 366, 526, 443, 29880, 14395, 3307, 15428, 773, 963, 322, 505, 304, 22764, 714, 310, 17882, 26853, 382, 25796, 4799, 18117, 18331, 29871, 29941, 6199, 4688, 322, 13240, 363, 278, 5232, 19604, 322, 1556, 766, 13013, 19098, 1423, 29899, 6464, 8792, 366, 756, 3926, 7271, 29889, 29871, 29941, 30725, 960, 366, 437, 451, 13590, 10432, 769, 366, 674, 7150, 871, 9078, 11962, 2669, 373, 278, 9008, 322, 1009, 2563, 3268, 338, 19269, 29889, 29871, 29946, 29169, 349, 8273, 13240, 6142, 363, 2030, 260, 271, 10146, 4799, 22116, 1112, 411, 694, 1985, 22684, 18189, 1788, 322, 18425, 29899, 297, 27597, 16286, 14333, 6211, 29889]","[1, 306, 9115, 28738, 341, 10534, 29899, 29923, 1362, 29899, 5493, 601, 21595, 17487, 373, 18682, 26496, 294, 9385, 16997, 313, 29909, 18682, 29909, 29897, 5846, 29871, 29906, 29946, 29871, 29906, 29900, 29896, 29941, 7863, 2610, 24853, 29955, 29871, 29915, 29900, 29896, 19803, 29889, 306, 15649, 278, 23381, 7395, 541, 1009, 4700, 338, 451, 731, 701, 304, 2758, 366, 304, 1831, 596, 12949, 29889, 1105, 306, 5432, 1009, 29871, 29947, 29900, 29900, 1353, 297, 278, 3148, 29889, 306, 5432, 363, 29871, 29941, 24167, 3196, 931, 1269, 5448, 1434, 4856, 7699, 278, 9008, 29889, 910, 10823, 29915, 3600, 4223, 471, 577, 4319, 372, 3614, 29871, 29906, 29900, 6233, 304, 1831, 590, 22091, 29889, 382, 7949, 5593, 18117, 1423, 29899, 23838, 472, 17882, 13798, 338, 10329, 10329, 22993, 373, 319, 1489, 29909, 599, 28134, 363, 278, 341, 8598, 16286, 8389, 297, 263, 2323, 1196, 304, 367, 1423, 29899, 262, 363, 871, 393, 16286, 29889, 450, 1021, 363, 916, 1652, 16286, 29889, 1334, 1476, 445, 714, 491, 6721, 916, 28134, 1724, 304, 437, 408, 727, 892, 694, 319, 18682, 319, 22873, 470, 7475, 7475, 1045, 7613, 2198, 29889, 727, 892, 1472, 1472, 1196, 310, 28134, 5807, 28489, 1549, 278, 8638, 29889, 1423, 29899, 262, 471, 577, 5232, 591, 892, 5932, 591, 723, 3052, 1749, 16286, 1584, 5998, 591, 11977, 29871, 29906, 6199, 4688, 29889, 739, 3282, 29915, 451, 4383, 2466, 1363, 1749, 16286, 471, 29801, 29871, 2211, 6199, 373, 263, 10901, 11195, 29899, 2821, 7250, 29889, 1932, 591, 11977, 472, 341, 5493, 29871, 29941, 6199, 5683, 278, 319, 1489, 29909, 12417, 19518, 750, 7695, 3271, 322, 727, 338, 694, 4856, 304, 1371, 591, 411, 337, 3143, 3143, 1749, 12368, 304, 10059, 29889, 450, 3814, 15780, 1716, 982, 892, 1065, 29899, 1623, 322, 2030, 373, 278, 2768, 29889, 373, 278, 982, 1623, 263, 7747, 27696, 9451, 364, 1131, 287, 278, 4152, 29871, 29929, 6199, 29889, 278, 22684, 18189, 1788, 1258, 451, 664, 2845, 5305, 29889, 450, 16286, 1098, 14722, 871, 7470, 29871, 29946, 8951, 297, 29871, 29929, 6199, 29901, 304, 16330, 13748, 13748, 1156, 2125, 2696, 304, 9080, 322, 6314, 17803, 9080, 322, 6314, 26044, 322, 1361, 714, 5198, 16783, 322, 2888, 16411, 883, 29889, 1619, 9848, 29901, 29871, 29896, 29897, 1938, 451, 11340, 18682, 9169, 294, 9385, 28481, 363, 738, 2769, 1584, 565, 366, 756, 304, 1735, 596, 9850, 3814, 304, 4772, 963, 470, 5146, 901, 373, 1790, 4799, 14337, 29889, 29871, 29906, 30375, 960, 366, 526, 443, 29880, 14395, 3307, 15428, 773, 963, 322, 505, 304, 22764, 714, 310, 17882, 26853, 382, 25796, 4799, 18117, 18331, 29871, 29941, 6199, 4688, 322, 13240, 363, 278, 5232, 19604, 322, 1556, 766, 13013, 19098, 1423, 29899, 6464, 8792, 366, 756, 3926, 7271, 29889, 29871, 29941, 30725, 960, 366, 437, 451, 13590, 10432, 769, 366, 674, 7150, 871, 9078, 11962, 2669, 373, 278, 9008, 322, 1009, 2563, 3268, 338, 19269, 29889, 29871, 29946, 29169, 349, 8273, 13240, 6142, 363, 2030, 260, 271, 10146, 4799, 22116, 1112, 411, 694, 1985, 22684, 18189, 1788, 322, 18425, 29899, 297, 27597, 16286, 14333, 6211, 29889]",eb1ccebda45d79ea6754bfed279e6daa878b79bc8e6c0884f05f74bae81d4c0c,c3d29ce26ebccb05820dd67c70b88a7dfa0a3642e3e281bb93bd7cebbaf361e5,eb1ccebda45d79ea6754bfed279e6daa878b79bc8e6c0884f05f74bae81d4c0c,c3d29ce26ebccb05820dd67c70b88a7dfa0a3642e3e281bb93bd7cebbaf361e5,eb1ccebda45d79ea6754bfed279e6daa878b79bc8e6c0884f05f74bae81d4c0c,c3d29ce26ebccb05820dd67c70b88a7dfa0a3642e3e281bb93bd7cebbaf361e5,True,True,0.024323174729943275,0.024310698732733727,-1.247599720954895e-05,25,1,"[113, 114, 115, 118, 120, 121, 124]","[113, 114]",True,128,8192,False,True,0.2568715214729309,0.24752236902713776,-0.009349152445793152,0.5220582485198975,0.5125710964202881,-0.009487152099609375,0.006481942065875046,0.007840682155801915,0.0013587400899268687,0.011335338815115392,0.012655164653551765,0.0013198258384363726,0.003853628063559767,0.004507442558638927,0.0006538144950791604,0.005707028692250881,0.006523999748531524,0.000816971056280643,16256,16256,0,0,0,1,-1,harmful,2,True
17,42,17,1,8,"[1, 306, 9115, 28738, 341, 10534, 29899, 29923, 1362, 29899, 5493, 601, 21595, 17487, 373, 18682, 26496, 294, 9385, 16997, 313, 29909, 18682, 29909, 29897, 5846, 29871, 29906, 29946, 29871, 29906, 29900, 29896, 29941, 7863, 2610, 24853, 29955, 29871, 29915, 29900, 29896, 19803, 29889, 306, 15649, 278, 23381, 7395, 541, 1009, 4700, 338, 451, 731, 701, 304, 2758, 366, 304, 1831, 596, 12949, 29889, 1105, 306, 5432, 1009, 29871, 29947, 29900, 29900, 1353, 297, 278, 3148, 29889, 306, 5432, 363, 29871, 29941, 24167, 3196, 931, 1269, 5448, 1434, 4856, 7699, 278, 9008, 29889, 910, 10823, 29915, 3600, 4223, 471, 577, 4319, 372, 3614, 29871, 29906, 29900, 6233, 304, 1831, 590, 22091, 29889, 382, 7949, 5593, 18117, 1423, 29899, 23838, 472, 17882, 13798, 338, 10329, 10329, 22993, 373, 319, 1489, 29909, 599, 28134, 363, 278, 341, 8598, 16286, 8389, 297, 263, 2323, 1196, 304, 367, 1423, 29899, 262, 363, 871, 393, 16286, 29889, 450, 1021, 363, 916, 1652, 16286, 29889, 1334, 1476, 445, 714, 491, 6721, 916, 28134, 1724, 304, 437, 408, 727, 892, 694, 319, 18682, 319, 22873, 470, 7475, 7475, 1045, 7613, 2198, 29889, 727, 892, 1472, 1472, 1196, 310, 28134, 5807, 28489, 1549, 278, 8638, 29889, 1423, 29899, 262, 471, 577, 5232, 591, 892, 5932, 591, 723, 3052, 1749, 16286, 1584, 5998, 591, 11977, 29871, 29906, 6199, 4688, 29889, 739, 3282, 29915, 451, 4383, 2466, 1363, 1749, 16286, 471, 29801, 29871, 2211, 6199, 373, 263, 10901, 11195, 29899, 2821, 7250, 29889, 1932, 591, 11977, 472, 341, 5493, 29871, 29941, 6199, 5683, 278, 319, 1489, 29909, 12417, 19518, 750, 7695, 3271, 322, 727, 338, 694, 4856, 304, 1371, 591, 411, 337, 3143, 3143, 1749, 12368, 304, 10059, 29889, 450, 3814, 15780, 1716, 982, 892, 1065, 29899, 1623, 322, 2030, 373, 278, 2768, 29889, 373, 278, 982, 1623, 263, 7747, 27696, 9451, 364, 1131, 287, 278, 4152, 29871, 29929, 6199, 29889, 278, 22684, 18189, 1788, 1258, 451, 664, 2845, 5305, 29889, 450, 16286, 1098, 14722, 871, 7470, 29871, 29946, 8951, 297, 29871, 29929, 6199, 29901, 304, 16330, 13748, 13748, 1156, 2125, 2696, 304, 9080, 322, 6314, 17803, 9080, 322, 6314, 26044, 322, 1361, 714, 5198, 16783, 322, 2888, 16411, 883, 29889, 1619, 9848, 29901, 29871, 29896, 29897, 1938, 451, 11340, 18682, 9169, 294, 9385, 28481, 363, 738, 2769, 1584, 565, 366, 756, 304, 1735, 596, 9850, 3814, 304, 4772, 963, 470, 5146, 901, 373, 1790, 4799, 14337, 29889, 29871, 29906, 30375, 960, 366, 526, 443, 29880, 14395, 3307, 15428, 773, 963, 322, 505, 304, 22764, 714, 310, 17882, 26853, 382, 25796, 4799, 18117, 18331, 29871, 29941, 6199, 4688, 322, 13240, 363, 278, 5232, 19604, 322, 1556, 766, 13013, 19098, 1423, 29899, 6464, 8792, 366, 756, 3926, 7271, 29889, 29871, 29941, 30725, 960, 366, 437, 451, 13590, 10432, 769, 366, 674, 7150, 871, 9078, 11962, 2669, 373, 278, 9008, 322, 1009, 2563, 3268, 338, 19269, 29889, 29871, 29946, 29169, 349, 8273, 13240, 6142, 363, 2030, 260, 271, 10146, 4799, 22116, 1112, 411, 694, 1985, 22684, 18189, 1788, 322, 18425, 29899, 297, 27597, 16286, 14333, 6211, 29889]","[1, 306, 9115, 28738, 341, 10534, 29899, 29923, 1362, 29899, 5493, 601, 21595, 17487, 373, 18682, 26496, 294, 9385, 16997, 313, 29909, 18682, 29909, 29897, 5846, 29871, 29906, 29946, 29871, 29906, 29900, 29896, 29941, 7863, 2610, 24853, 29955, 29871, 29915, 29900, 29896, 19803, 29889, 306, 15649, 278, 23381, 7395, 541, 1009, 4700, 338, 451, 731, 701, 304, 2758, 366, 304, 1831, 596, 12949, 29889, 1105, 306, 5432, 1009, 29871, 29947, 29900, 29900, 1353, 297, 278, 3148, 29889, 306, 5432, 363, 29871, 29941, 24167, 3196, 931, 1269, 5448, 1434, 4856, 7699, 278, 9008, 29889, 910, 10823, 29915, 3600, 4223, 471, 577, 4319, 372, 3614, 29871, 29906, 29900, 6233, 304, 1831, 590, 22091, 29889, 382, 7949, 5593, 18117, 1423, 29899, 23838, 472, 17882, 13798, 338, 10329, 10329, 22993, 373, 319, 1489, 29909, 599, 28134, 363, 278, 341, 10764, 16286, 8389, 297, 263, 2323, 1196, 304, 367, 1423, 29899, 262, 363, 871, 393, 16286, 29889, 450, 1021, 363, 916, 1652, 16286, 29889, 1334, 1476, 445, 714, 491, 6721, 916, 28134, 1724, 304, 437, 408, 727, 892, 694, 319, 18682, 319, 22873, 470, 7475, 7475, 1045, 7613, 2198, 29889, 727, 892, 1472, 1472, 1196, 310, 28134, 5807, 28489, 1549, 278, 8638, 29889, 1423, 29899, 262, 471, 577, 5232, 591, 892, 5932, 591, 723, 3052, 1749, 16286, 1584, 5998, 591, 11977, 29871, 29906, 6199, 4688, 29889, 739, 3282, 29915, 451, 4383, 2466, 1363, 1749, 16286, 471, 29801, 29871, 2211, 6199, 373, 263, 10901, 11195, 29899, 2821, 7250, 29889, 1932, 591, 11977, 472, 341, 5493, 29871, 29941, 6199, 5683, 278, 319, 1489, 29909, 12417, 19518, 750, 7695, 3271, 322, 727, 338, 694, 4856, 304, 1371, 591, 411, 337, 3143, 3143, 1749, 12368, 304, 10059, 29889, 450, 3814, 15780, 1716, 982, 892, 1065, 29899, 1623, 322, 2030, 373, 278, 2768, 29889, 373, 278, 982, 1623, 263, 7747, 27696, 9451, 364, 1131, 287, 278, 4152, 29871, 29929, 6199, 29889, 278, 22684, 18189, 1788, 1258, 451, 664, 2845, 5305, 29889, 450, 16286, 1098, 14722, 871, 7470, 29871, 29946, 8951, 297, 29871, 29929, 6199, 29901, 304, 16330, 13748, 13748, 1156, 2125, 2696, 304, 9080, 322, 6314, 17803, 9080, 322, 6314, 26044, 322, 1361, 714, 5198, 16783, 322, 2888, 16411, 883, 29889, 1619, 9848, 29901, 29871, 29896, 29897, 1938, 451, 11340, 18682, 9169, 294, 9385, 28481, 363, 738, 2769, 1584, 565, 366, 756, 304, 1735, 596, 9850, 3814, 304, 4772, 963, 470, 5146, 901, 373, 1790, 4799, 14337, 29889, 29871, 29906, 30375, 960, 366, 526, 443, 29880, 14395, 3307, 15428, 773, 963, 322, 505, 304, 22764, 714, 310, 17882, 26853, 382, 25796, 4799, 18117, 18331, 29871, 29941, 6199, 4688, 322, 13240, 363, 278, 5232, 19604, 322, 1556, 766, 13013, 19098, 1423, 29899, 6464, 8792, 366, 756, 3926, 7271, 29889, 29871, 29941, 30725, 960, 366, 437, 451, 13590, 10432, 769, 366, 674, 7150, 871, 9078, 11962, 2669, 373, 278, 9008, 322, 1009, 2563, 3268, 338, 19269, 29889, 29871, 29946, 29169, 349, 8273, 13240, 6142, 363, 2030, 260, 271, 10146, 4799, 22116, 1112, 411, 694, 1985, 22684, 18189, 1788, 322, 18425, 29899, 297, 27597, 16286, 14333, 6211, 29889]",c3d29ce26ebccb05820dd67c70b88a7dfa0a3642e3e281bb93bd7cebbaf361e5,e16ddf48a21e6041e9be6ca36a2592cd772f6f19279b169537b8bd1ab9612a43,c3d29ce26ebccb05820dd67c70b88a7dfa0a3642e3e281bb93bd7cebbaf361e5,e16ddf48a21e6041e9be6ca36a2592cd772f6f19279b169537b8bd1ab9612a43,c3d29ce26ebccb05820dd67c70b88a7dfa0a3642e3e281bb93bd7cebbaf361e5,e16ddf48a21e6041e9be6ca36a2592cd772f6f19279b169537b8bd1ab9612a43,True,True,0.024310698732733727,0.023960303515195847,-0.00035039521753787994,15,1,"[131, 135, 137]",[135],True,128,8192,False,True,0.2375001609325409,0.23455370962619781,-0.0029464513063430786,0.5284678936004639,0.5320666432380676,0.0035987496376037598,0.0039000710312393494,0.002627662972372491,-0.0012724080588668585,0.005252116665360518,0.006032077013514936,0.0007799603481544182,0.0039000710312393494,0.002627662972372491,-0.0012724080588668585,0.005252116665360518,0.006032077013514936,0.0007799603481544182,8192,8192,0,0,1,0,1,positive,1,True
17,42,17,1,9,"[1, 306, 9115, 28738, 341, 10534, 29899, 29923, 1362, 29899, 5493, 601, 21595, 17487, 373, 18682, 26496, 294, 9385, 16997, 313, 29909, 18682, 29909, 29897, 5846, 29871, 29906, 29946, 29871, 29906, 29900, 29896, 29941, 7863, 2610, 24853, 29955, 29871, 29915, 29900, 29896, 19803, 29889, 306, 15649, 278, 23381, 7395, 541, 1009, 4700, 338, 451, 731, 701, 304, 2758, 366, 304, 1831, 596, 12949, 29889, 1105, 306, 5432, 1009, 29871, 29947, 29900, 29900, 1353, 297, 278, 3148, 29889, 306, 5432, 363, 29871, 29941, 24167, 3196, 931, 1269, 5448, 1434, 4856, 7699, 278, 9008, 29889, 910, 10823, 29915, 3600, 4223, 471, 577, 4319, 372, 3614, 29871, 29906, 29900, 6233, 304, 1831, 590, 22091, 29889, 382, 7949, 5593, 18117, 1423, 29899, 23838, 472, 17882, 13798, 338, 10329, 10329, 22993, 373, 319, 1489, 29909, 599, 28134, 363, 278, 341, 10764, 16286, 8389, 297, 263, 2323, 1196, 304, 367, 1423, 29899, 262, 363, 871, 393, 16286, 29889, 450, 1021, 363, 916, 1652, 16286, 29889, 1334, 1476, 445, 714, 491, 6721, 916, 28134, 1724, 304, 437, 408, 727, 892, 694, 319, 18682, 319, 22873, 470, 7475, 7475, 1045, 7613, 2198, 29889, 727, 892, 1472, 1472, 1196, 310, 28134, 5807, 28489, 1549, 278, 8638, 29889, 1423, 29899, 262, 471, 577, 5232, 591, 892, 5932, 591, 723, 3052, 1749, 16286, 1584, 5998, 591, 11977, 29871, 29906, 6199, 4688, 29889, 739, 3282, 29915, 451, 4383, 2466, 1363, 1749, 16286, 471, 29801, 29871, 2211, 6199, 373, 263, 10901, 11195, 29899, 2821, 7250, 29889, 1932, 591, 11977, 472, 341, 5493, 29871, 29941, 6199, 5683, 278, 319, 1489, 29909, 12417, 19518, 750, 7695, 3271, 322, 727, 338, 694, 4856, 304, 1371, 591, 411, 337, 3143, 3143, 1749, 12368, 304, 10059, 29889, 450, 3814, 15780, 1716, 982, 892, 1065, 29899, 1623, 322, 2030, 373, 278, 2768, 29889, 373, 278, 982, 1623, 263, 7747, 27696, 9451, 364, 1131, 287, 278, 4152, 29871, 29929, 6199, 29889, 278, 22684, 18189, 1788, 1258, 451, 664, 2845, 5305, 29889, 450, 16286, 1098, 14722, 871, 7470, 29871, 29946, 8951, 297, 29871, 29929, 6199, 29901, 304, 16330, 13748, 13748, 1156, 2125, 2696, 304, 9080, 322, 6314, 17803, 9080, 322, 6314, 26044, 322, 1361, 714, 5198, 16783, 322, 2888, 16411, 883, 29889, 1619, 9848, 29901, 29871, 29896, 29897, 1938, 451, 11340, 18682, 9169, 294, 9385, 28481, 363, 738, 2769, 1584, 565, 366, 756, 304, 1735, 596, 9850, 3814, 304, 4772, 963, 470, 5146, 901, 373, 1790, 4799, 14337, 29889, 29871, 29906, 30375, 960, 366, 526, 443, 29880, 14395, 3307, 15428, 773, 963, 322, 505, 304, 22764, 714, 310, 17882, 26853, 382, 25796, 4799, 18117, 18331, 29871, 29941, 6199, 4688, 322, 13240, 363, 278, 5232, 19604, 322, 1556, 766, 13013, 19098, 1423, 29899, 6464, 8792, 366, 756, 3926, 7271, 29889, 29871, 29941, 30725, 960, 366, 437, 451, 13590, 10432, 769, 366, 674, 7150, 871, 9078, 11962, 2669, 373, 278, 9008, 322, 1009, 2563, 3268, 338, 19269, 29889, 29871, 29946, 29169, 349, 8273, 13240, 6142, 363, 2030, 260, 271, 10146, 4799, 22116, 1112, 411, 694, 1985, 22684, 18189, 1788, 322, 18425, 29899, 297, 27597, 16286, 14333, 6211, 29889]","[1, 306, 9115, 28738, 341, 10534, 29899, 29923, 1362, 29899, 5493, 601, 21595, 17487, 373, 18682, 26496, 294, 9385, 16997, 313, 29909, 18682, 29909, 29897, 5846, 29871, 29906, 29946, 29871, 29906, 29900, 29896, 29941, 7863, 2610, 24853, 29955, 29871, 29915, 29900, 29896, 19803, 29889, 306, 15649, 278, 23381, 7395, 541, 1009, 4700, 338, 451, 731, 701, 304, 2758, 366, 304, 1831, 596, 12949, 29889, 1105, 306, 5432, 1009, 29871, 29947, 29900, 29900, 1353, 297, 278, 3148, 29889, 306, 5432, 363, 29871, 29941, 24167, 3196, 931, 1269, 5448, 1434, 4856, 7699, 278, 9008, 29889, 910, 10823, 29915, 3600, 4223, 471, 577, 4319, 372, 3614, 29871, 29906, 29900, 6233, 304, 1831, 590, 22091, 29889, 382, 7949, 5593, 18117, 1423, 29899, 23838, 472, 17882, 13798, 338, 10329, 10329, 22993, 373, 319, 1489, 29909, 599, 28134, 363, 278, 341, 10764, 16286, 8389, 297, 263, 2323, 1196, 304, 367, 1423, 29899, 262, 363, 871, 393, 16286, 29889, 450, 1021, 363, 916, 1652, 25884, 29889, 1334, 1476, 445, 714, 491, 6721, 916, 28134, 1724, 304, 437, 408, 727, 892, 694, 319, 18682, 319, 22873, 470, 7475, 7475, 1045, 7613, 2198, 29889, 727, 892, 1472, 1472, 1196, 310, 28134, 5807, 28489, 1549, 278, 8638, 29889, 1423, 29899, 262, 471, 577, 5232, 591, 892, 5932, 591, 723, 3052, 1749, 16286, 1584, 5998, 591, 11977, 29871, 29906, 6199, 4688, 29889, 739, 3282, 29915, 451, 4383, 2466, 1363, 1749, 16286, 471, 29801, 29871, 2211, 6199, 373, 263, 10901, 11195, 29899, 2821, 7250, 29889, 1932, 591, 11977, 472, 341, 5493, 29871, 29941, 6199, 5683, 278, 319, 1489, 29909, 12417, 19518, 750, 7695, 3271, 322, 727, 338, 694, 4856, 304, 1371, 591, 411, 337, 3143, 3143, 1749, 12368, 304, 10059, 29889, 450, 3814, 15780, 1716, 982, 892, 1065, 29899, 1623, 322, 2030, 373, 278, 2768, 29889, 373, 278, 982, 1623, 263, 7747, 27696, 9451, 364, 1131, 287, 278, 4152, 29871, 29929, 6199, 29889, 278, 22684, 18189, 1788, 1258, 451, 664, 2845, 5305, 29889, 450, 16286, 1098, 14722, 871, 7470, 29871, 29946, 8951, 297, 29871, 29929, 6199, 29901, 304, 16330, 13748, 13748, 1156, 2125, 2696, 304, 9080, 322, 6314, 17803, 9080, 322, 6314, 26044, 322, 1361, 714, 5198, 16783, 322, 2888, 16411, 883, 29889, 1619, 9848, 29901, 29871, 29896, 29897, 1938, 451, 11340, 18682, 9169, 294, 9385, 28481, 363, 738, 2769, 1584, 565, 366, 756, 304, 1735, 596, 9850, 3814, 304, 4772, 963, 470, 5146, 901, 373, 1790, 4799, 14337, 29889, 29871, 29906, 30375, 960, 366, 526, 443, 29880, 14395, 3307, 15428, 773, 963, 322, 505, 304, 22764, 714, 310, 17882, 26853, 382, 25796, 4799, 18117, 18331, 29871, 29941, 6199, 4688, 322, 13240, 363, 278, 5232, 19604, 322, 1556, 766, 13013, 19098, 1423, 29899, 6464, 8792, 366, 756, 3926, 7271, 29889, 29871, 29941, 30725, 960, 366, 437, 451, 13590, 10432, 769, 366, 674, 7150, 871, 9078, 11962, 2669, 373, 278, 9008, 322, 1009, 2563, 3268, 338, 19269, 29889, 29871, 29946, 29169, 349, 8273, 13240, 6142, 363, 2030, 260, 271, 10146, 4799, 22116, 1112, 411, 694, 1985, 22684, 18189, 1788, 322, 18425, 29899, 297, 27597, 16286, 14333, 6211, 29889]",e16ddf48a21e6041e9be6ca36a2592cd772f6f19279b169537b8bd1ab9612a43,5ee0718b661eb1d5b238b4471a5ad98952e3d521e5a2f63564bdc80eaa138b8f,e16ddf48a21e6041e9be6ca36a2592cd772f6f19279b169537b8bd1ab9612a43,5ee0718b661eb1d5b238b4471a5ad98952e3d521e5a2f63564bdc80eaa138b8f,e16ddf48a21e6041e9be6ca36a2592cd772f6f19279b169537b8bd1ab9612a43,5ee0718b661eb1d5b238b4471a5ad98952e3d521e5a2f63564bdc80eaa138b8f,True,True,0.023960303515195847,0.023913105949759483,-4.719756543636322e-05,8,1,"[150, 157]",[157],True,128,8192,False,True,0.20856837928295135,0.2079104781150818,-0.0006579011678695679,0.5162062644958496,0.5158162713050842,-0.00038999319076538086,0.0017019004299072549,0.0031587205885443836,0.0014568201586371288,0.0036695568487630226,0.004826963246159721,0.0011574063973966986,0.0017019004299072549,0.0031587205885443836,0.0014568201586371288,0.0036695568487630226,0.004826963246159721,0.0011574063973966986,8192,8192,0,0,0,0,0,neutral,1,True
17,42,17,1,10,"[1, 306, 9115, 28738, 341, 10534, 29899, 29923, 1362, 29899, 5493, 601, 21595, 17487, 373, 18682, 26496, 294, 9385, 16997, 313, 29909, 18682, 29909, 29897, 5846, 29871, 29906, 29946, 29871, 29906, 29900, 29896, 29941, 7863, 2610, 24853, 29955, 29871, 29915, 29900, 29896, 19803, 29889, 306, 15649, 278, 23381, 7395, 541, 1009, 4700, 338, 451, 731, 701, 304, 2758, 366, 304, 1831, 596, 12949, 29889, 1105, 306, 5432, 1009, 29871, 29947, 29900, 29900, 1353, 297, 278, 3148, 29889, 306, 5432, 363, 29871, 29941, 24167, 3196, 931, 1269, 5448, 1434, 4856, 7699, 278, 9008, 29889, 910, 10823, 29915, 3600, 4223, 471, 577, 4319, 372, 3614, 29871, 29906, 29900, 6233, 304, 1831, 590, 22091, 29889, 382, 7949, 5593, 18117, 1423, 29899, 23838, 472, 17882, 13798, 338, 10329, 10329, 22993, 373, 319, 1489, 29909, 599, 28134, 363, 278, 341, 10764, 16286, 8389, 297, 263, 2323, 1196, 304, 367, 1423, 29899, 262, 363, 871, 393, 16286, 29889, 450, 1021, 363, 916, 1652, 25884, 29889, 1334, 1476, 445, 714, 491, 6721, 916, 28134, 1724, 304, 437, 408, 727, 892, 694, 319, 18682, 319, 22873, 470, 7475, 7475, 1045, 7613, 2198, 29889, 727, 892, 1472, 1472, 1196, 310, 28134, 5807, 28489, 1549, 278, 8638, 29889, 1423, 29899, 262, 471, 577, 5232, 591, 892, 5932, 591, 723, 3052, 1749, 16286, 1584, 5998, 591, 11977, 29871, 29906, 6199, 4688, 29889, 739, 3282, 29915, 451, 4383, 2466, 1363, 1749, 16286, 471, 29801, 29871, 2211, 6199, 373, 263, 10901, 11195, 29899, 2821, 7250, 29889, 1932, 591, 11977, 472, 341, 5493, 29871, 29941, 6199, 5683, 278, 319, 1489, 29909, 12417, 19518, 750, 7695, 3271, 322, 727, 338, 694, 4856, 304, 1371, 591, 411, 337, 3143, 3143, 1749, 12368, 304, 10059, 29889, 450, 3814, 15780, 1716, 982, 892, 1065, 29899, 1623, 322, 2030, 373, 278, 2768, 29889, 373, 278, 982, 1623, 263, 7747, 27696, 9451, 364, 1131, 287, 278, 4152, 29871, 29929, 6199, 29889, 278, 22684, 18189, 1788, 1258, 451, 664, 2845, 5305, 29889, 450, 16286, 1098, 14722, 871, 7470, 29871, 29946, 8951, 297, 29871, 29929, 6199, 29901, 304, 16330, 13748, 13748, 1156, 2125, 2696, 304, 9080, 322, 6314, 17803, 9080, 322, 6314, 26044, 322, 1361, 714, 5198, 16783, 322, 2888, 16411, 883, 29889, 1619, 9848, 29901, 29871, 29896, 29897, 1938, 451, 11340, 18682, 9169, 294, 9385, 28481, 363, 738, 2769, 1584, 565, 366, 756, 304, 1735, 596, 9850, 3814, 304, 4772, 963, 470, 5146, 901, 373, 1790, 4799, 14337, 29889, 29871, 29906, 30375, 960, 366, 526, 443, 29880, 14395, 3307, 15428, 773, 963, 322, 505, 304, 22764, 714, 310, 17882, 26853, 382, 25796, 4799, 18117, 18331, 29871, 29941, 6199, 4688, 322, 13240, 363, 278, 5232, 19604, 322, 1556, 766, 13013, 19098, 1423, 29899, 6464, 8792, 366, 756, 3926, 7271, 29889, 29871, 29941, 30725, 960, 366, 437, 451, 13590, 10432, 769, 366, 674, 7150, 871, 9078, 11962, 2669, 373, 278, 9008, 322, 1009, 2563, 3268, 338, 19269, 29889, 29871, 29946, 29169, 349, 8273, 13240, 6142, 363, 2030, 260, 271, 10146, 4799, 22116, 1112, 411, 694, 1985, 22684, 18189, 1788, 322, 18425, 29899, 297, 27597, 16286, 14333, 6211, 29889]","[1, 306, 9115, 28738, 341, 10534, 29899, 29923, 1362, 29899, 5493, 601, 21595, 17487, 373, 18682, 26496, 294, 9385, 16997, 313, 29909, 18682, 29909, 29897, 5846, 29871, 29906, 29946, 29871, 29906, 29900, 29896, 29941, 7863, 2610, 24853, 29955, 29871, 29915, 29900, 29896, 19803, 29889, 306, 15649, 278, 23381, 7395, 541, 1009, 4700, 338, 451, 731, 701, 304, 2758, 366, 304, 1831, 596, 12949, 29889, 1105, 306, 5432, 1009, 29871, 29947, 29900, 29900, 1353, 297, 278, 3148, 29889, 306, 5432, 363, 29871, 29941, 24167, 3196, 931, 1269, 5448, 1434, 4856, 7699, 278, 9008, 29889, 910, 10823, 29915, 3600, 4223, 471, 577, 4319, 372, 3614, 29871, 29906, 29900, 6233, 304, 1831, 590, 22091, 29889, 382, 7949, 5593, 18117, 1423, 29899, 23838, 472, 17882, 13798, 338, 10329, 10329, 22993, 373, 319, 1489, 29909, 599, 28134, 363, 278, 341, 10764, 16286, 8389, 297, 263, 2323, 1196, 304, 367, 1423, 29899, 262, 363, 871, 393, 16286, 29889, 450, 1021, 363, 916, 1652, 25884, 29889, 1334, 1476, 445, 714, 491, 6721, 916, 28134, 825, 304, 437, 408, 727, 892, 694, 319, 18682, 319, 22873, 470, 7475, 7475, 1045, 7613, 2198, 29889, 727, 892, 1472, 1472, 1196, 310, 28134, 5807, 28489, 1549, 278, 8638, 29889, 1423, 29899, 262, 471, 577, 5232, 591, 892, 5932, 591, 723, 3052, 1749, 16286, 1584, 5998, 591, 11977, 29871, 29906, 6199, 4688, 29889, 739, 3282, 29915, 451, 4383, 2466, 1363, 1749, 16286, 471, 29801, 29871, 2211, 6199, 373, 263, 10901, 11195, 29899, 2821, 7250, 29889, 1932, 591, 11977, 472, 341, 5493, 29871, 29941, 6199, 5683, 278, 319, 1489, 29909, 12417, 19518, 750, 7695, 3271, 322, 727, 338, 694, 4856, 304, 1371, 591, 411, 337, 3143, 3143, 1749, 12368, 304, 10059, 29889, 450, 3814, 15780, 1716, 982, 892, 1065, 29899, 1623, 322, 2030, 373, 278, 2768, 29889, 373, 278, 982, 1623, 263, 7747, 27696, 9451, 364, 1131, 287, 278, 4152, 29871, 29929, 6199, 29889, 278, 22684, 18189, 1788, 1258, 451, 664, 2845, 5305, 29889, 450, 16286, 1098, 14722, 871, 7470, 29871, 29946, 8951, 297, 29871, 29929, 6199, 29901, 304, 16330, 13748, 13748, 1156, 2125, 2696, 304, 9080, 322, 6314, 17803, 9080, 322, 6314, 26044, 322, 1361, 714, 5198, 16783, 322, 2888, 16411, 883, 29889, 1619, 9848, 29901, 29871, 29896, 29897, 1938, 451, 11340, 18682, 9169, 294, 9385, 28481, 363, 738, 2769, 1584, 565, 366, 756, 304, 1735, 596, 9850, 3814, 304, 4772, 963, 470, 5146, 901, 373, 1790, 4799, 14337, 29889, 29871, 29906, 30375, 960, 366, 526, 443, 29880, 14395, 3307, 15428, 773, 963, 322, 505, 304, 22764, 714, 310, 17882, 26853, 382, 25796, 4799, 18117, 18331, 29871, 29941, 6199, 4688, 322, 13240, 363, 278, 5232, 19604, 322, 1556, 766, 13013, 19098, 1423, 29899, 6464, 8792, 366, 756, 3926, 7271, 29889, 29871, 29941, 30725, 960, 366, 437, 451, 13590, 10432, 769, 366, 674, 7150, 871, 9078, 11962, 2669, 373, 278, 9008, 322, 1009, 2563, 3268, 338, 19269, 29889, 29871, 29946, 29169, 349, 8273, 13240, 6142, 363, 2030, 260, 271, 10146, 4799, 22116, 1112, 411, 694, 1985, 22684, 18189, 1788, 322, 18425, 29899, 297, 27597, 16286, 14333, 6211, 29889]",5ee0718b661eb1d5b238b4471a5ad98952e3d521e5a2f63564bdc80eaa138b8f,7abc5f41a91ec39432bd3fb1a531a3e1c3b3d32037a1c8008a56ec2cef1d1f3f,5ee0718b661eb1d5b238b4471a5ad98952e3d521e5a2f63564bdc80eaa138b8f,7abc5f41a91ec39432bd3fb1a531a3e1c3b3d32037a1c8008a56ec2cef1d1f3f,5ee0718b661eb1d5b238b4471a5ad98952e3d521e5a2f63564bdc80eaa138b8f,7abc5f41a91ec39432bd3fb1a531a3e1c3b3d32037a1c8008a56ec2cef1d1f3f,True,True,0.023913105949759483,0.023531407117843628,-0.0003816988319158554,6,1,"[164, 167, 175]",[167],True,128,8192,False,True,0.22436417639255524,0.20785221457481384,-0.016511961817741394,0.5168348550796509,0.5166181325912476,-0.0002167224884033203,0.004706220133812167,0.0014118278777459636,-0.003294392256066203,0.008102904466795735,0.005373534178943373,-0.002729370287852362,0.004706220133812167,0.0014118278777459636,-0.003294392256066203,0.008102904466795735,0.005373534178943373,-0.002729370287852362,8192,8192,0,0,1,0,1,positive,1,True
17,42,17,1,11,"[1, 306, 9115, 28738, 341, 10534, 29899, 29923, 1362, 29899, 5493, 601, 21595, 17487, 373, 18682, 26496, 294, 9385, 16997, 313, 29909, 18682, 29909, 29897, 5846, 29871, 29906, 29946, 29871, 29906, 29900, 29896, 29941, 7863, 2610, 24853, 29955, 29871, 29915, 29900, 29896, 19803, 29889, 306, 15649, 278, 23381, 7395, 541, 1009, 4700, 338, 451, 731, 701, 304, 2758, 366, 304, 1831, 596, 12949, 29889, 1105, 306, 5432, 1009, 29871, 29947, 29900, 29900, 1353, 297, 278, 3148, 29889, 306, 5432, 363, 29871, 29941, 24167, 3196, 931, 1269, 5448, 1434, 4856, 7699, 278, 9008, 29889, 910, 10823, 29915, 3600, 4223, 471, 577, 4319, 372, 3614, 29871, 29906, 29900, 6233, 304, 1831, 590, 22091, 29889, 382, 7949, 5593, 18117, 1423, 29899, 23838, 472, 17882, 13798, 338, 10329, 10329, 22993, 373, 319, 1489, 29909, 599, 28134, 363, 278, 341, 10764, 16286, 8389, 297, 263, 2323, 1196, 304, 367, 1423, 29899, 262, 363, 871, 393, 16286, 29889, 450, 1021, 363, 916, 1652, 25884, 29889, 1334, 1476, 445, 714, 491, 6721, 916, 28134, 825, 304, 437, 408, 727, 892, 694, 319, 18682, 319, 22873, 470, 7475, 7475, 1045, 7613, 2198, 29889, 727, 892, 1472, 1472, 1196, 310, 28134, 5807, 28489, 1549, 278, 8638, 29889, 1423, 29899, 262, 471, 577, 5232, 591, 892, 5932, 591, 723, 3052, 1749, 16286, 1584, 5998, 591, 11977, 29871, 29906, 6199, 4688, 29889, 739, 3282, 29915, 451, 4383, 2466, 1363, 1749, 16286, 471, 29801, 29871, 2211, 6199, 373, 263, 10901, 11195, 29899, 2821, 7250, 29889, 1932, 591, 11977, 472, 341, 5493, 29871, 29941, 6199, 5683, 278, 319, 1489, 29909, 12417, 19518, 750, 7695, 3271, 322, 727, 338, 694, 4856, 304, 1371, 591, 411, 337, 3143, 3143, 1749, 12368, 304, 10059, 29889, 450, 3814, 15780, 1716, 982, 892, 1065, 29899, 1623, 322, 2030, 373, 278, 2768, 29889, 373, 278, 982, 1623, 263, 7747, 27696, 9451, 364, 1131, 287, 278, 4152, 29871, 29929, 6199, 29889, 278, 22684, 18189, 1788, 1258, 451, 664, 2845, 5305, 29889, 450, 16286, 1098, 14722, 871, 7470, 29871, 29946, 8951, 297, 29871, 29929, 6199, 29901, 304, 16330, 13748, 13748, 1156, 2125, 2696, 304, 9080, 322, 6314, 17803, 9080, 322, 6314, 26044, 322, 1361, 714, 5198, 16783, 322, 2888, 16411, 883, 29889, 1619, 9848, 29901, 29871, 29896, 29897, 1938, 451, 11340, 18682, 9169, 294, 9385, 28481, 363, 738, 2769, 1584, 565, 366, 756, 304, 1735, 596, 9850, 3814, 304, 4772, 963, 470, 5146, 901, 373, 1790, 4799, 14337, 29889, 29871, 29906, 30375, 960, 366, 526, 443, 29880, 14395, 3307, 15428, 773, 963, 322, 505, 304, 22764, 714, 310, 17882, 26853, 382, 25796, 4799, 18117, 18331, 29871, 29941, 6199, 4688, 322, 13240, 363, 278, 5232, 19604, 322, 1556, 766, 13013, 19098, 1423, 29899, 6464, 8792, 366, 756, 3926, 7271, 29889, 29871, 29941, 30725, 960, 366, 437, 451, 13590, 10432, 769, 366, 674, 7150, 871, 9078, 11962, 2669, 373, 278, 9008, 322, 1009, 2563, 3268, 338, 19269, 29889, 29871, 29946, 29169, 349, 8273, 13240, 6142, 363, 2030, 260, 271, 10146, 4799, 22116, 1112, 411, 694, 1985, 22684, 18189, 1788, 322, 18425, 29899, 297, 27597, 16286, 14333, 6211, 29889]","[1, 306, 9115, 28738, 341, 10534, 29899, 29923, 1362, 29899, 5493, 601, 21595, 17487, 373, 18682, 26496, 294, 9385, 16997, 313, 29909, 18682, 29909, 29897, 5846, 29871, 29906, 29946, 29871, 29906, 29900, 29896, 29941, 7863, 2610, 24853, 29955, 29871, 29915, 29900, 29896, 19803, 29889, 306, 15649, 278, 23381, 7395, 541, 1009, 4700, 338, 451, 731, 701, 304, 2758, 366, 304, 1831, 596, 12949, 29889, 1105, 306, 5432, 1009, 29871, 29947, 29900, 29900, 1353, 297, 278, 3148, 29889, 306, 5432, 363, 29871, 29941, 24167, 3196, 931, 1269, 5448, 1434, 4856, 7699, 278, 9008, 29889, 910, 10823, 29915, 3600, 4223, 471, 577, 4319, 372, 3614, 29871, 29906, 29900, 6233, 304, 1831, 590, 22091, 29889, 382, 7949, 5593, 18117, 1423, 29899, 23838, 472, 17882, 13798, 338, 10329, 10329, 22993, 373, 319, 1489, 29909, 599, 28134, 363, 278, 341, 10764, 16286, 8389, 297, 263, 2323, 1196, 304, 367, 1423, 29899, 262, 363, 871, 393, 16286, 29889, 450, 1021, 363, 916, 1652, 25884, 29889, 1334, 1476, 445, 714, 491, 6721, 916, 28134, 825, 304, 437, 408, 727, 892, 694, 319, 18682, 319, 22873, 470, 7475, 11231, 885, 25269, 2198, 29889, 727, 892, 1472, 1472, 3454, 310, 28134, 5807, 28489, 1549, 278, 8638, 29889, 1423, 29899, 262, 471, 577, 5232, 591, 892, 5932, 591, 723, 3052, 1749, 16286, 1584, 5998, 591, 11977, 29871, 29906, 6199, 4688, 29889, 739, 3282, 29915, 451, 4383, 2466, 1363, 1749, 16286, 471, 29801, 29871, 2211, 6199, 373, 263, 10901, 11195, 29899, 2821, 7250, 29889, 1932, 591, 11977, 472, 341, 5493, 29871, 29941, 6199, 5683, 278, 319, 1489, 29909, 12417, 19518, 750, 7695, 3271, 322, 727, 338, 694, 4856, 304, 1371, 591, 411, 337, 3143, 3143, 1749, 12368, 304, 10059, 29889, 450, 3814, 15780, 1716, 982, 892, 1065, 29899, 1623, 322, 2030, 373, 278, 2768, 29889, 373, 278, 982, 1623, 263, 7747, 27696, 9451, 364, 1131, 287, 278, 4152, 29871, 29929, 6199, 29889, 278, 22684, 18189, 1788, 1258, 451, 664, 2845, 5305, 29889, 450, 16286, 1098, 14722, 871, 7470, 29871, 29946, 8951, 297, 29871, 29929, 6199, 29901, 304, 16330, 13748, 13748, 1156, 2125, 2696, 304, 9080, 322, 6314, 17803, 9080, 322, 6314, 26044, 322, 1361, 714, 5198, 16783, 322, 2888, 16411, 883, 29889, 1619, 9848, 29901, 29871, 29896, 29897, 1938, 451, 11340, 18682, 9169, 294, 9385, 28481, 363, 738, 2769, 1584, 565, 366, 756, 304, 1735, 596, 9850, 3814, 304, 4772, 963, 470, 5146, 901, 373, 1790, 4799, 14337, 29889, 29871, 29906, 30375, 960, 366, 526, 443, 29880, 14395, 3307, 15428, 773, 963, 322, 505, 304, 22764, 714, 310, 17882, 26853, 382, 25796, 4799, 18117, 18331, 29871, 29941, 6199, 4688, 322, 13240, 363, 278, 5232, 19604, 322, 1556, 766, 13013, 19098, 1423, 29899, 6464, 8792, 366, 756, 3926, 7271, 29889, 29871, 29941, 30725, 960, 366, 437, 451, 13590, 10432, 769, 366, 674, 7150, 871, 9078, 11962, 2669, 373, 278, 9008, 322, 1009, 2563, 3268, 338, 19269, 29889, 29871, 29946, 29169, 349, 8273, 13240, 6142, 363, 2030, 260, 271, 10146, 4799, 22116, 1112, 411, 694, 1985, 22684, 18189, 1788, 322, 18425, 29899, 297, 27597, 16286, 14333, 6211, 29889]",7abc5f41a91ec39432bd3fb1a531a3e1c3b3d32037a1c8008a56ec2cef1d1f3f,d9af5c80f509daa36144c15bf92de4c5033559840748dd7d4b9cb916eee2631f,7abc5f41a91ec39432bd3fb1a531a3e1c3b3d32037a1c8008a56ec2cef1d1f3f,d9af5c80f509daa36144c15bf92de4c5033559840748dd7d4b9cb916eee2631f,7abc5f41a91ec39432bd3fb1a531a3e1c3b3d32037a1c8008a56ec2cef1d1f3f,d9af5c80f509daa36144c15bf92de4c5033559840748dd7d4b9cb916eee2631f,True,True,0.023531407117843628,0.023346368223428726,-0.00018503889441490173,14,1,"[180, 181, 182, 189]","[180, 181, 182, 189]",True,128,8192,False,True,0.21508488059043884,0.18570637702941895,-0.029378503561019897,0.5344799757003784,0.5414286851882935,0.006948709487915039,0.007821915431122761,0.008516215093550272,0.0006942996624275111,0.01629972137743607,0.018310625084268395,0.0020109037068323232,0.0019132520385147607,0.0020592061241661184,0.00014595408565135776,0.003804905153047599,0.004452805216118815,0.0006479000630712165,31232,31232,0,0,1,1,0,neutral,4,True
17,42,17,1,13,"[1, 306, 9115, 28738, 341, 10534, 29899, 29923, 1362, 29899, 5493, 601, 21595, 17487, 373, 18682, 26496, 294, 9385, 16997, 313, 29909, 18682, 29909, 29897, 5846, 29871, 29906, 29946, 29871, 29906, 29900, 29896, 29941, 7863, 2610, 24853, 29955, 29871, 29915, 29900, 29896, 19803, 29889, 306, 15649, 278, 23381, 7395, 541, 1009, 4700, 338, 451, 731, 701, 304, 2758, 366, 304, 1831, 596, 12949, 29889, 1105, 306, 5432, 1009, 29871, 29947, 29900, 29900, 1353, 297, 278, 3148, 29889, 306, 5432, 363, 29871, 29941, 24167, 3196, 931, 1269, 5448, 1434, 4856, 7699, 278, 9008, 29889, 910, 10823, 29915, 3600, 4223, 471, 577, 4319, 372, 3614, 29871, 29906, 29900, 6233, 304, 1831, 590, 22091, 29889, 382, 7949, 5593, 18117, 1423, 29899, 23838, 472, 17882, 13798, 338, 10329, 10329, 22993, 373, 319, 1489, 29909, 599, 28134, 363, 278, 341, 10764, 16286, 8389, 297, 263, 2323, 1196, 304, 367, 1423, 29899, 262, 363, 871, 393, 16286, 29889, 450, 1021, 363, 916, 1652, 25884, 29889, 1334, 1476, 445, 714, 491, 6721, 916, 28134, 825, 304, 437, 408, 727, 892, 694, 319, 18682, 319, 22873, 470, 7475, 11231, 885, 25269, 2198, 29889, 727, 892, 1472, 1472, 3454, 310, 28134, 5807, 28489, 1549, 278, 8638, 29889, 1423, 29899, 262, 471, 577, 5232, 591, 892, 5932, 591, 723, 3052, 1749, 16286, 1584, 5998, 591, 11977, 29871, 29906, 6199, 4688, 29889, 739, 3282, 29915, 451, 4383, 2466, 1363, 1749, 16286, 471, 29801, 29871, 2211, 6199, 373, 263, 10901, 11195, 29899, 2821, 7250, 29889, 1932, 591, 11977, 472, 341, 5493, 29871, 29941, 6199, 5683, 278, 319, 1489, 29909, 12417, 19518, 750, 7695, 3271, 322, 727, 338, 694, 4856, 304, 1371, 591, 411, 337, 3143, 3143, 1749, 12368, 304, 10059, 29889, 450, 3814, 15780, 1716, 982, 892, 1065, 29899, 1623, 322, 2030, 373, 278, 2768, 29889, 373, 278, 982, 1623, 263, 7747, 27696, 9451, 364, 1131, 287, 278, 4152, 29871, 29929, 6199, 29889, 278, 22684, 18189, 1788, 1258, 451, 664, 2845, 5305, 29889, 450, 16286, 1098, 14722, 871, 7470, 29871, 29946, 8951, 297, 29871, 29929, 6199, 29901, 304, 16330, 13748, 13748, 1156, 2125, 2696, 304, 9080, 322, 6314, 17803, 9080, 322, 6314, 26044, 322, 1361, 714, 5198, 16783, 322, 2888, 16411, 883, 29889, 1619, 9848, 29901, 29871, 29896, 29897, 1938, 451, 11340, 18682, 9169, 294, 9385, 28481, 363, 738, 2769, 1584, 565, 366, 756, 304, 1735, 596, 9850, 3814, 304, 4772, 963, 470, 5146, 901, 373, 1790, 4799, 14337, 29889, 29871, 29906, 30375, 960, 366, 526, 443, 29880, 14395, 3307, 15428, 773, 963, 322, 505, 304, 22764, 714, 310, 17882, 26853, 382, 25796, 4799, 18117, 18331, 29871, 29941, 6199, 4688, 322, 13240, 363, 278, 5232, 19604, 322, 1556, 766, 13013, 19098, 1423, 29899, 6464, 8792, 366, 756, 3926, 7271, 29889, 29871, 29941, 30725, 960, 366, 437, 451, 13590, 10432, 769, 366, 674, 7150, 871, 9078, 11962, 2669, 373, 278, 9008, 322, 1009, 2563, 3268, 338, 19269, 29889, 29871, 29946, 29169, 349, 8273, 13240, 6142, 363, 2030, 260, 271, 10146, 4799, 22116, 1112, 411, 694, 1985, 22684, 18189, 1788, 322, 18425, 29899, 297, 27597, 16286, 14333, 6211, 29889]","[1, 306, 9115, 28738, 341, 10534, 29899, 29923, 1362, 29899, 5493, 601, 21595, 17487, 373, 18682, 26496, 294, 9385, 16997, 313, 29909, 18682, 29909, 29897, 5846, 29871, 29906, 29946, 29871, 29906, 29900, 29896, 29941, 7863, 2610, 24853, 29955, 29871, 29915, 29900, 29896, 19803, 29889, 306, 15649, 278, 23381, 7395, 541, 1009, 4700, 338, 451, 731, 701, 304, 2758, 366, 304, 1831, 596, 12949, 29889, 1105, 306, 5432, 1009, 29871, 29947, 29900, 29900, 1353, 297, 278, 3148, 29889, 306, 5432, 363, 29871, 29941, 24167, 3196, 931, 1269, 5448, 1434, 4856, 7699, 278, 9008, 29889, 910, 10823, 29915, 3600, 4223, 471, 577, 4319, 372, 3614, 29871, 29906, 29900, 6233, 304, 1831, 590, 22091, 29889, 382, 7949, 5593, 18117, 1423, 29899, 23838, 472, 17882, 13798, 338, 10329, 10329, 22993, 373, 319, 1489, 29909, 599, 28134, 363, 278, 341, 10764, 16286, 8389, 297, 263, 2323, 1196, 304, 367, 1423, 29899, 262, 363, 871, 393, 16286, 29889, 450, 1021, 363, 916, 1652, 25884, 29889, 1334, 1476, 445, 714, 491, 6721, 916, 28134, 825, 304, 437, 408, 727, 892, 694, 319, 18682, 319, 22873, 470, 7475, 11231, 885, 25269, 2198, 29889, 727, 892, 1472, 1472, 3454, 310, 28134, 5807, 28489, 1549, 278, 8638, 29889, 1423, 29899, 262, 471, 577, 5232, 591, 892, 5932, 591, 723, 3052, 1749, 16286, 1584, 2466, 591, 11977, 29871, 29906, 6199, 4688, 29889, 739, 3282, 29915, 451, 4383, 2466, 1363, 1749, 16286, 471, 29801, 29871, 2211, 6199, 373, 263, 10901, 11195, 29899, 2821, 7250, 29889, 1932, 591, 11977, 472, 341, 5493, 29871, 29941, 6199, 5683, 278, 319, 1489, 29909, 12417, 19518, 750, 7695, 3271, 322, 727, 338, 694, 4856, 304, 1371, 591, 411, 337, 3143, 3143, 1749, 12368, 304, 10059, 29889, 450, 3814, 15780, 1716, 982, 892, 1065, 29899, 1623, 322, 2030, 373, 278, 2768, 29889, 373, 278, 982, 1623, 263, 7747, 27696, 9451, 364, 1131, 287, 278, 4152, 29871, 29929, 6199, 29889, 278, 22684, 18189, 1788, 1258, 451, 664, 2845, 5305, 29889, 450, 16286, 1098, 14722, 871, 7470, 29871, 29946, 8951, 297, 29871, 29929, 6199, 29901, 304, 16330, 13748, 13748, 1156, 2125, 2696, 304, 9080, 322, 6314, 17803, 9080, 322, 6314, 26044, 322, 1361, 714, 5198, 16783, 322, 2888, 16411, 883, 29889, 1619, 9848, 29901, 29871, 29896, 29897, 1938, 451, 11340, 18682, 9169, 294, 9385, 28481, 363, 738, 2769, 1584, 565, 366, 756, 304, 1735, 596, 9850, 3814, 304, 4772, 963, 470, 5146, 901, 373, 1790, 4799, 14337, 29889, 29871, 29906, 30375, 960, 366, 526, 443, 29880, 14395, 3307, 15428, 773, 963, 322, 505, 304, 22764, 714, 310, 17882, 26853, 382, 25796, 4799, 18117, 18331, 29871, 29941, 6199, 4688, 322, 13240, 363, 278, 5232, 19604, 322, 1556, 766, 13013, 19098, 1423, 29899, 6464, 8792, 366, 756, 3926, 7271, 29889, 29871, 29941, 30725, 960, 366, 437, 451, 13590, 10432, 769, 366, 674, 7150, 871, 9078, 11962, 2669, 373, 278, 9008, 322, 1009, 2563, 3268, 338, 19269, 29889, 29871, 29946, 29169, 349, 8273, 13240, 6142, 363, 2030, 260, 271, 10146, 4799, 22116, 1112, 411, 694, 1985, 22684, 18189, 1788, 322, 18425, 29899, 297, 27597, 16286, 14333, 6211, 29889]",d9af5c80f509daa36144c15bf92de4c5033559840748dd7d4b9cb916eee2631f,067e222d83f127949c752a27c923e9fef9fa0e6ee63dbba256120dd0e80638d5,d9af5c80f509daa36144c15bf92de4c5033559840748dd7d4b9cb916eee2631f,067e222d83f127949c752a27c923e9fef9fa0e6ee63dbba256120dd0e80638d5,d9af5c80f509daa36144c15bf92de4c5033559840748dd7d4b9cb916eee2631f,067e222d83f127949c752a27c923e9fef9fa0e6ee63dbba256120dd0e80638d5,True,True,0.023346368223428726,0.02323172613978386,-0.00011464208364486694,8,1,"[208, 213, 214, 221]",[213],True,128,8192,False,True,0.24652686715126038,0.24683241546154022,0.0003055483102798462,0.573707103729248,0.5738155841827393,0.00010848045349121094,0.0011795809987233952,0.0008869984667398967,-0.0002925825319834985,0.004354555392637849,0.00421425868262304,-0.00014029671001480892,0.0011795809987233952,0.0008869984667398967,-0.0002925825319834985,0.004354555392637849,0.00421425868262304,-0.00014029671001480892,8192,8192,0,0,1,0,1,positive,1,True
17,42,17,1,17,"[1, 306, 9115, 28738, 341, 10534, 29899, 29923, 1362, 29899, 5493, 601, 21595, 17487, 373, 18682, 26496, 294, 9385, 16997, 313, 29909, 18682, 29909, 29897, 5846, 29871, 29906, 29946, 29871, 29906, 29900, 29896, 29941, 7863, 2610, 24853, 29955, 29871, 29915, 29900, 29896, 19803, 29889, 306, 15649, 278, 23381, 7395, 541, 1009, 4700, 338, 451, 731, 701, 304, 2758, 366, 304, 1831, 596, 12949, 29889, 1105, 306, 5432, 1009, 29871, 29947, 29900, 29900, 1353, 297, 278, 3148, 29889, 306, 5432, 363, 29871, 29941, 24167, 3196, 931, 1269, 5448, 1434, 4856, 7699, 278, 9008, 29889, 910, 10823, 29915, 3600, 4223, 471, 577, 4319, 372, 3614, 29871, 29906, 29900, 6233, 304, 1831, 590, 22091, 29889, 382, 7949, 5593, 18117, 1423, 29899, 23838, 472, 17882, 13798, 338, 10329, 10329, 22993, 373, 319, 1489, 29909, 599, 28134, 363, 278, 341, 10764, 16286, 8389, 297, 263, 2323, 1196, 304, 367, 1423, 29899, 262, 363, 871, 393, 16286, 29889, 450, 1021, 363, 916, 1652, 25884, 29889, 1334, 1476, 445, 714, 491, 6721, 916, 28134, 825, 304, 437, 408, 727, 892, 694, 319, 18682, 319, 22873, 470, 7475, 11231, 885, 25269, 2198, 29889, 727, 892, 1472, 1472, 3454, 310, 28134, 5807, 28489, 1549, 278, 8638, 29889, 1423, 29899, 262, 471, 577, 5232, 591, 892, 5932, 591, 723, 3052, 1749, 16286, 1584, 2466, 591, 11977, 29871, 29906, 6199, 4688, 29889, 739, 3282, 29915, 451, 4383, 2466, 1363, 1749, 16286, 471, 29801, 29871, 2211, 6199, 373, 263, 10901, 11195, 29899, 2821, 7250, 29889, 1932, 591, 11977, 472, 341, 5493, 29871, 29941, 6199, 5683, 278, 319, 1489, 29909, 12417, 19518, 750, 7695, 3271, 322, 727, 338, 694, 4856, 304, 1371, 591, 411, 337, 3143, 3143, 1749, 12368, 304, 10059, 29889, 450, 3814, 15780, 1716, 982, 892, 1065, 29899, 1623, 322, 2030, 373, 278, 2768, 29889, 373, 278, 982, 1623, 263, 7747, 27696, 9451, 364, 1131, 287, 278, 4152, 29871, 29929, 6199, 29889, 278, 22684, 18189, 1788, 1258, 451, 664, 2845, 5305, 29889, 450, 16286, 1098, 14722, 871, 7470, 29871, 29946, 8951, 297, 29871, 29929, 6199, 29901, 304, 16330, 13748, 13748, 1156, 2125, 2696, 304, 9080, 322, 6314, 17803, 9080, 322, 6314, 26044, 322, 1361, 714, 5198, 16783, 322, 2888, 16411, 883, 29889, 1619, 9848, 29901, 29871, 29896, 29897, 1938, 451, 11340, 18682, 9169, 294, 9385, 28481, 363, 738, 2769, 1584, 565, 366, 756, 304, 1735, 596, 9850, 3814, 304, 4772, 963, 470, 5146, 901, 373, 1790, 4799, 14337, 29889, 29871, 29906, 30375, 960, 366, 526, 443, 29880, 14395, 3307, 15428, 773, 963, 322, 505, 304, 22764, 714, 310, 17882, 26853, 382, 25796, 4799, 18117, 18331, 29871, 29941, 6199, 4688, 322, 13240, 363, 278, 5232, 19604, 322, 1556, 766, 13013, 19098, 1423, 29899, 6464, 8792, 366, 756, 3926, 7271, 29889, 29871, 29941, 30725, 960, 366, 437, 451, 13590, 10432, 769, 366, 674, 7150, 871, 9078, 11962, 2669, 373, 278, 9008, 322, 1009, 2563, 3268, 338, 19269, 29889, 29871, 29946, 29169, 349, 8273, 13240, 6142, 363, 2030, 260, 271, 10146, 4799, 22116, 1112, 411, 694, 1985, 22684, 18189, 1788, 322, 18425, 29899, 297, 27597, 16286, 14333, 6211, 29889]","[1, 306, 9115, 28738, 341, 10534, 29899, 29923, 1362, 29899, 5493, 601, 21595, 17487, 373, 18682, 26496, 294, 9385, 16997, 313, 29909, 18682, 29909, 29897, 5846, 29871, 29906, 29946, 29871, 29906, 29900, 29896, 29941, 7863, 2610, 24853, 29955, 29871, 29915, 29900, 29896, 19803, 29889, 306, 15649, 278, 23381, 7395, 541, 1009, 4700, 338, 451, 731, 701, 304, 2758, 366, 304, 1831, 596, 12949, 29889, 1105, 306, 5432, 1009, 29871, 29947, 29900, 29900, 1353, 297, 278, 3148, 29889, 306, 5432, 363, 29871, 29941, 24167, 3196, 931, 1269, 5448, 1434, 4856, 7699, 278, 9008, 29889, 910, 10823, 29915, 3600, 4223, 471, 577, 4319, 372, 3614, 29871, 29906, 29900, 6233, 304, 1831, 590, 22091, 29889, 382, 7949, 5593, 18117, 1423, 29899, 23838, 472, 17882, 13798, 338, 10329, 10329, 22993, 373, 319, 1489, 29909, 599, 28134, 363, 278, 341, 10764, 16286, 8389, 297, 263, 2323, 1196, 304, 367, 1423, 29899, 262, 363, 871, 393, 16286, 29889, 450, 1021, 363, 916, 1652, 25884, 29889, 1334, 1476, 445, 714, 491, 6721, 916, 28134, 825, 304, 437, 408, 727, 892, 694, 319, 18682, 319, 22873, 470, 7475, 11231, 885, 25269, 2198, 29889, 727, 892, 1472, 1472, 3454, 310, 28134, 5807, 28489, 1549, 278, 8638, 29889, 1423, 29899, 262, 471, 577, 5232, 591, 892, 5932, 591, 723, 3052, 1749, 16286, 1584, 2466, 591, 11977, 29871, 29906, 6199, 4688, 29889, 739, 3282, 29915, 451, 4383, 2466, 1363, 1749, 16286, 471, 29801, 29871, 2211, 6199, 373, 263, 10901, 11195, 29899, 2821, 7250, 29889, 1932, 591, 11977, 472, 341, 5493, 29871, 29941, 6199, 5683, 278, 319, 1489, 29909, 12417, 19518, 750, 7695, 3271, 322, 727, 338, 694, 4856, 304, 1371, 591, 411, 337, 2909, 3143, 1749, 12368, 304, 10059, 29889, 450, 3814, 15780, 1716, 982, 892, 1065, 29899, 1623, 322, 2030, 373, 278, 2768, 29889, 373, 278, 982, 1623, 263, 7747, 27696, 9451, 364, 1131, 287, 278, 4152, 29871, 29929, 6199, 29889, 278, 22684, 18189, 1788, 1258, 451, 664, 2845, 5305, 29889, 450, 16286, 1098, 14722, 871, 7470, 29871, 29946, 8951, 297, 29871, 29929, 6199, 29901, 304, 16330, 13748, 13748, 1156, 2125, 2696, 304, 9080, 322, 6314, 17803, 9080, 322, 6314, 26044, 322, 1361, 714, 5198, 16783, 322, 2888, 16411, 883, 29889, 1619, 9848, 29901, 29871, 29896, 29897, 1938, 451, 11340, 18682, 9169, 294, 9385, 28481, 363, 738, 2769, 1584, 565, 366, 756, 304, 1735, 596, 9850, 3814, 304, 4772, 963, 470, 5146, 901, 373, 1790, 4799, 14337, 29889, 29871, 29906, 30375, 960, 366, 526, 443, 29880, 14395, 3307, 15428, 773, 963, 322, 505, 304, 22764, 714, 310, 17882, 26853, 382, 25796, 4799, 18117, 18331, 29871, 29941, 6199, 4688, 322, 13240, 363, 278, 5232, 19604, 322, 1556, 766, 13013, 19098, 1423, 29899, 6464, 8792, 366, 756, 3926, 7271, 29889, 29871, 29941, 30725, 960, 366, 437, 451, 13590, 10432, 769, 366, 674, 7150, 871, 9078, 11962, 2669, 373, 278, 9008, 322, 1009, 2563, 3268, 338, 19269, 29889, 29871, 29946, 29169, 349, 8273, 13240, 6142, 363, 2030, 260, 271, 10146, 4799, 22116, 1112, 411, 694, 1985, 22684, 18189, 1788, 322, 18425, 29899, 297, 27597, 16286, 14333, 6211, 29889]",067e222d83f127949c752a27c923e9fef9fa0e6ee63dbba256120dd0e80638d5,a64fc0c3c8ebfc6116e74d1698c0a588bbe384a305fb3dc5c8009eebe59198eb,067e222d83f127949c752a27c923e9fef9fa0e6ee63dbba256120dd0e80638d5,a64fc0c3c8ebfc6116e74d1698c0a588bbe384a305fb3dc5c8009eebe59198eb,067e222d83f127949c752a27c923e9fef9fa0e6ee63dbba256120dd0e80638d5,a64fc0c3c8ebfc6116e74d1698c0a588bbe384a305fb3dc5c8009eebe59198eb,True,True,0.02323172613978386,0.02319873869419098,-3.298744559288025e-05,9,1,"[272, 274, 275, 284]",[272],True,128,8192,False,True,0.21035979688167572,0.20928028225898743,-0.0010795146226882935,0.531396746635437,0.5316668748855591,0.0002701282501220703,0.001895361790957395,0.001641095099330414,-0.0002542666916269809,0.004391640468384139,0.004198326350888237,-0.00019331411749590188,0.001895361790957395,0.001641095099330414,-0.0002542666916269809,0.004391640468384139,0.004198326350888237,-0.00019331411749590188,8192,8192,0,0,1,0,1,positive,1,True
17,42,17,1,18,"[1, 306, 9115, 28738, 341, 10534, 29899, 29923, 1362, 29899, 5493, 601, 21595, 17487, 373, 18682, 26496, 294, 9385, 16997, 313, 29909, 18682, 29909, 29897, 5846, 29871, 29906, 29946, 29871, 29906, 29900, 29896, 29941, 7863, 2610, 24853, 29955, 29871, 29915, 29900, 29896, 19803, 29889, 306, 15649, 278, 23381, 7395, 541, 1009, 4700, 338, 451, 731, 701, 304, 2758, 366, 304, 1831, 596, 12949, 29889, 1105, 306, 5432, 1009, 29871, 29947, 29900, 29900, 1353, 297, 278, 3148, 29889, 306, 5432, 363, 29871, 29941, 24167, 3196, 931, 1269, 5448, 1434, 4856, 7699, 278, 9008, 29889, 910, 10823, 29915, 3600, 4223, 471, 577, 4319, 372, 3614, 29871, 29906, 29900, 6233, 304, 1831, 590, 22091, 29889, 382, 7949, 5593, 18117, 1423, 29899, 23838, 472, 17882, 13798, 338, 10329, 10329, 22993, 373, 319, 1489, 29909, 599, 28134, 363, 278, 341, 10764, 16286, 8389, 297, 263, 2323, 1196, 304, 367, 1423, 29899, 262, 363, 871, 393, 16286, 29889, 450, 1021, 363, 916, 1652, 25884, 29889, 1334, 1476, 445, 714, 491, 6721, 916, 28134, 825, 304, 437, 408, 727, 892, 694, 319, 18682, 319, 22873, 470, 7475, 11231, 885, 25269, 2198, 29889, 727, 892, 1472, 1472, 3454, 310, 28134, 5807, 28489, 1549, 278, 8638, 29889, 1423, 29899, 262, 471, 577, 5232, 591, 892, 5932, 591, 723, 3052, 1749, 16286, 1584, 2466, 591, 11977, 29871, 29906, 6199, 4688, 29889, 739, 3282, 29915, 451, 4383, 2466, 1363, 1749, 16286, 471, 29801, 29871, 2211, 6199, 373, 263, 10901, 11195, 29899, 2821, 7250, 29889, 1932, 591, 11977, 472, 341, 5493, 29871, 29941, 6199, 5683, 278, 319, 1489, 29909, 12417, 19518, 750, 7695, 3271, 322, 727, 338, 694, 4856, 304, 1371, 591, 411, 337, 2909, 3143, 1749, 12368, 304, 10059, 29889, 450, 3814, 15780, 1716, 982, 892, 1065, 29899, 1623, 322, 2030, 373, 278, 2768, 29889, 373, 278, 982, 1623, 263, 7747, 27696, 9451, 364, 1131, 287, 278, 4152, 29871, 29929, 6199, 29889, 278, 22684, 18189, 1788, 1258, 451, 664, 2845, 5305, 29889, 450, 16286, 1098, 14722, 871, 7470, 29871, 29946, 8951, 297, 29871, 29929, 6199, 29901, 304, 16330, 13748, 13748, 1156, 2125, 2696, 304, 9080, 322, 6314, 17803, 9080, 322, 6314, 26044, 322, 1361, 714, 5198, 16783, 322, 2888, 16411, 883, 29889, 1619, 9848, 29901, 29871, 29896, 29897, 1938, 451, 11340, 18682, 9169, 294, 9385, 28481, 363, 738, 2769, 1584, 565, 366, 756, 304, 1735, 596, 9850, 3814, 304, 4772, 963, 470, 5146, 901, 373, 1790, 4799, 14337, 29889, 29871, 29906, 30375, 960, 366, 526, 443, 29880, 14395, 3307, 15428, 773, 963, 322, 505, 304, 22764, 714, 310, 17882, 26853, 382, 25796, 4799, 18117, 18331, 29871, 29941, 6199, 4688, 322, 13240, 363, 278, 5232, 19604, 322, 1556, 766, 13013, 19098, 1423, 29899, 6464, 8792, 366, 756, 3926, 7271, 29889, 29871, 29941, 30725, 960, 366, 437, 451, 13590, 10432, 769, 366, 674, 7150, 871, 9078, 11962, 2669, 373, 278, 9008, 322, 1009, 2563, 3268, 338, 19269, 29889, 29871, 29946, 29169, 349, 8273, 13240, 6142, 363, 2030, 260, 271, 10146, 4799, 22116, 1112, 411, 694, 1985, 22684, 18189, 1788, 322, 18425, 29899, 297, 27597, 16286, 14333, 6211, 29889]","[1, 306, 9115, 28738, 341, 10534, 29899, 29923, 1362, 29899, 5493, 601, 21595, 17487, 373, 18682, 26496, 294, 9385, 16997, 313, 29909, 18682, 29909, 29897, 5846, 29871, 29906, 29946, 29871, 29906, 29900, 29896, 29941, 7863, 2610, 24853, 29955, 29871, 29915, 29900, 29896, 19803, 29889, 306, 15649, 278, 23381, 7395, 541, 1009, 4700, 338, 451, 731, 701, 304, 2758, 366, 304, 1831, 596, 12949, 29889, 1105, 306, 5432, 1009, 29871, 29947, 29900, 29900, 1353, 297, 278, 3148, 29889, 306, 5432, 363, 29871, 29941, 24167, 3196, 931, 1269, 5448, 1434, 4856, 7699, 278, 9008, 29889, 910, 10823, 29915, 3600, 4223, 471, 577, 4319, 372, 3614, 29871, 29906, 29900, 6233, 304, 1831, 590, 22091, 29889, 382, 7949, 5593, 18117, 1423, 29899, 23838, 472, 17882, 13798, 338, 10329, 10329, 22993, 373, 319, 1489, 29909, 599, 28134, 363, 278, 341, 10764, 16286, 8389, 297, 263, 2323, 1196, 304, 367, 1423, 29899, 262, 363, 871, 393, 16286, 29889, 450, 1021, 363, 916, 1652, 25884, 29889, 1334, 1476, 445, 714, 491, 6721, 916, 28134, 825, 304, 437, 408, 727, 892, 694, 319, 18682, 319, 22873, 470, 7475, 11231, 885, 25269, 2198, 29889, 727, 892, 1472, 1472, 3454, 310, 28134, 5807, 28489, 1549, 278, 8638, 29889, 1423, 29899, 262, 471, 577, 5232, 591, 892, 5932, 591, 723, 3052, 1749, 16286, 1584, 2466, 591, 11977, 29871, 29906, 6199, 4688, 29889, 739, 3282, 29915, 451, 4383, 2466, 1363, 1749, 16286, 471, 29801, 29871, 2211, 6199, 373, 263, 10901, 11195, 29899, 2821, 7250, 29889, 1932, 591, 11977, 472, 341, 5493, 29871, 29941, 6199, 5683, 278, 319, 1489, 29909, 12417, 19518, 750, 7695, 3271, 322, 727, 338, 694, 4856, 304, 1371, 591, 411, 337, 2909, 3143, 1749, 12368, 304, 10059, 29889, 450, 3814, 15780, 1716, 982, 892, 1065, 29899, 1623, 322, 2030, 373, 278, 2768, 29889, 1551, 278, 982, 1623, 263, 7747, 27696, 9451, 364, 1131, 287, 278, 4152, 29871, 29929, 6199, 29889, 278, 22684, 18189, 1788, 1258, 451, 664, 2845, 5305, 29889, 450, 16286, 1098, 14722, 871, 7470, 29871, 29946, 8951, 297, 29871, 29929, 6199, 29901, 304, 16330, 13748, 13748, 1156, 2125, 2696, 304, 9080, 322, 6314, 17803, 9080, 322, 6314, 26044, 322, 1361, 714, 5198, 16783, 322, 2888, 16411, 883, 29889, 1619, 9848, 29901, 29871, 29896, 29897, 1938, 451, 11340, 18682, 9169, 294, 9385, 28481, 363, 738, 2769, 1584, 565, 366, 756, 304, 1735, 596, 9850, 3814, 304, 4772, 963, 470, 5146, 901, 373, 1790, 4799, 14337, 29889, 29871, 29906, 30375, 960, 366, 526, 443, 29880, 14395, 3307, 15428, 773, 963, 322, 505, 304, 22764, 714, 310, 17882, 26853, 382, 25796, 4799, 18117, 18331, 29871, 29941, 6199, 4688, 322, 13240, 363, 278, 5232, 19604, 322, 1556, 766, 13013, 19098, 1423, 29899, 6464, 8792, 366, 756, 3926, 7271, 29889, 29871, 29941, 30725, 960, 366, 437, 451, 13590, 10432, 769, 366, 674, 7150, 871, 9078, 11962, 2669, 373, 278, 9008, 322, 1009, 2563, 3268, 338, 19269, 29889, 29871, 29946, 29169, 349, 8273, 13240, 6142, 363, 2030, 260, 271, 10146, 4799, 22116, 1112, 411, 694, 1985, 22684, 18189, 1788, 322, 18425, 29899, 297, 27597, 16286, 14333, 6211, 29889]",a64fc0c3c8ebfc6116e74d1698c0a588bbe384a305fb3dc5c8009eebe59198eb,8825465c49bd6c2f6982f83bf17232b1145fc7469948e4ab1de7665c29e6d747,a64fc0c3c8ebfc6116e74d1698c0a588bbe384a305fb3dc5c8009eebe59198eb,8825465c49bd6c2f6982f83bf17232b1145fc7469948e4ab1de7665c29e6d747,a64fc0c3c8ebfc6116e74d1698c0a588bbe384a305fb3dc5c8009eebe59198eb,8825465c49bd6c2f6982f83bf17232b1145fc7469948e4ab1de7665c29e6d747,True,True,0.02319873869419098,0.023052986711263657,-0.0001457519829273224,2,1,"[294, 302]",[294],True,128,8192,False,True,0.20535454154014587,0.20177726447582245,-0.0035772770643234253,0.5406911373138428,0.5412383675575256,0.0005472302436828613,0.001751268224325031,0.0010959096471196972,-0.0006553585772053339,0.004361317063739989,0.004104449923033826,-0.0002568671407061629,0.001751268224325031,0.0010959096471196972,-0.0006553585772053339,0.004361317063739989,0.004104449923033826,-0.0002568671407061629,8192,8192,0,0,1,0,1,positive,1,True
17,42,17,1,20,"[1, 306, 9115, 28738, 341, 10534, 29899, 29923, 1362, 29899, 5493, 601, 21595, 17487, 373, 18682, 26496, 294, 9385, 16997, 313, 29909, 18682, 29909, 29897, 5846, 29871, 29906, 29946, 29871, 29906, 29900, 29896, 29941, 7863, 2610, 24853, 29955, 29871, 29915, 29900, 29896, 19803, 29889, 306, 15649, 278, 23381, 7395, 541, 1009, 4700, 338, 451, 731, 701, 304, 2758, 366, 304, 1831, 596, 12949, 29889, 1105, 306, 5432, 1009, 29871, 29947, 29900, 29900, 1353, 297, 278, 3148, 29889, 306, 5432, 363, 29871, 29941, 24167, 3196, 931, 1269, 5448, 1434, 4856, 7699, 278, 9008, 29889, 910, 10823, 29915, 3600, 4223, 471, 577, 4319, 372, 3614, 29871, 29906, 29900, 6233, 304, 1831, 590, 22091, 29889, 382, 7949, 5593, 18117, 1423, 29899, 23838, 472, 17882, 13798, 338, 10329, 10329, 22993, 373, 319, 1489, 29909, 599, 28134, 363, 278, 341, 10764, 16286, 8389, 297, 263, 2323, 1196, 304, 367, 1423, 29899, 262, 363, 871, 393, 16286, 29889, 450, 1021, 363, 916, 1652, 25884, 29889, 1334, 1476, 445, 714, 491, 6721, 916, 28134, 825, 304, 437, 408, 727, 892, 694, 319, 18682, 319, 22873, 470, 7475, 11231, 885, 25269, 2198, 29889, 727, 892, 1472, 1472, 3454, 310, 28134, 5807, 28489, 1549, 278, 8638, 29889, 1423, 29899, 262, 471, 577, 5232, 591, 892, 5932, 591, 723, 3052, 1749, 16286, 1584, 2466, 591, 11977, 29871, 29906, 6199, 4688, 29889, 739, 3282, 29915, 451, 4383, 2466, 1363, 1749, 16286, 471, 29801, 29871, 2211, 6199, 373, 263, 10901, 11195, 29899, 2821, 7250, 29889, 1932, 591, 11977, 472, 341, 5493, 29871, 29941, 6199, 5683, 278, 319, 1489, 29909, 12417, 19518, 750, 7695, 3271, 322, 727, 338, 694, 4856, 304, 1371, 591, 411, 337, 2909, 3143, 1749, 12368, 304, 10059, 29889, 450, 3814, 15780, 1716, 982, 892, 1065, 29899, 1623, 322, 2030, 373, 278, 2768, 29889, 1551, 278, 982, 1623, 263, 7747, 27696, 9451, 364, 1131, 287, 278, 4152, 29871, 29929, 6199, 29889, 278, 22684, 18189, 1788, 1258, 451, 664, 2845, 5305, 29889, 450, 16286, 1098, 14722, 871, 7470, 29871, 29946, 8951, 297, 29871, 29929, 6199, 29901, 304, 16330, 13748, 13748, 1156, 2125, 2696, 304, 9080, 322, 6314, 17803, 9080, 322, 6314, 26044, 322, 1361, 714, 5198, 16783, 322, 2888, 16411, 883, 29889, 1619, 9848, 29901, 29871, 29896, 29897, 1938, 451, 11340, 18682, 9169, 294, 9385, 28481, 363, 738, 2769, 1584, 565, 366, 756, 304, 1735, 596, 9850, 3814, 304, 4772, 963, 470, 5146, 901, 373, 1790, 4799, 14337, 29889, 29871, 29906, 30375, 960, 366, 526, 443, 29880, 14395, 3307, 15428, 773, 963, 322, 505, 304, 22764, 714, 310, 17882, 26853, 382, 25796, 4799, 18117, 18331, 29871, 29941, 6199, 4688, 322, 13240, 363, 278, 5232, 19604, 322, 1556, 766, 13013, 19098, 1423, 29899, 6464, 8792, 366, 756, 3926, 7271, 29889, 29871, 29941, 30725, 960, 366, 437, 451, 13590, 10432, 769, 366, 674, 7150, 871, 9078, 11962, 2669, 373, 278, 9008, 322, 1009, 2563, 3268, 338, 19269, 29889, 29871, 29946, 29169, 349, 8273, 13240, 6142, 363, 2030, 260, 271, 10146, 4799, 22116, 1112, 411, 694, 1985, 22684, 18189, 1788, 322, 18425, 29899, 297, 27597, 16286, 14333, 6211, 29889]","[1, 306, 9115, 28738, 341, 10534, 29899, 29923, 1362, 29899, 5493, 601, 21595, 17487, 373, 18682, 26496, 294, 9385, 16997, 313, 29909, 18682, 29909, 29897, 5846, 29871, 29906, 29946, 29871, 29906, 29900, 29896, 29941, 7863, 2610, 24853, 29955, 29871, 29915, 29900, 29896, 19803, 29889, 306, 15649, 278, 23381, 7395, 541, 1009, 4700, 338, 451, 731, 701, 304, 2758, 366, 304, 1831, 596, 12949, 29889, 1105, 306, 5432, 1009, 29871, 29947, 29900, 29900, 1353, 297, 278, 3148, 29889, 306, 5432, 363, 29871, 29941, 24167, 3196, 931, 1269, 5448, 1434, 4856, 7699, 278, 9008, 29889, 910, 10823, 29915, 3600, 4223, 471, 577, 4319, 372, 3614, 29871, 29906, 29900, 6233, 304, 1831, 590, 22091, 29889, 382, 7949, 5593, 18117, 1423, 29899, 23838, 472, 17882, 13798, 338, 10329, 10329, 22993, 373, 319, 1489, 29909, 599, 28134, 363, 278, 341, 10764, 16286, 8389, 297, 263, 2323, 1196, 304, 367, 1423, 29899, 262, 363, 871, 393, 16286, 29889, 450, 1021, 363, 916, 1652, 25884, 29889, 1334, 1476, 445, 714, 491, 6721, 916, 28134, 825, 304, 437, 408, 727, 892, 694, 319, 18682, 319, 22873, 470, 7475, 11231, 885, 25269, 2198, 29889, 727, 892, 1472, 1472, 3454, 310, 28134, 5807, 28489, 1549, 278, 8638, 29889, 1423, 29899, 262, 471, 577, 5232, 591, 892, 5932, 591, 723, 3052, 1749, 16286, 1584, 2466, 591, 11977, 29871, 29906, 6199, 4688, 29889, 739, 3282, 29915, 451, 4383, 2466, 1363, 1749, 16286, 471, 29801, 29871, 2211, 6199, 373, 263, 10901, 11195, 29899, 2821, 7250, 29889, 1932, 591, 11977, 472, 341, 5493, 29871, 29941, 6199, 5683, 278, 319, 1489, 29909, 12417, 19518, 750, 7695, 3271, 322, 727, 338, 694, 4856, 304, 1371, 591, 411, 337, 2909, 3143, 1749, 12368, 304, 10059, 29889, 450, 3814, 15780, 1716, 982, 892, 1065, 29899, 1623, 322, 2030, 373, 278, 2768, 29889, 1551, 278, 982, 1623, 263, 7747, 27696, 9451, 364, 1131, 287, 278, 4152, 29871, 29929, 6199, 29889, 278, 22684, 18189, 1788, 1258, 451, 664, 2845, 5305, 29889, 278, 16286, 14333, 14722, 871, 7470, 29871, 29946, 3064, 297, 29871, 29929, 6199, 29901, 304, 16330, 13748, 13748, 1156, 2125, 2696, 304, 9080, 322, 6314, 17803, 9080, 322, 6314, 26044, 322, 1361, 714, 5198, 16783, 322, 2888, 16411, 883, 29889, 1619, 9848, 29901, 29871, 29896, 29897, 1938, 451, 11340, 18682, 9169, 294, 9385, 28481, 363, 738, 2769, 1584, 565, 366, 756, 304, 1735, 596, 9850, 3814, 304, 4772, 963, 470, 5146, 901, 373, 1790, 4799, 14337, 29889, 29871, 29906, 30375, 960, 366, 526, 443, 29880, 14395, 3307, 15428, 773, 963, 322, 505, 304, 22764, 714, 310, 17882, 26853, 382, 25796, 4799, 18117, 18331, 29871, 29941, 6199, 4688, 322, 13240, 363, 278, 5232, 19604, 322, 1556, 766, 13013, 19098, 1423, 29899, 6464, 8792, 366, 756, 3926, 7271, 29889, 29871, 29941, 30725, 960, 366, 437, 451, 13590, 10432, 769, 366, 674, 7150, 871, 9078, 11962, 2669, 373, 278, 9008, 322, 1009, 2563, 3268, 338, 19269, 29889, 29871, 29946, 29169, 349, 8273, 13240, 6142, 363, 2030, 260, 271, 10146, 4799, 22116, 1112, 411, 694, 1985, 22684, 18189, 1788, 322, 18425, 29899, 297, 27597, 16286, 14333, 6211, 29889]",8825465c49bd6c2f6982f83bf17232b1145fc7469948e4ab1de7665c29e6d747,f71c40f146c7eaf8f650786e00ed27964f4d1c6590e18ed695278adbbdea0e4d,8825465c49bd6c2f6982f83bf17232b1145fc7469948e4ab1de7665c29e6d747,f71c40f146c7eaf8f650786e00ed27964f4d1c6590e18ed695278adbbdea0e4d,8825465c49bd6c2f6982f83bf17232b1145fc7469948e4ab1de7665c29e6d747,f71c40f146c7eaf8f650786e00ed27964f4d1c6590e18ed695278adbbdea0e4d,True,True,0.023052986711263657,0.02286962792277336,-0.0001833587884902954,13,1,"[321, 323, 324, 329, 333]","[321, 323, 329]",True,128,8192,False,True,0.21418261528015137,0.21733561158180237,0.003152996301651001,0.549616813659668,0.5495620369911194,-5.4776668548583984e-05,0.0048326577816624194,0.0039570410081068985,-0.0008756167735555209,0.014654217731731478,0.015016232500784099,0.000362014769052621,0.0017527665144630841,0.0014324617075764544,-0.00032030480688662977,0.004637015661081443,0.0047479665372520685,0.00011095087617062592,23296,23296,0,0,2,1,1,positive,3,True
17,42,17,1,21,"[1, 306, 9115, 28738, 341, 10534, 29899, 29923, 1362, 29899, 5493, 601, 21595, 17487, 373, 18682, 26496, 294, 9385, 16997, 313, 29909, 18682, 29909, 29897, 5846, 29871, 29906, 29946, 29871, 29906, 29900, 29896, 29941, 7863, 2610, 24853, 29955, 29871, 29915, 29900, 29896, 19803, 29889, 306, 15649, 278, 23381, 7395, 541, 1009, 4700, 338, 451, 731, 701, 304, 2758, 366, 304, 1831, 596, 12949, 29889, 1105, 306, 5432, 1009, 29871, 29947, 29900, 29900, 1353, 297, 278, 3148, 29889, 306, 5432, 363, 29871, 29941, 24167, 3196, 931, 1269, 5448, 1434, 4856, 7699, 278, 9008, 29889, 910, 10823, 29915, 3600, 4223, 471, 577, 4319, 372, 3614, 29871, 29906, 29900, 6233, 304, 1831, 590, 22091, 29889, 382, 7949, 5593, 18117, 1423, 29899, 23838, 472, 17882, 13798, 338, 10329, 10329, 22993, 373, 319, 1489, 29909, 599, 28134, 363, 278, 341, 10764, 16286, 8389, 297, 263, 2323, 1196, 304, 367, 1423, 29899, 262, 363, 871, 393, 16286, 29889, 450, 1021, 363, 916, 1652, 25884, 29889, 1334, 1476, 445, 714, 491, 6721, 916, 28134, 825, 304, 437, 408, 727, 892, 694, 319, 18682, 319, 22873, 470, 7475, 11231, 885, 25269, 2198, 29889, 727, 892, 1472, 1472, 3454, 310, 28134, 5807, 28489, 1549, 278, 8638, 29889, 1423, 29899, 262, 471, 577, 5232, 591, 892, 5932, 591, 723, 3052, 1749, 16286, 1584, 2466, 591, 11977, 29871, 29906, 6199, 4688, 29889, 739, 3282, 29915, 451, 4383, 2466, 1363, 1749, 16286, 471, 29801, 29871, 2211, 6199, 373, 263, 10901, 11195, 29899, 2821, 7250, 29889, 1932, 591, 11977, 472, 341, 5493, 29871, 29941, 6199, 5683, 278, 319, 1489, 29909, 12417, 19518, 750, 7695, 3271, 322, 727, 338, 694, 4856, 304, 1371, 591, 411, 337, 2909, 3143, 1749, 12368, 304, 10059, 29889, 450, 3814, 15780, 1716, 982, 892, 1065, 29899, 1623, 322, 2030, 373, 278, 2768, 29889, 1551, 278, 982, 1623, 263, 7747, 27696, 9451, 364, 1131, 287, 278, 4152, 29871, 29929, 6199, 29889, 278, 22684, 18189, 1788, 1258, 451, 664, 2845, 5305, 29889, 278, 16286, 14333, 14722, 871, 7470, 29871, 29946, 3064, 297, 29871, 29929, 6199, 29901, 304, 16330, 13748, 13748, 1156, 2125, 2696, 304, 9080, 322, 6314, 17803, 9080, 322, 6314, 26044, 322, 1361, 714, 5198, 16783, 322, 2888, 16411, 883, 29889, 1619, 9848, 29901, 29871, 29896, 29897, 1938, 451, 11340, 18682, 9169, 294, 9385, 28481, 363, 738, 2769, 1584, 565, 366, 756, 304, 1735, 596, 9850, 3814, 304, 4772, 963, 470, 5146, 901, 373, 1790, 4799, 14337, 29889, 29871, 29906, 30375, 960, 366, 526, 443, 29880, 14395, 3307, 15428, 773, 963, 322, 505, 304, 22764, 714, 310, 17882, 26853, 382, 25796, 4799, 18117, 18331, 29871, 29941, 6199, 4688, 322, 13240, 363, 278, 5232, 19604, 322, 1556, 766, 13013, 19098, 1423, 29899, 6464, 8792, 366, 756, 3926, 7271, 29889, 29871, 29941, 30725, 960, 366, 437, 451, 13590, 10432, 769, 366, 674, 7150, 871, 9078, 11962, 2669, 373, 278, 9008, 322, 1009, 2563, 3268, 338, 19269, 29889, 29871, 29946, 29169, 349, 8273, 13240, 6142, 363, 2030, 260, 271, 10146, 4799, 22116, 1112, 411, 694, 1985, 22684, 18189, 1788, 322, 18425, 29899, 297, 27597, 16286, 14333, 6211, 29889]","[1, 306, 9115, 28738, 341, 10534, 29899, 29923, 1362, 29899, 5493, 601, 21595, 17487, 373, 18682, 26496, 294, 9385, 16997, 313, 29909, 18682, 29909, 29897, 5846, 29871, 29906, 29946, 29871, 29906, 29900, 29896, 29941, 7863, 2610, 24853, 29955, 29871, 29915, 29900, 29896, 19803, 29889, 306, 15649, 278, 23381, 7395, 541, 1009, 4700, 338, 451, 731, 701, 304, 2758, 366, 304, 1831, 596, 12949, 29889, 1105, 306, 5432, 1009, 29871, 29947, 29900, 29900, 1353, 297, 278, 3148, 29889, 306, 5432, 363, 29871, 29941, 24167, 3196, 931, 1269, 5448, 1434, 4856, 7699, 278, 9008, 29889, 910, 10823, 29915, 3600, 4223, 471, 577, 4319, 372, 3614, 29871, 29906, 29900, 6233, 304, 1831, 590, 22091, 29889, 382, 7949, 5593, 18117, 1423, 29899, 23838, 472, 17882, 13798, 338, 10329, 10329, 22993, 373, 319, 1489, 29909, 599, 28134, 363, 278, 341, 10764, 16286, 8389, 297, 263, 2323, 1196, 304, 367, 1423, 29899, 262, 363, 871, 393, 16286, 29889, 450, 1021, 363, 916, 1652, 25884, 29889, 1334, 1476, 445, 714, 491, 6721, 916, 28134, 825, 304, 437, 408, 727, 892, 694, 319, 18682, 319, 22873, 470, 7475, 11231, 885, 25269, 2198, 29889, 727, 892, 1472, 1472, 3454, 310, 28134, 5807, 28489, 1549, 278, 8638, 29889, 1423, 29899, 262, 471, 577, 5232, 591, 892, 5932, 591, 723, 3052, 1749, 16286, 1584, 2466, 591, 11977, 29871, 29906, 6199, 4688, 29889, 739, 3282, 29915, 451, 4383, 2466, 1363, 1749, 16286, 471, 29801, 29871, 2211, 6199, 373, 263, 10901, 11195, 29899, 2821, 7250, 29889, 1932, 591, 11977, 472, 341, 5493, 29871, 29941, 6199, 5683, 278, 319, 1489, 29909, 12417, 19518, 750, 7695, 3271, 322, 727, 338, 694, 4856, 304, 1371, 591, 411, 337, 2909, 3143, 1749, 12368, 304, 10059, 29889, 450, 3814, 15780, 1716, 982, 892, 1065, 29899, 1623, 322, 2030, 373, 278, 2768, 29889, 1551, 278, 982, 1623, 263, 7747, 27696, 9451, 364, 1131, 287, 278, 4152, 29871, 29929, 6199, 29889, 278, 22684, 18189, 1788, 1258, 451, 664, 2845, 5305, 29889, 278, 16286, 14333, 14722, 871, 7470, 29871, 29946, 3064, 297, 29871, 29929, 6199, 29901, 304, 9080, 13748, 13748, 1156, 2125, 2696, 304, 9080, 322, 6314, 17803, 9080, 322, 6314, 26044, 322, 1361, 714, 5198, 16783, 322, 2888, 16411, 883, 29889, 1619, 9848, 29901, 29871, 29896, 29897, 1938, 451, 11340, 18682, 9169, 294, 9385, 28481, 363, 738, 2769, 1584, 565, 366, 756, 304, 1735, 596, 9850, 3814, 304, 4772, 963, 470, 5146, 901, 373, 1790, 4799, 14337, 29889, 29871, 29906, 30375, 960, 366, 526, 443, 29880, 14395, 3307, 15428, 773, 963, 322, 505, 304, 22764, 714, 310, 17882, 26853, 382, 25796, 4799, 18117, 18331, 29871, 29941, 6199, 4688, 322, 13240, 363, 278, 5232, 19604, 322, 1556, 766, 13013, 19098, 1423, 29899, 6464, 8792, 366, 756, 3926, 7271, 29889, 29871, 29941, 30725, 960, 366, 437, 451, 13590, 10432, 769, 366, 674, 7150, 871, 9078, 11962, 2669, 373, 278, 9008, 322, 1009, 2563, 3268, 338, 19269, 29889, 29871, 29946, 29169, 349, 8273, 13240, 6142, 363, 2030, 260, 271, 10146, 4799, 22116, 1112, 411, 694, 1985, 22684, 18189, 1788, 322, 18425, 29899, 297, 27597, 16286, 14333, 6211, 29889]",f71c40f146c7eaf8f650786e00ed27964f4d1c6590e18ed695278adbbdea0e4d,afa8f55812d3898587e9aca6468d4bac9557b9c5f9ced1a809c0e2b721ec4b87,f71c40f146c7eaf8f650786e00ed27964f4d1c6590e18ed695278adbbdea0e4d,afa8f55812d3898587e9aca6468d4bac9557b9c5f9ced1a809c0e2b721ec4b87,f71c40f146c7eaf8f650786e00ed27964f4d1c6590e18ed695278adbbdea0e4d,afa8f55812d3898587e9aca6468d4bac9557b9c5f9ced1a809c0e2b721ec4b87,True,True,0.02286962792277336,0.022816335782408714,-5.329214036464691e-05,3,1,[336],[336],True,128,8192,False,True,0.2538953125476837,0.2527405619621277,-0.0011547505855560303,0.5618464946746826,0.5626524686813354,0.000805974006652832,0.002828688047884498,0.0024934723842306994,-0.0003352156636537984,0.008565782503865194,0.008409308815316763,-0.0001564736885484308,0.002828688047884498,0.0024934723842306994,-0.0003352156636537984,0.008565782503865194,0.008409308815316763,-0.0001564736885484308,8192,8192,0,0,1,0,1,positive,1,True
17,42,17,1,23,"[1, 306, 9115, 28738, 341, 10534, 29899, 29923, 1362, 29899, 5493, 601, 21595, 17487, 373, 18682, 26496, 294, 9385, 16997, 313, 29909, 18682, 29909, 29897, 5846, 29871, 29906, 29946, 29871, 29906, 29900, 29896, 29941, 7863, 2610, 24853, 29955, 29871, 29915, 29900, 29896, 19803, 29889, 306, 15649, 278, 23381, 7395, 541, 1009, 4700, 338, 451, 731, 701, 304, 2758, 366, 304, 1831, 596, 12949, 29889, 1105, 306, 5432, 1009, 29871, 29947, 29900, 29900, 1353, 297, 278, 3148, 29889, 306, 5432, 363, 29871, 29941, 24167, 3196, 931, 1269, 5448, 1434, 4856, 7699, 278, 9008, 29889, 910, 10823, 29915, 3600, 4223, 471, 577, 4319, 372, 3614, 29871, 29906, 29900, 6233, 304, 1831, 590, 22091, 29889, 382, 7949, 5593, 18117, 1423, 29899, 23838, 472, 17882, 13798, 338, 10329, 10329, 22993, 373, 319, 1489, 29909, 599, 28134, 363, 278, 341, 10764, 16286, 8389, 297, 263, 2323, 1196, 304, 367, 1423, 29899, 262, 363, 871, 393, 16286, 29889, 450, 1021, 363, 916, 1652, 25884, 29889, 1334, 1476, 445, 714, 491, 6721, 916, 28134, 825, 304, 437, 408, 727, 892, 694, 319, 18682, 319, 22873, 470, 7475, 11231, 885, 25269, 2198, 29889, 727, 892, 1472, 1472, 3454, 310, 28134, 5807, 28489, 1549, 278, 8638, 29889, 1423, 29899, 262, 471, 577, 5232, 591, 892, 5932, 591, 723, 3052, 1749, 16286, 1584, 2466, 591, 11977, 29871, 29906, 6199, 4688, 29889, 739, 3282, 29915, 451, 4383, 2466, 1363, 1749, 16286, 471, 29801, 29871, 2211, 6199, 373, 263, 10901, 11195, 29899, 2821, 7250, 29889, 1932, 591, 11977, 472, 341, 5493, 29871, 29941, 6199, 5683, 278, 319, 1489, 29909, 12417, 19518, 750, 7695, 3271, 322, 727, 338, 694, 4856, 304, 1371, 591, 411, 337, 2909, 3143, 1749, 12368, 304, 10059, 29889, 450, 3814, 15780, 1716, 982, 892, 1065, 29899, 1623, 322, 2030, 373, 278, 2768, 29889, 1551, 278, 982, 1623, 263, 7747, 27696, 9451, 364, 1131, 287, 278, 4152, 29871, 29929, 6199, 29889, 278, 22684, 18189, 1788, 1258, 451, 664, 2845, 5305, 29889, 278, 16286, 14333, 14722, 871, 7470, 29871, 29946, 3064, 297, 29871, 29929, 6199, 29901, 304, 9080, 13748, 13748, 1156, 2125, 2696, 304, 9080, 322, 6314, 17803, 9080, 322, 6314, 26044, 322, 1361, 714, 5198, 16783, 322, 2888, 16411, 883, 29889, 1619, 9848, 29901, 29871, 29896, 29897, 1938, 451, 11340, 18682, 9169, 294, 9385, 28481, 363, 738, 2769, 1584, 565, 366, 756, 304, 1735, 596, 9850, 3814, 304, 4772, 963, 470, 5146, 901, 373, 1790, 4799, 14337, 29889, 29871, 29906, 30375, 960, 366, 526, 443, 29880, 14395, 3307, 15428, 773, 963, 322, 505, 304, 22764, 714, 310, 17882, 26853, 382, 25796, 4799, 18117, 18331, 29871, 29941, 6199, 4688, 322, 13240, 363, 278, 5232, 19604, 322, 1556, 766, 13013, 19098, 1423, 29899, 6464, 8792, 366, 756, 3926, 7271, 29889, 29871, 29941, 30725, 960, 366, 437, 451, 13590, 10432, 769, 366, 674, 7150, 871, 9078, 11962, 2669, 373, 278, 9008, 322, 1009, 2563, 3268, 338, 19269, 29889, 29871, 29946, 29169, 349, 8273, 13240, 6142, 363, 2030, 260, 271, 10146, 4799, 22116, 1112, 411, 694, 1985, 22684, 18189, 1788, 322, 18425, 29899, 297, 27597, 16286, 14333, 6211, 29889]","[1, 306, 9115, 28738, 341, 10534, 29899, 29923, 1362, 29899, 5493, 601, 21595, 17487, 373, 18682, 26496, 294, 9385, 16997, 313, 29909, 18682, 29909, 29897, 5846, 29871, 29906, 29946, 29871, 29906, 29900, 29896, 29941, 7863, 2610, 24853, 29955, 29871, 29915, 29900, 29896, 19803, 29889, 306, 15649, 278, 23381, 7395, 541, 1009, 4700, 338, 451, 731, 701, 304, 2758, 366, 304, 1831, 596, 12949, 29889, 1105, 306, 5432, 1009, 29871, 29947, 29900, 29900, 1353, 297, 278, 3148, 29889, 306, 5432, 363, 29871, 29941, 24167, 3196, 931, 1269, 5448, 1434, 4856, 7699, 278, 9008, 29889, 910, 10823, 29915, 3600, 4223, 471, 577, 4319, 372, 3614, 29871, 29906, 29900, 6233, 304, 1831, 590, 22091, 29889, 382, 7949, 5593, 18117, 1423, 29899, 23838, 472, 17882, 13798, 338, 10329, 10329, 22993, 373, 319, 1489, 29909, 599, 28134, 363, 278, 341, 10764, 16286, 8389, 297, 263, 2323, 1196, 304, 367, 1423, 29899, 262, 363, 871, 393, 16286, 29889, 450, 1021, 363, 916, 1652, 25884, 29889, 1334, 1476, 445, 714, 491, 6721, 916, 28134, 825, 304, 437, 408, 727, 892, 694, 319, 18682, 319, 22873, 470, 7475, 11231, 885, 25269, 2198, 29889, 727, 892, 1472, 1472, 3454, 310, 28134, 5807, 28489, 1549, 278, 8638, 29889, 1423, 29899, 262, 471, 577, 5232, 591, 892, 5932, 591, 723, 3052, 1749, 16286, 1584, 2466, 591, 11977, 29871, 29906, 6199, 4688, 29889, 739, 3282, 29915, 451, 4383, 2466, 1363, 1749, 16286, 471, 29801, 29871, 2211, 6199, 373, 263, 10901, 11195, 29899, 2821, 7250, 29889, 1932, 591, 11977, 472, 341, 5493, 29871, 29941, 6199, 5683, 278, 319, 1489, 29909, 12417, 19518, 750, 7695, 3271, 322, 727, 338, 694, 4856, 304, 1371, 591, 411, 337, 2909, 3143, 1749, 12368, 304, 10059, 29889, 450, 3814, 15780, 1716, 982, 892, 1065, 29899, 1623, 322, 2030, 373, 278, 2768, 29889, 1551, 278, 982, 1623, 263, 7747, 27696, 9451, 364, 1131, 287, 278, 4152, 29871, 29929, 6199, 29889, 278, 22684, 18189, 1788, 1258, 451, 664, 2845, 5305, 29889, 278, 16286, 14333, 14722, 871, 7470, 29871, 29946, 3064, 297, 29871, 29929, 6199, 29901, 304, 9080, 13748, 13748, 1156, 2125, 2696, 304, 9080, 322, 6314, 17803, 9080, 322, 6314, 26044, 322, 1361, 714, 5198, 16783, 322, 2888, 16411, 883, 29889, 1619, 9848, 29901, 29871, 29896, 29897, 1938, 451, 11340, 18682, 26496, 294, 9385, 24058, 363, 738, 2769, 1584, 565, 366, 505, 304, 1735, 596, 9850, 3814, 304, 4772, 963, 470, 5146, 901, 373, 1790, 4799, 14337, 29889, 29871, 29906, 30375, 960, 366, 526, 443, 29880, 14395, 3307, 15428, 773, 963, 322, 505, 304, 22764, 714, 310, 17882, 26853, 382, 25796, 4799, 18117, 18331, 29871, 29941, 6199, 4688, 322, 13240, 363, 278, 5232, 19604, 322, 1556, 766, 13013, 19098, 1423, 29899, 6464, 8792, 366, 756, 3926, 7271, 29889, 29871, 29941, 30725, 960, 366, 437, 451, 13590, 10432, 769, 366, 674, 7150, 871, 9078, 11962, 2669, 373, 278, 9008, 322, 1009, 2563, 3268, 338, 19269, 29889, 29871, 29946, 29169, 349, 8273, 13240, 6142, 363, 2030, 260, 271, 10146, 4799, 22116, 1112, 411, 694, 1985, 22684, 18189, 1788, 322, 18425, 29899, 297, 27597, 16286, 14333, 6211, 29889]",afa8f55812d3898587e9aca6468d4bac9557b9c5f9ced1a809c0e2b721ec4b87,fd1a9bce4a065fd027d7171416413a6d874dad9dd1ada3492d8c685e07fcb65e,afa8f55812d3898587e9aca6468d4bac9557b9c5f9ced1a809c0e2b721ec4b87,fd1a9bce4a065fd027d7171416413a6d874dad9dd1ada3492d8c685e07fcb65e,afa8f55812d3898587e9aca6468d4bac9557b9c5f9ced1a809c0e2b721ec4b87,fd1a9bce4a065fd027d7171416413a6d874dad9dd1ada3492d8c685e07fcb65e,True,True,0.022816335782408714,0.02219652384519577,-0.000619811937212944,11,9,"[371, 374, 381]","[371, 374, 381]",True,128,8192,False,True,0.3090090751647949,0.30113929510116577,-0.00786978006362915,0.5649367570877075,0.5645322799682617,-0.0004044771194458008,0.01026695375185227,0.007231222676637117,-0.0030357310752151534,0.01537630902021192,0.014341775837237947,-0.0010345331829739735,0.004145771265029907,0.0025399604437654245,-0.0016058108212644827,0.005047910066331898,0.004644121808213228,-0.0004037882581186701,22912,22912,0,0,2,0,2,positive,3,True
17,42,17,1,24,"[1, 306, 9115, 28738, 341, 10534, 29899, 29923, 1362, 29899, 5493, 601, 21595, 17487, 373, 18682, 26496, 294, 9385, 16997, 313, 29909, 18682, 29909, 29897, 5846, 29871, 29906, 29946, 29871, 29906, 29900, 29896, 29941, 7863, 2610, 24853, 29955, 29871, 29915, 29900, 29896, 19803, 29889, 306, 15649, 278, 23381, 7395, 541, 1009, 4700, 338, 451, 731, 701, 304, 2758, 366, 304, 1831, 596, 12949, 29889, 1105, 306, 5432, 1009, 29871, 29947, 29900, 29900, 1353, 297, 278, 3148, 29889, 306, 5432, 363, 29871, 29941, 24167, 3196, 931, 1269, 5448, 1434, 4856, 7699, 278, 9008, 29889, 910, 10823, 29915, 3600, 4223, 471, 577, 4319, 372, 3614, 29871, 29906, 29900, 6233, 304, 1831, 590, 22091, 29889, 382, 7949, 5593, 18117, 1423, 29899, 23838, 472, 17882, 13798, 338, 10329, 10329, 22993, 373, 319, 1489, 29909, 599, 28134, 363, 278, 341, 10764, 16286, 8389, 297, 263, 2323, 1196, 304, 367, 1423, 29899, 262, 363, 871, 393, 16286, 29889, 450, 1021, 363, 916, 1652, 25884, 29889, 1334, 1476, 445, 714, 491, 6721, 916, 28134, 825, 304, 437, 408, 727, 892, 694, 319, 18682, 319, 22873, 470, 7475, 11231, 885, 25269, 2198, 29889, 727, 892, 1472, 1472, 3454, 310, 28134, 5807, 28489, 1549, 278, 8638, 29889, 1423, 29899, 262, 471, 577, 5232, 591, 892, 5932, 591, 723, 3052, 1749, 16286, 1584, 2466, 591, 11977, 29871, 29906, 6199, 4688, 29889, 739, 3282, 29915, 451, 4383, 2466, 1363, 1749, 16286, 471, 29801, 29871, 2211, 6199, 373, 263, 10901, 11195, 29899, 2821, 7250, 29889, 1932, 591, 11977, 472, 341, 5493, 29871, 29941, 6199, 5683, 278, 319, 1489, 29909, 12417, 19518, 750, 7695, 3271, 322, 727, 338, 694, 4856, 304, 1371, 591, 411, 337, 2909, 3143, 1749, 12368, 304, 10059, 29889, 450, 3814, 15780, 1716, 982, 892, 1065, 29899, 1623, 322, 2030, 373, 278, 2768, 29889, 1551, 278, 982, 1623, 263, 7747, 27696, 9451, 364, 1131, 287, 278, 4152, 29871, 29929, 6199, 29889, 278, 22684, 18189, 1788, 1258, 451, 664, 2845, 5305, 29889, 278, 16286, 14333, 14722, 871, 7470, 29871, 29946, 3064, 297, 29871, 29929, 6199, 29901, 304, 9080, 13748, 13748, 1156, 2125, 2696, 304, 9080, 322, 6314, 17803, 9080, 322, 6314, 26044, 322, 1361, 714, 5198, 16783, 322, 2888, 16411, 883, 29889, 1619, 9848, 29901, 29871, 29896, 29897, 1938, 451, 11340, 18682, 26496, 294, 9385, 24058, 363, 738, 2769, 1584, 565, 366, 505, 304, 1735, 596, 9850, 3814, 304, 4772, 963, 470, 5146, 901, 373, 1790, 4799, 14337, 29889, 29871, 29906, 30375, 960, 366, 526, 443, 29880, 14395, 3307, 15428, 773, 963, 322, 505, 304, 22764, 714, 310, 17882, 26853, 382, 25796, 4799, 18117, 18331, 29871, 29941, 6199, 4688, 322, 13240, 363, 278, 5232, 19604, 322, 1556, 766, 13013, 19098, 1423, 29899, 6464, 8792, 366, 756, 3926, 7271, 29889, 29871, 29941, 30725, 960, 366, 437, 451, 13590, 10432, 769, 366, 674, 7150, 871, 9078, 11962, 2669, 373, 278, 9008, 322, 1009, 2563, 3268, 338, 19269, 29889, 29871, 29946, 29169, 349, 8273, 13240, 6142, 363, 2030, 260, 271, 10146, 4799, 22116, 1112, 411, 694, 1985, 22684, 18189, 1788, 322, 18425, 29899, 297, 27597, 16286, 14333, 6211, 29889]","[1, 306, 9115, 28738, 341, 10534, 29899, 29923, 1362, 29899, 5493, 601, 21595, 17487, 373, 18682, 26496, 294, 9385, 16997, 313, 29909, 18682, 29909, 29897, 5846, 29871, 29906, 29946, 29871, 29906, 29900, 29896, 29941, 7863, 2610, 24853, 29955, 29871, 29915, 29900, 29896, 19803, 29889, 306, 15649, 278, 23381, 7395, 541, 1009, 4700, 338, 451, 731, 701, 304, 2758, 366, 304, 1831, 596, 12949, 29889, 1105, 306, 5432, 1009, 29871, 29947, 29900, 29900, 1353, 297, 278, 3148, 29889, 306, 5432, 363, 29871, 29941, 24167, 3196, 931, 1269, 5448, 1434, 4856, 7699, 278, 9008, 29889, 910, 10823, 29915, 3600, 4223, 471, 577, 4319, 372, 3614, 29871, 29906, 29900, 6233, 304, 1831, 590, 22091, 29889, 382, 7949, 5593, 18117, 1423, 29899, 23838, 472, 17882, 13798, 338, 10329, 10329, 22993, 373, 319, 1489, 29909, 599, 28134, 363, 278, 341, 10764, 16286, 8389, 297, 263, 2323, 1196, 304, 367, 1423, 29899, 262, 363, 871, 393, 16286, 29889, 450, 1021, 363, 916, 1652, 25884, 29889, 1334, 1476, 445, 714, 491, 6721, 916, 28134, 825, 304, 437, 408, 727, 892, 694, 319, 18682, 319, 22873, 470, 7475, 11231, 885, 25269, 2198, 29889, 727, 892, 1472, 1472, 3454, 310, 28134, 5807, 28489, 1549, 278, 8638, 29889, 1423, 29899, 262, 471, 577, 5232, 591, 892, 5932, 591, 723, 3052, 1749, 16286, 1584, 2466, 591, 11977, 29871, 29906, 6199, 4688, 29889, 739, 3282, 29915, 451, 4383, 2466, 1363, 1749, 16286, 471, 29801, 29871, 2211, 6199, 373, 263, 10901, 11195, 29899, 2821, 7250, 29889, 1932, 591, 11977, 472, 341, 5493, 29871, 29941, 6199, 5683, 278, 319, 1489, 29909, 12417, 19518, 750, 7695, 3271, 322, 727, 338, 694, 4856, 304, 1371, 591, 411, 337, 2909, 3143, 1749, 12368, 304, 10059, 29889, 450, 3814, 15780, 1716, 982, 892, 1065, 29899, 1623, 322, 2030, 373, 278, 2768, 29889, 1551, 278, 982, 1623, 263, 7747, 27696, 9451, 364, 1131, 287, 278, 4152, 29871, 29929, 6199, 29889, 278, 22684, 18189, 1788, 1258, 451, 664, 2845, 5305, 29889, 278, 16286, 14333, 14722, 871, 7470, 29871, 29946, 3064, 297, 29871, 29929, 6199, 29901, 304, 9080, 13748, 13748, 1156, 2125, 2696, 304, 9080, 322, 6314, 17803, 9080, 322, 6314, 26044, 322, 1361, 714, 5198, 16783, 322, 2888, 16411, 883, 29889, 1619, 9848, 29901, 29871, 29896, 29897, 1938, 451, 11340, 18682, 26496, 294, 9385, 24058, 363, 738, 2769, 1584, 565, 366, 505, 304, 1735, 596, 9850, 3814, 304, 4772, 963, 470, 5146, 901, 373, 1790, 4799, 27360, 29889, 29871, 29906, 30375, 960, 366, 526, 443, 29880, 14395, 3307, 15428, 773, 963, 322, 505, 304, 22764, 714, 310, 17882, 26853, 382, 25796, 4799, 18117, 18331, 29871, 29941, 6199, 4688, 322, 13240, 363, 278, 5232, 19604, 322, 1556, 766, 13013, 19098, 1423, 29899, 6464, 8792, 366, 756, 3926, 7271, 29889, 29871, 29941, 30725, 960, 366, 437, 451, 13590, 10432, 769, 366, 674, 7150, 871, 9078, 11962, 2669, 373, 278, 9008, 322, 1009, 2563, 3268, 338, 19269, 29889, 29871, 29946, 29169, 349, 8273, 13240, 6142, 363, 2030, 260, 271, 10146, 4799, 22116, 1112, 411, 694, 1985, 22684, 18189, 1788, 322, 18425, 29899, 297, 27597, 16286, 14333, 6211, 29889]",fd1a9bce4a065fd027d7171416413a6d874dad9dd1ada3492d8c685e07fcb65e,55032ef9bf60b5c4730fd2ad2fe71d76798bcd60fceaa98582c5226b0f52b32d,fd1a9bce4a065fd027d7171416413a6d874dad9dd1ada3492d8c685e07fcb65e,55032ef9bf60b5c4730fd2ad2fe71d76798bcd60fceaa98582c5226b0f52b32d,fd1a9bce4a065fd027d7171416413a6d874dad9dd1ada3492d8c685e07fcb65e,55032ef9bf60b5c4730fd2ad2fe71d76798bcd60fceaa98582c5226b0f52b32d,True,True,0.02219652384519577,0.02202264405786991,-0.00017387978732585907,2,1,[396],[396],True,128,8192,False,True,0.3064045310020447,0.2861160337924957,-0.02028849720954895,0.5687832832336426,0.5682498216629028,-0.0005334615707397461,0.003919491624401417,0.001906371719087474,-0.0020131199053139426,0.004813537911104504,0.003119568631518632,-0.0016939692795858718,0.003919491624401417,0.001906371719087474,-0.0020131199053139426,0.004813537911104504,0.003119568631518632,-0.0016939692795858718,8192,8192,0,0,0,0,0,neutral,1,True
17,42,17,1,25,"[1, 306, 9115, 28738, 341, 10534, 29899, 29923, 1362, 29899, 5493, 601, 21595, 17487, 373, 18682, 26496, 294, 9385, 16997, 313, 29909, 18682, 29909, 29897, 5846, 29871, 29906, 29946, 29871, 29906, 29900, 29896, 29941, 7863, 2610, 24853, 29955, 29871, 29915, 29900, 29896, 19803, 29889, 306, 15649, 278, 23381, 7395, 541, 1009, 4700, 338, 451, 731, 701, 304, 2758, 366, 304, 1831, 596, 12949, 29889, 1105, 306, 5432, 1009, 29871, 29947, 29900, 29900, 1353, 297, 278, 3148, 29889, 306, 5432, 363, 29871, 29941, 24167, 3196, 931, 1269, 5448, 1434, 4856, 7699, 278, 9008, 29889, 910, 10823, 29915, 3600, 4223, 471, 577, 4319, 372, 3614, 29871, 29906, 29900, 6233, 304, 1831, 590, 22091, 29889, 382, 7949, 5593, 18117, 1423, 29899, 23838, 472, 17882, 13798, 338, 10329, 10329, 22993, 373, 319, 1489, 29909, 599, 28134, 363, 278, 341, 10764, 16286, 8389, 297, 263, 2323, 1196, 304, 367, 1423, 29899, 262, 363, 871, 393, 16286, 29889, 450, 1021, 363, 916, 1652, 25884, 29889, 1334, 1476, 445, 714, 491, 6721, 916, 28134, 825, 304, 437, 408, 727, 892, 694, 319, 18682, 319, 22873, 470, 7475, 11231, 885, 25269, 2198, 29889, 727, 892, 1472, 1472, 3454, 310, 28134, 5807, 28489, 1549, 278, 8638, 29889, 1423, 29899, 262, 471, 577, 5232, 591, 892, 5932, 591, 723, 3052, 1749, 16286, 1584, 2466, 591, 11977, 29871, 29906, 6199, 4688, 29889, 739, 3282, 29915, 451, 4383, 2466, 1363, 1749, 16286, 471, 29801, 29871, 2211, 6199, 373, 263, 10901, 11195, 29899, 2821, 7250, 29889, 1932, 591, 11977, 472, 341, 5493, 29871, 29941, 6199, 5683, 278, 319, 1489, 29909, 12417, 19518, 750, 7695, 3271, 322, 727, 338, 694, 4856, 304, 1371, 591, 411, 337, 2909, 3143, 1749, 12368, 304, 10059, 29889, 450, 3814, 15780, 1716, 982, 892, 1065, 29899, 1623, 322, 2030, 373, 278, 2768, 29889, 1551, 278, 982, 1623, 263, 7747, 27696, 9451, 364, 1131, 287, 278, 4152, 29871, 29929, 6199, 29889, 278, 22684, 18189, 1788, 1258, 451, 664, 2845, 5305, 29889, 278, 16286, 14333, 14722, 871, 7470, 29871, 29946, 3064, 297, 29871, 29929, 6199, 29901, 304, 9080, 13748, 13748, 1156, 2125, 2696, 304, 9080, 322, 6314, 17803, 9080, 322, 6314, 26044, 322, 1361, 714, 5198, 16783, 322, 2888, 16411, 883, 29889, 1619, 9848, 29901, 29871, 29896, 29897, 1938, 451, 11340, 18682, 26496, 294, 9385, 24058, 363, 738, 2769, 1584, 565, 366, 505, 304, 1735, 596, 9850, 3814, 304, 4772, 963, 470, 5146, 901, 373, 1790, 4799, 27360, 29889, 29871, 29906, 30375, 960, 366, 526, 443, 29880, 14395, 3307, 15428, 773, 963, 322, 505, 304, 22764, 714, 310, 17882, 26853, 382, 25796, 4799, 18117, 18331, 29871, 29941, 6199, 4688, 322, 13240, 363, 278, 5232, 19604, 322, 1556, 766, 13013, 19098, 1423, 29899, 6464, 8792, 366, 756, 3926, 7271, 29889, 29871, 29941, 30725, 960, 366, 437, 451, 13590, 10432, 769, 366, 674, 7150, 871, 9078, 11962, 2669, 373, 278, 9008, 322, 1009, 2563, 3268, 338, 19269, 29889, 29871, 29946, 29169, 349, 8273, 13240, 6142, 363, 2030, 260, 271, 10146, 4799, 22116, 1112, 411, 694, 1985, 22684, 18189, 1788, 322, 18425, 29899, 297, 27597, 16286, 14333, 6211, 29889]","[1, 306, 9115, 28738, 341, 10534, 29899, 29923, 1362, 29899, 5493, 601, 21595, 17487, 373, 18682, 26496, 294, 9385, 16997, 313, 29909, 18682, 29909, 29897, 5846, 29871, 29906, 29946, 29871, 29906, 29900, 29896, 29941, 7863, 2610, 24853, 29955, 29871, 29915, 29900, 29896, 19803, 29889, 306, 15649, 278, 23381, 7395, 541, 1009, 4700, 338, 451, 731, 701, 304, 2758, 366, 304, 1831, 596, 12949, 29889, 1105, 306, 5432, 1009, 29871, 29947, 29900, 29900, 1353, 297, 278, 3148, 29889, 306, 5432, 363, 29871, 29941, 24167, 3196, 931, 1269, 5448, 1434, 4856, 7699, 278, 9008, 29889, 910, 10823, 29915, 3600, 4223, 471, 577, 4319, 372, 3614, 29871, 29906, 29900, 6233, 304, 1831, 590, 22091, 29889, 382, 7949, 5593, 18117, 1423, 29899, 23838, 472, 17882, 13798, 338, 10329, 10329, 22993, 373, 319, 1489, 29909, 599, 28134, 363, 278, 341, 10764, 16286, 8389, 297, 263, 2323, 1196, 304, 367, 1423, 29899, 262, 363, 871, 393, 16286, 29889, 450, 1021, 363, 916, 1652, 25884, 29889, 1334, 1476, 445, 714, 491, 6721, 916, 28134, 825, 304, 437, 408, 727, 892, 694, 319, 18682, 319, 22873, 470, 7475, 11231, 885, 25269, 2198, 29889, 727, 892, 1472, 1472, 3454, 310, 28134, 5807, 28489, 1549, 278, 8638, 29889, 1423, 29899, 262, 471, 577, 5232, 591, 892, 5932, 591, 723, 3052, 1749, 16286, 1584, 2466, 591, 11977, 29871, 29906, 6199, 4688, 29889, 739, 3282, 29915, 451, 4383, 2466, 1363, 1749, 16286, 471, 29801, 29871, 2211, 6199, 373, 263, 10901, 11195, 29899, 2821, 7250, 29889, 1932, 591, 11977, 472, 341, 5493, 29871, 29941, 6199, 5683, 278, 319, 1489, 29909, 12417, 19518, 750, 7695, 3271, 322, 727, 338, 694, 4856, 304, 1371, 591, 411, 337, 2909, 3143, 1749, 12368, 304, 10059, 29889, 450, 3814, 15780, 1716, 982, 892, 1065, 29899, 1623, 322, 2030, 373, 278, 2768, 29889, 1551, 278, 982, 1623, 263, 7747, 27696, 9451, 364, 1131, 287, 278, 4152, 29871, 29929, 6199, 29889, 278, 22684, 18189, 1788, 1258, 451, 664, 2845, 5305, 29889, 278, 16286, 14333, 14722, 871, 7470, 29871, 29946, 3064, 297, 29871, 29929, 6199, 29901, 304, 9080, 13748, 13748, 1156, 2125, 2696, 304, 9080, 322, 6314, 17803, 9080, 322, 6314, 26044, 322, 1361, 714, 5198, 16783, 322, 2888, 16411, 883, 29889, 1619, 9848, 29901, 29871, 29896, 29897, 1938, 451, 11340, 18682, 26496, 294, 9385, 24058, 363, 738, 2769, 1584, 565, 366, 505, 304, 1735, 596, 9850, 3814, 304, 4772, 963, 470, 5146, 901, 373, 1790, 4799, 27360, 29889, 29871, 29906, 4291, 960, 366, 526, 443, 29880, 14395, 3307, 304, 773, 963, 322, 505, 304, 11340, 714, 310, 17882, 26853, 382, 25796, 4799, 18117, 18331, 29871, 29941, 6199, 4688, 322, 13240, 363, 278, 5232, 19604, 322, 1556, 766, 13013, 19098, 1423, 29899, 6464, 8792, 366, 756, 3926, 7271, 29889, 29871, 29941, 30725, 960, 366, 437, 451, 13590, 10432, 769, 366, 674, 7150, 871, 9078, 11962, 2669, 373, 278, 9008, 322, 1009, 2563, 3268, 338, 19269, 29889, 29871, 29946, 29169, 349, 8273, 13240, 6142, 363, 2030, 260, 271, 10146, 4799, 22116, 1112, 411, 694, 1985, 22684, 18189, 1788, 322, 18425, 29899, 297, 27597, 16286, 14333, 6211, 29889]",55032ef9bf60b5c4730fd2ad2fe71d76798bcd60fceaa98582c5226b0f52b32d,623ffd1b072a93b8ff281e8522599c0f097f810602e9f5b060b1f92e25ce35ff,55032ef9bf60b5c4730fd2ad2fe71d76798bcd60fceaa98582c5226b0f52b32d,623ffd1b072a93b8ff281e8522599c0f097f810602e9f5b060b1f92e25ce35ff,55032ef9bf60b5c4730fd2ad2fe71d76798bcd60fceaa98582c5226b0f52b32d,623ffd1b072a93b8ff281e8522599c0f097f810602e9f5b060b1f92e25ce35ff,True,True,0.02202264405786991,0.021688085049390793,-0.00033455900847911835,11,4,"[400, 406, 408, 414]","[400, 408, 414]",True,128,8192,False,True,0.29897040128707886,0.26583001017570496,-0.0331403911113739,0.5631702542304993,0.5613532066345215,-0.0018170475959777832,0.01246150593215134,0.012669117328186985,0.00020761139603564516,0.018066585958877113,0.019237151369452477,0.0011705654105753638,0.004835010971873999,0.005033742209129474,0.00019873123725547542,0.006351838973076905,0.006743403841905734,0.0003915648688288288,21760,21760,0,0,2,0,2,positive,3,True
17,42,17,1,26,"[1, 306, 9115, 28738, 341, 10534, 29899, 29923, 1362, 29899, 5493, 601, 21595, 17487, 373, 18682, 26496, 294, 9385, 16997, 313, 29909, 18682, 29909, 29897, 5846, 29871, 29906, 29946, 29871, 29906, 29900, 29896, 29941, 7863, 2610, 24853, 29955, 29871, 29915, 29900, 29896, 19803, 29889, 306, 15649, 278, 23381, 7395, 541, 1009, 4700, 338, 451, 731, 701, 304, 2758, 366, 304, 1831, 596, 12949, 29889, 1105, 306, 5432, 1009, 29871, 29947, 29900, 29900, 1353, 297, 278, 3148, 29889, 306, 5432, 363, 29871, 29941, 24167, 3196, 931, 1269, 5448, 1434, 4856, 7699, 278, 9008, 29889, 910, 10823, 29915, 3600, 4223, 471, 577, 4319, 372, 3614, 29871, 29906, 29900, 6233, 304, 1831, 590, 22091, 29889, 382, 7949, 5593, 18117, 1423, 29899, 23838, 472, 17882, 13798, 338, 10329, 10329, 22993, 373, 319, 1489, 29909, 599, 28134, 363, 278, 341, 10764, 16286, 8389, 297, 263, 2323, 1196, 304, 367, 1423, 29899, 262, 363, 871, 393, 16286, 29889, 450, 1021, 363, 916, 1652, 25884, 29889, 1334, 1476, 445, 714, 491, 6721, 916, 28134, 825, 304, 437, 408, 727, 892, 694, 319, 18682, 319, 22873, 470, 7475, 11231, 885, 25269, 2198, 29889, 727, 892, 1472, 1472, 3454, 310, 28134, 5807, 28489, 1549, 278, 8638, 29889, 1423, 29899, 262, 471, 577, 5232, 591, 892, 5932, 591, 723, 3052, 1749, 16286, 1584, 2466, 591, 11977, 29871, 29906, 6199, 4688, 29889, 739, 3282, 29915, 451, 4383, 2466, 1363, 1749, 16286, 471, 29801, 29871, 2211, 6199, 373, 263, 10901, 11195, 29899, 2821, 7250, 29889, 1932, 591, 11977, 472, 341, 5493, 29871, 29941, 6199, 5683, 278, 319, 1489, 29909, 12417, 19518, 750, 7695, 3271, 322, 727, 338, 694, 4856, 304, 1371, 591, 411, 337, 2909, 3143, 1749, 12368, 304, 10059, 29889, 450, 3814, 15780, 1716, 982, 892, 1065, 29899, 1623, 322, 2030, 373, 278, 2768, 29889, 1551, 278, 982, 1623, 263, 7747, 27696, 9451, 364, 1131, 287, 278, 4152, 29871, 29929, 6199, 29889, 278, 22684, 18189, 1788, 1258, 451, 664, 2845, 5305, 29889, 278, 16286, 14333, 14722, 871, 7470, 29871, 29946, 3064, 297, 29871, 29929, 6199, 29901, 304, 9080, 13748, 13748, 1156, 2125, 2696, 304, 9080, 322, 6314, 17803, 9080, 322, 6314, 26044, 322, 1361, 714, 5198, 16783, 322, 2888, 16411, 883, 29889, 1619, 9848, 29901, 29871, 29896, 29897, 1938, 451, 11340, 18682, 26496, 294, 9385, 24058, 363, 738, 2769, 1584, 565, 366, 505, 304, 1735, 596, 9850, 3814, 304, 4772, 963, 470, 5146, 901, 373, 1790, 4799, 27360, 29889, 29871, 29906, 4291, 960, 366, 526, 443, 29880, 14395, 3307, 304, 773, 963, 322, 505, 304, 11340, 714, 310, 17882, 26853, 382, 25796, 4799, 18117, 18331, 29871, 29941, 6199, 4688, 322, 13240, 363, 278, 5232, 19604, 322, 1556, 766, 13013, 19098, 1423, 29899, 6464, 8792, 366, 756, 3926, 7271, 29889, 29871, 29941, 30725, 960, 366, 437, 451, 13590, 10432, 769, 366, 674, 7150, 871, 9078, 11962, 2669, 373, 278, 9008, 322, 1009, 2563, 3268, 338, 19269, 29889, 29871, 29946, 29169, 349, 8273, 13240, 6142, 363, 2030, 260, 271, 10146, 4799, 22116, 1112, 411, 694, 1985, 22684, 18189, 1788, 322, 18425, 29899, 297, 27597, 16286, 14333, 6211, 29889]","[1, 306, 9115, 28738, 341, 10534, 29899, 29923, 1362, 29899, 5493, 601, 21595, 17487, 373, 18682, 26496, 294, 9385, 16997, 313, 29909, 18682, 29909, 29897, 5846, 29871, 29906, 29946, 29871, 29906, 29900, 29896, 29941, 7863, 2610, 24853, 29955, 29871, 29915, 29900, 29896, 19803, 29889, 306, 15649, 278, 23381, 7395, 541, 1009, 4700, 338, 451, 731, 701, 304, 2758, 366, 304, 1831, 596, 12949, 29889, 1105, 306, 5432, 1009, 29871, 29947, 29900, 29900, 1353, 297, 278, 3148, 29889, 306, 5432, 363, 29871, 29941, 24167, 3196, 931, 1269, 5448, 1434, 4856, 7699, 278, 9008, 29889, 910, 10823, 29915, 3600, 4223, 471, 577, 4319, 372, 3614, 29871, 29906, 29900, 6233, 304, 1831, 590, 22091, 29889, 382, 7949, 5593, 18117, 1423, 29899, 23838, 472, 17882, 13798, 338, 10329, 10329, 22993, 373, 319, 1489, 29909, 599, 28134, 363, 278, 341, 10764, 16286, 8389, 297, 263, 2323, 1196, 304, 367, 1423, 29899, 262, 363, 871, 393, 16286, 29889, 450, 1021, 363, 916, 1652, 25884, 29889, 1334, 1476, 445, 714, 491, 6721, 916, 28134, 825, 304, 437, 408, 727, 892, 694, 319, 18682, 319, 22873, 470, 7475, 11231, 885, 25269, 2198, 29889, 727, 892, 1472, 1472, 3454, 310, 28134, 5807, 28489, 1549, 278, 8638, 29889, 1423, 29899, 262, 471, 577, 5232, 591, 892, 5932, 591, 723, 3052, 1749, 16286, 1584, 2466, 591, 11977, 29871, 29906, 6199, 4688, 29889, 739, 3282, 29915, 451, 4383, 2466, 1363, 1749, 16286, 471, 29801, 29871, 2211, 6199, 373, 263, 10901, 11195, 29899, 2821, 7250, 29889, 1932, 591, 11977, 472, 341, 5493, 29871, 29941, 6199, 5683, 278, 319, 1489, 29909, 12417, 19518, 750, 7695, 3271, 322, 727, 338, 694, 4856, 304, 1371, 591, 411, 337, 2909, 3143, 1749, 12368, 304, 10059, 29889, 450, 3814, 15780, 1716, 982, 892, 1065, 29899, 1623, 322, 2030, 373, 278, 2768, 29889, 1551, 278, 982, 1623, 263, 7747, 27696, 9451, 364, 1131, 287, 278, 4152, 29871, 29929, 6199, 29889, 278, 22684, 18189, 1788, 1258, 451, 664, 2845, 5305, 29889, 278, 16286, 14333, 14722, 871, 7470, 29871, 29946, 3064, 297, 29871, 29929, 6199, 29901, 304, 9080, 13748, 13748, 1156, 2125, 2696, 304, 9080, 322, 6314, 17803, 9080, 322, 6314, 26044, 322, 1361, 714, 5198, 16783, 322, 2888, 16411, 883, 29889, 1619, 9848, 29901, 29871, 29896, 29897, 1938, 451, 11340, 18682, 26496, 294, 9385, 24058, 363, 738, 2769, 1584, 565, 366, 505, 304, 1735, 596, 9850, 3814, 304, 4772, 963, 470, 5146, 901, 373, 1790, 4799, 27360, 29889, 29871, 29906, 4291, 960, 366, 526, 443, 29880, 14395, 3307, 304, 773, 963, 322, 505, 304, 11340, 714, 310, 17882, 16981, 349, 14918, 4799, 18117, 18331, 29871, 29941, 6199, 4688, 322, 19012, 363, 278, 5232, 19604, 322, 1556, 766, 13013, 19098, 1423, 29899, 6464, 8792, 366, 756, 3926, 7271, 29889, 29871, 29941, 30725, 960, 366, 437, 451, 13590, 10432, 769, 366, 674, 7150, 871, 9078, 11962, 2669, 373, 278, 9008, 322, 1009, 2563, 3268, 338, 19269, 29889, 29871, 29946, 29169, 349, 8273, 13240, 6142, 363, 2030, 260, 271, 10146, 4799, 22116, 1112, 411, 694, 1985, 22684, 18189, 1788, 322, 18425, 29899, 297, 27597, 16286, 14333, 6211, 29889]",623ffd1b072a93b8ff281e8522599c0f097f810602e9f5b060b1f92e25ce35ff,2dc33bfb48fbd19179ffa5e9518f377dac2e289b5bab975884d0e8930a03f19c,623ffd1b072a93b8ff281e8522599c0f097f810602e9f5b060b1f92e25ce35ff,2dc33bfb48fbd19179ffa5e9518f377dac2e289b5bab975884d0e8930a03f19c,623ffd1b072a93b8ff281e8522599c0f097f810602e9f5b060b1f92e25ce35ff,2dc33bfb48fbd19179ffa5e9518f377dac2e289b5bab975884d0e8930a03f19c,True,True,0.021688085049390793,0.02110045962035656,-0.0005876254290342331,8,6,"[418, 419, 420, 422, 429]","[418, 419, 420, 429]",True,128,8192,False,True,0.30650895833969116,0.23367252945899963,-0.07283642888069153,0.565412163734436,0.5621820688247681,-0.0032300949096679688,0.011721867027517874,0.00945466292614583,-0.0022672041013720445,0.019865432237565983,0.018318496498977765,-0.0015469357385882176,0.0033569473480759573,0.002566056200957372,-0.0007908911471185853,0.0046013615513605275,0.004398828264602945,-0.0002025332867575825,30976,30976,0,0,2,1,1,positive,4,True
17,42,17,1,29,"[1, 306, 9115, 28738, 341, 10534, 29899, 29923, 1362, 29899, 5493, 601, 21595, 17487, 373, 18682, 26496, 294, 9385, 16997, 313, 29909, 18682, 29909, 29897, 5846, 29871, 29906, 29946, 29871, 29906, 29900, 29896, 29941, 7863, 2610, 24853, 29955, 29871, 29915, 29900, 29896, 19803, 29889, 306, 15649, 278, 23381, 7395, 541, 1009, 4700, 338, 451, 731, 701, 304, 2758, 366, 304, 1831, 596, 12949, 29889, 1105, 306, 5432, 1009, 29871, 29947, 29900, 29900, 1353, 297, 278, 3148, 29889, 306, 5432, 363, 29871, 29941, 24167, 3196, 931, 1269, 5448, 1434, 4856, 7699, 278, 9008, 29889, 910, 10823, 29915, 3600, 4223, 471, 577, 4319, 372, 3614, 29871, 29906, 29900, 6233, 304, 1831, 590, 22091, 29889, 382, 7949, 5593, 18117, 1423, 29899, 23838, 472, 17882, 13798, 338, 10329, 10329, 22993, 373, 319, 1489, 29909, 599, 28134, 363, 278, 341, 10764, 16286, 8389, 297, 263, 2323, 1196, 304, 367, 1423, 29899, 262, 363, 871, 393, 16286, 29889, 450, 1021, 363, 916, 1652, 25884, 29889, 1334, 1476, 445, 714, 491, 6721, 916, 28134, 825, 304, 437, 408, 727, 892, 694, 319, 18682, 319, 22873, 470, 7475, 11231, 885, 25269, 2198, 29889, 727, 892, 1472, 1472, 3454, 310, 28134, 5807, 28489, 1549, 278, 8638, 29889, 1423, 29899, 262, 471, 577, 5232, 591, 892, 5932, 591, 723, 3052, 1749, 16286, 1584, 2466, 591, 11977, 29871, 29906, 6199, 4688, 29889, 739, 3282, 29915, 451, 4383, 2466, 1363, 1749, 16286, 471, 29801, 29871, 2211, 6199, 373, 263, 10901, 11195, 29899, 2821, 7250, 29889, 1932, 591, 11977, 472, 341, 5493, 29871, 29941, 6199, 5683, 278, 319, 1489, 29909, 12417, 19518, 750, 7695, 3271, 322, 727, 338, 694, 4856, 304, 1371, 591, 411, 337, 2909, 3143, 1749, 12368, 304, 10059, 29889, 450, 3814, 15780, 1716, 982, 892, 1065, 29899, 1623, 322, 2030, 373, 278, 2768, 29889, 1551, 278, 982, 1623, 263, 7747, 27696, 9451, 364, 1131, 287, 278, 4152, 29871, 29929, 6199, 29889, 278, 22684, 18189, 1788, 1258, 451, 664, 2845, 5305, 29889, 278, 16286, 14333, 14722, 871, 7470, 29871, 29946, 3064, 297, 29871, 29929, 6199, 29901, 304, 9080, 13748, 13748, 1156, 2125, 2696, 304, 9080, 322, 6314, 17803, 9080, 322, 6314, 26044, 322, 1361, 714, 5198, 16783, 322, 2888, 16411, 883, 29889, 1619, 9848, 29901, 29871, 29896, 29897, 1938, 451, 11340, 18682, 26496, 294, 9385, 24058, 363, 738, 2769, 1584, 565, 366, 505, 304, 1735, 596, 9850, 3814, 304, 4772, 963, 470, 5146, 901, 373, 1790, 4799, 27360, 29889, 29871, 29906, 4291, 960, 366, 526, 443, 29880, 14395, 3307, 304, 773, 963, 322, 505, 304, 11340, 714, 310, 17882, 16981, 349, 14918, 4799, 18117, 18331, 29871, 29941, 6199, 4688, 322, 19012, 363, 278, 5232, 19604, 322, 1556, 766, 13013, 19098, 1423, 29899, 6464, 8792, 366, 756, 3926, 7271, 29889, 29871, 29941, 30725, 960, 366, 437, 451, 13590, 10432, 769, 366, 674, 7150, 871, 9078, 11962, 2669, 373, 278, 9008, 322, 1009, 2563, 3268, 338, 19269, 29889, 29871, 29946, 29169, 349, 8273, 13240, 6142, 363, 2030, 260, 271, 10146, 4799, 22116, 1112, 411, 694, 1985, 22684, 18189, 1788, 322, 18425, 29899, 297, 27597, 16286, 14333, 6211, 29889]","[1, 306, 9115, 28738, 341, 10534, 29899, 29923, 1362, 29899, 5493, 601, 21595, 17487, 373, 18682, 26496, 294, 9385, 16997, 313, 29909, 18682, 29909, 29897, 5846, 29871, 29906, 29946, 29871, 29906, 29900, 29896, 29941, 7863, 2610, 24853, 29955, 29871, 29915, 29900, 29896, 19803, 29889, 306, 15649, 278, 23381, 7395, 541, 1009, 4700, 338, 451, 731, 701, 304, 2758, 366, 304, 1831, 596, 12949, 29889, 1105, 306, 5432, 1009, 29871, 29947, 29900, 29900, 1353, 297, 278, 3148, 29889, 306, 5432, 363, 29871, 29941, 24167, 3196, 931, 1269, 5448, 1434, 4856, 7699, 278, 9008, 29889, 910, 10823, 29915, 3600, 4223, 471, 577, 4319, 372, 3614, 29871, 29906, 29900, 6233, 304, 1831, 590, 22091, 29889, 382, 7949, 5593, 18117, 1423, 29899, 23838, 472, 17882, 13798, 338, 10329, 10329, 22993, 373, 319, 1489, 29909, 599, 28134, 363, 278, 341, 10764, 16286, 8389, 297, 263, 2323, 1196, 304, 367, 1423, 29899, 262, 363, 871, 393, 16286, 29889, 450, 1021, 363, 916, 1652, 25884, 29889, 1334, 1476, 445, 714, 491, 6721, 916, 28134, 825, 304, 437, 408, 727, 892, 694, 319, 18682, 319, 22873, 470, 7475, 11231, 885, 25269, 2198, 29889, 727, 892, 1472, 1472, 3454, 310, 28134, 5807, 28489, 1549, 278, 8638, 29889, 1423, 29899, 262, 471, 577, 5232, 591, 892, 5932, 591, 723, 3052, 1749, 16286, 1584, 2466, 591, 11977, 29871, 29906, 6199, 4688, 29889, 739, 3282, 29915, 451, 4383, 2466, 1363, 1749, 16286, 471, 29801, 29871, 2211, 6199, 373, 263, 10901, 11195, 29899, 2821, 7250, 29889, 1932, 591, 11977, 472, 341, 5493, 29871, 29941, 6199, 5683, 278, 319, 1489, 29909, 12417, 19518, 750, 7695, 3271, 322, 727, 338, 694, 4856, 304, 1371, 591, 411, 337, 2909, 3143, 1749, 12368, 304, 10059, 29889, 450, 3814, 15780, 1716, 982, 892, 1065, 29899, 1623, 322, 2030, 373, 278, 2768, 29889, 1551, 278, 982, 1623, 263, 7747, 27696, 9451, 364, 1131, 287, 278, 4152, 29871, 29929, 6199, 29889, 278, 22684, 18189, 1788, 1258, 451, 664, 2845, 5305, 29889, 278, 16286, 14333, 14722, 871, 7470, 29871, 29946, 3064, 297, 29871, 29929, 6199, 29901, 304, 9080, 13748, 13748, 1156, 2125, 2696, 304, 9080, 322, 6314, 17803, 9080, 322, 6314, 26044, 322, 1361, 714, 5198, 16783, 322, 2888, 16411, 883, 29889, 1619, 9848, 29901, 29871, 29896, 29897, 1938, 451, 11340, 18682, 26496, 294, 9385, 24058, 363, 738, 2769, 1584, 565, 366, 505, 304, 1735, 596, 9850, 3814, 304, 4772, 963, 470, 5146, 901, 373, 1790, 4799, 27360, 29889, 29871, 29906, 4291, 960, 366, 526, 443, 29880, 14395, 3307, 304, 773, 963, 322, 505, 304, 11340, 714, 310, 17882, 16981, 349, 14918, 4799, 18117, 18331, 29871, 29941, 6199, 4688, 322, 19012, 363, 278, 5232, 19604, 322, 1556, 766, 13013, 19098, 1423, 29899, 6464, 8792, 366, 756, 3926, 7271, 29889, 29871, 29941, 30725, 960, 366, 437, 451, 13590, 10432, 769, 366, 674, 7150, 871, 9078, 11962, 2669, 373, 278, 9008, 322, 1009, 2563, 3268, 338, 19269, 29889, 29871, 29946, 7528, 317, 8273, 13240, 6142, 363, 2030, 260, 271, 10146, 4799, 22116, 1112, 411, 694, 1985, 22684, 18189, 1788, 322, 18425, 29899, 297, 27597, 16286, 14333, 6211, 29889]",2dc33bfb48fbd19179ffa5e9518f377dac2e289b5bab975884d0e8930a03f19c,b7725ef0d8c754f04ee69641a1c84a82a3b52cc67d703515f6fd3f8f2fc97a85,2dc33bfb48fbd19179ffa5e9518f377dac2e289b5bab975884d0e8930a03f19c,b7725ef0d8c754f04ee69641a1c84a82a3b52cc67d703515f6fd3f8f2fc97a85,2dc33bfb48fbd19179ffa5e9518f377dac2e289b5bab975884d0e8930a03f19c,b7725ef0d8c754f04ee69641a1c84a82a3b52cc67d703515f6fd3f8f2fc97a85,True,True,0.02110045962035656,0.021039173007011414,-6.128661334514618e-05,8,3,"[477, 478]","[477, 478]",True,128,3456,False,True,0.2683529853820801,0.2584749460220337,-0.009878039360046387,0.5656195878982544,0.5663478970527649,0.000728309154510498,0.008767314237990865,0.009426681186865878,0.0006593669488750131,0.015016440888521847,0.015885266872053896,0.0008688259835320494,0.004361126642182188,0.004569024102375755,0.0002078974601935667,0.006836744288931477,0.007153808112906397,0.0003170638239749198,6784,6784,0,0,0,1,-1,harmful,2,True
17,42,17,1,31,"[1, 306, 9115, 28738, 341, 10534, 29899, 29923, 1362, 29899, 5493, 601, 21595, 17487, 373, 18682, 26496, 294, 9385, 16997, 313, 29909, 18682, 29909, 29897, 5846, 29871, 29906, 29946, 29871, 29906, 29900, 29896, 29941, 7863, 2610, 24853, 29955, 29871, 29915, 29900, 29896, 19803, 29889, 306, 15649, 278, 23381, 7395, 541, 1009, 4700, 338, 451, 731, 701, 304, 2758, 366, 304, 1831, 596, 12949, 29889, 1105, 306, 5432, 1009, 29871, 29947, 29900, 29900, 1353, 297, 278, 3148, 29889, 306, 5432, 363, 29871, 29941, 24167, 3196, 931, 1269, 5448, 1434, 4856, 7699, 278, 9008, 29889, 910, 10823, 29915, 3600, 4223, 471, 577, 4319, 372, 3614, 29871, 29906, 29900, 6233, 304, 1831, 590, 22091, 29889, 382, 7949, 5593, 18117, 1423, 29899, 23838, 472, 17882, 13798, 338, 10329, 10329, 22993, 373, 319, 1489, 29909, 599, 28134, 363, 278, 341, 10764, 16286, 8389, 297, 263, 2323, 1196, 304, 367, 1423, 29899, 262, 363, 871, 393, 16286, 29889, 450, 1021, 363, 916, 1652, 25884, 29889, 1334, 1476, 445, 714, 491, 6721, 916, 28134, 825, 304, 437, 408, 727, 892, 694, 319, 18682, 319, 22873, 470, 7475, 11231, 885, 25269, 2198, 29889, 727, 892, 1472, 1472, 3454, 310, 28134, 5807, 28489, 1549, 278, 8638, 29889, 1423, 29899, 262, 471, 577, 5232, 591, 892, 5932, 591, 723, 3052, 1749, 16286, 1584, 2466, 591, 11977, 29871, 29906, 6199, 4688, 29889, 739, 3282, 29915, 451, 4383, 2466, 1363, 1749, 16286, 471, 29801, 29871, 2211, 6199, 373, 263, 10901, 11195, 29899, 2821, 7250, 29889, 1932, 591, 11977, 472, 341, 5493, 29871, 29941, 6199, 5683, 278, 319, 1489, 29909, 12417, 19518, 750, 7695, 3271, 322, 727, 338, 694, 4856, 304, 1371, 591, 411, 337, 2909, 3143, 1749, 12368, 304, 10059, 29889, 450, 3814, 15780, 1716, 982, 892, 1065, 29899, 1623, 322, 2030, 373, 278, 2768, 29889, 1551, 278, 982, 1623, 263, 7747, 27696, 9451, 364, 1131, 287, 278, 4152, 29871, 29929, 6199, 29889, 278, 22684, 18189, 1788, 1258, 451, 664, 2845, 5305, 29889, 278, 16286, 14333, 14722, 871, 7470, 29871, 29946, 3064, 297, 29871, 29929, 6199, 29901, 304, 9080, 13748, 13748, 1156, 2125, 2696, 304, 9080, 322, 6314, 17803, 9080, 322, 6314, 26044, 322, 1361, 714, 5198, 16783, 322, 2888, 16411, 883, 29889, 1619, 9848, 29901, 29871, 29896, 29897, 1938, 451, 11340, 18682, 26496, 294, 9385, 24058, 363, 738, 2769, 1584, 565, 366, 505, 304, 1735, 596, 9850, 3814, 304, 4772, 963, 470, 5146, 901, 373, 1790, 4799, 27360, 29889, 29871, 29906, 4291, 960, 366, 526, 443, 29880, 14395, 3307, 304, 773, 963, 322, 505, 304, 11340, 714, 310, 17882, 16981, 349, 14918, 4799, 18117, 18331, 29871, 29941, 6199, 4688, 322, 19012, 363, 278, 5232, 19604, 322, 1556, 766, 13013, 19098, 1423, 29899, 6464, 8792, 366, 756, 3926, 7271, 29889, 29871, 29941, 30725, 960, 366, 437, 451, 13590, 10432, 769, 366, 674, 7150, 871, 9078, 11962, 2669, 373, 278, 9008, 322, 1009, 2563, 3268, 338, 19269, 29889, 29871, 29946, 7528, 317, 8273, 13240, 6142, 363, 2030, 260, 271, 10146, 4799, 22116, 1112, 411, 694, 1985, 22684, 18189, 1788, 322, 18425, 29899, 297, 27597, 16286, 14333, 6211, 29889]","[1, 306, 9115, 28738, 341, 10534, 29899, 29923, 1362, 29899, 5493, 601, 21595, 17487, 373, 18682, 26496, 294, 9385, 16997, 313, 29909, 18682, 29909, 29897, 5846, 29871, 29906, 29946, 29871, 29906, 29900, 29896, 29941, 7863, 2610, 24853, 29955, 29871, 29915, 29900, 29896, 19803, 29889, 306, 15649, 278, 23381, 7395, 541, 1009, 4700, 338, 451, 731, 701, 304, 2758, 366, 304, 1831, 596, 12949, 29889, 1105, 306, 5432, 1009, 29871, 29947, 29900, 29900, 1353, 297, 278, 3148, 29889, 306, 5432, 363, 29871, 29941, 24167, 3196, 931, 1269, 5448, 1434, 4856, 7699, 278, 9008, 29889, 910, 10823, 29915, 3600, 4223, 471, 577, 4319, 372, 3614, 29871, 29906, 29900, 6233, 304, 1831, 590, 22091, 29889, 382, 7949, 5593, 18117, 1423, 29899, 23838, 472, 17882, 13798, 338, 10329, 10329, 22993, 373, 319, 1489, 29909, 599, 28134, 363, 278, 341, 10764, 16286, 8389, 297, 263, 2323, 1196, 304, 367, 1423, 29899, 262, 363, 871, 393, 16286, 29889, 450, 1021, 363, 916, 1652, 25884, 29889, 1334, 1476, 445, 714, 491, 6721, 916, 28134, 825, 304, 437, 408, 727, 892, 694, 319, 18682, 319, 22873, 470, 7475, 11231, 885, 25269, 2198, 29889, 727, 892, 1472, 1472, 3454, 310, 28134, 5807, 28489, 1549, 278, 8638, 29889, 1423, 29899, 262, 471, 577, 5232, 591, 892, 5932, 591, 723, 3052, 1749, 16286, 1584, 2466, 591, 11977, 29871, 29906, 6199, 4688, 29889, 739, 3282, 29915, 451, 4383, 2466, 1363, 1749, 16286, 471, 29801, 29871, 2211, 6199, 373, 263, 10901, 11195, 29899, 2821, 7250, 29889, 1932, 591, 11977, 472, 341, 5493, 29871, 29941, 6199, 5683, 278, 319, 1489, 29909, 12417, 19518, 750, 7695, 3271, 322, 727, 338, 694, 4856, 304, 1371, 591, 411, 337, 2909, 3143, 1749, 12368, 304, 10059, 29889, 450, 3814, 15780, 1716, 982, 892, 1065, 29899, 1623, 322, 2030, 373, 278, 2768, 29889, 1551, 278, 982, 1623, 263, 7747, 27696, 9451, 364, 1131, 287, 278, 4152, 29871, 29929, 6199, 29889, 278, 22684, 18189, 1788, 1258, 451, 664, 2845, 5305, 29889, 278, 16286, 14333, 14722, 871, 7470, 29871, 29946, 3064, 297, 29871, 29929, 6199, 29901, 304, 9080, 13748, 13748, 1156, 2125, 2696, 304, 9080, 322, 6314, 17803, 9080, 322, 6314, 26044, 322, 1361, 714, 5198, 16783, 322, 2888, 16411, 883, 29889, 1619, 9848, 29901, 29871, 29896, 29897, 1938, 451, 11340, 18682, 26496, 294, 9385, 24058, 363, 738, 2769, 1584, 565, 366, 505, 304, 1735, 596, 9850, 3814, 304, 4772, 963, 470, 5146, 901, 373, 1790, 4799, 27360, 29889, 29871, 29906, 4291, 960, 366, 526, 443, 29880, 14395, 3307, 304, 773, 963, 322, 505, 304, 11340, 714, 310, 17882, 16981, 349, 14918, 4799, 18117, 18331, 29871, 29941, 6199, 4688, 322, 19012, 363, 278, 5232, 19604, 322, 1556, 766, 13013, 19098, 1423, 29899, 6464, 8792, 366, 756, 3926, 7271, 29889, 29871, 29941, 30725, 960, 366, 437, 451, 13590, 10432, 769, 366, 674, 7150, 871, 9078, 11962, 2669, 373, 278, 9008, 322, 1009, 2563, 3268, 338, 19269, 29889, 29871, 29946, 7528, 317, 8273, 13240, 6142, 363, 2030, 260, 271, 10146, 4799, 22116, 1112, 411, 694, 1985, 22684, 18189, 1788, 322, 18425, 29899, 297, 27597, 16286, 14333, 2234, 29889]",b7725ef0d8c754f04ee69641a1c84a82a3b52cc67d703515f6fd3f8f2fc97a85,580e51e4fe79a18bf074d9bd24bdaadc94637c581a97b27a9900d6cf25d76f93,b7725ef0d8c754f04ee69641a1c84a82a3b52cc67d703515f6fd3f8f2fc97a85,580e51e4fe79a18bf074d9bd24bdaadc94637c581a97b27a9900d6cf25d76f93,b7725ef0d8c754f04ee69641a1c84a82a3b52cc67d703515f6fd3f8f2fc97a85,580e51e4fe79a18bf074d9bd24bdaadc94637c581a97b27a9900d6cf25d76f93,True,True,0.021039173007011414,0.02088928036391735,-0.0001498926430940628,3,2,"[500, 503]",[503],True,59,128,False,True,0.2415531873703003,0.14125002920627594,-0.10030315816402435,0.5582573413848877,0.562701940536499,0.004444599151611328,0.02036714879795909,0.009453957434743643,-0.010913191363215446,0.02220694161951542,0.011659227311611176,-0.010547714307904243,0.02036714879795909,0.009453957434743643,-0.010913191363215446,0.02220694161951542,0.011659227311611176,-0.010547714307904243,128,128,0,0,0,0,0,neutral,1,True
17,42,17,2,2,"[1, 306, 9115, 28738, 341, 10534, 29899, 29923, 1362, 29899, 5493, 601, 21595, 17487, 373, 18682, 26496, 294, 9385, 16997, 313, 29909, 18682, 29909, 29897, 5846, 29871, 29906, 29946, 29871, 29906, 29900, 29896, 29941, 7863, 2610, 24853, 29955, 29871, 29915, 29900, 29896, 19803, 29889, 306, 15649, 278, 23381, 7395, 541, 1009, 4700, 338, 451, 731, 701, 304, 2758, 366, 304, 1831, 596, 12949, 29889, 1105, 306, 5432, 1009, 29871, 29947, 29900, 29900, 1353, 297, 278, 3148, 29889, 306, 5432, 363, 29871, 29941, 24167, 3196, 931, 1269, 5448, 1434, 4856, 7699, 278, 9008, 29889, 910, 10823, 29915, 3600, 4223, 471, 577, 4319, 372, 3614, 29871, 29906, 29900, 6233, 304, 1831, 590, 22091, 29889, 382, 7949, 5593, 18117, 1423, 29899, 23838, 472, 17882, 13798, 338, 10329, 10329, 22993, 373, 319, 1489, 29909, 599, 28134, 363, 278, 341, 10764, 16286, 8389, 297, 263, 2323, 1196, 304, 367, 1423, 29899, 262, 363, 871, 393, 16286, 29889, 450, 1021, 363, 916, 1652, 25884, 29889, 1334, 1476, 445, 714, 491, 6721, 916, 28134, 825, 304, 437, 408, 727, 892, 694, 319, 18682, 319, 22873, 470, 7475, 11231, 885, 25269, 2198, 29889, 727, 892, 1472, 1472, 3454, 310, 28134, 5807, 28489, 1549, 278, 8638, 29889, 1423, 29899, 262, 471, 577, 5232, 591, 892, 5932, 591, 723, 3052, 1749, 16286, 1584, 2466, 591, 11977, 29871, 29906, 6199, 4688, 29889, 739, 3282, 29915, 451, 4383, 2466, 1363, 1749, 16286, 471, 29801, 29871, 2211, 6199, 373, 263, 10901, 11195, 29899, 2821, 7250, 29889, 1932, 591, 11977, 472, 341, 5493, 29871, 29941, 6199, 5683, 278, 319, 1489, 29909, 12417, 19518, 750, 7695, 3271, 322, 727, 338, 694, 4856, 304, 1371, 591, 411, 337, 2909, 3143, 1749, 12368, 304, 10059, 29889, 450, 3814, 15780, 1716, 982, 892, 1065, 29899, 1623, 322, 2030, 373, 278, 2768, 29889, 1551, 278, 982, 1623, 263, 7747, 27696, 9451, 364, 1131, 287, 278, 4152, 29871, 29929, 6199, 29889, 278, 22684, 18189, 1788, 1258, 451, 664, 2845, 5305, 29889, 278, 16286, 14333, 14722, 871, 7470, 29871, 29946, 3064, 297, 29871, 29929, 6199, 29901, 304, 9080, 13748, 13748, 1156, 2125, 2696, 304, 9080, 322, 6314, 17803, 9080, 322, 6314, 26044, 322, 1361, 714, 5198, 16783, 322, 2888, 16411, 883, 29889, 1619, 9848, 29901, 29871, 29896, 29897, 1938, 451, 11340, 18682, 26496, 294, 9385, 24058, 363, 738, 2769, 1584, 565, 366, 505, 304, 1735, 596, 9850, 3814, 304, 4772, 963, 470, 5146, 901, 373, 1790, 4799, 27360, 29889, 29871, 29906, 4291, 960, 366, 526, 443, 29880, 14395, 3307, 304, 773, 963, 322, 505, 304, 11340, 714, 310, 17882, 16981, 349, 14918, 4799, 18117, 18331, 29871, 29941, 6199, 4688, 322, 19012, 363, 278, 5232, 19604, 322, 1556, 766, 13013, 19098, 1423, 29899, 6464, 8792, 366, 756, 3926, 7271, 29889, 29871, 29941, 30725, 960, 366, 437, 451, 13590, 10432, 769, 366, 674, 7150, 871, 9078, 11962, 2669, 373, 278, 9008, 322, 1009, 2563, 3268, 338, 19269, 29889, 29871, 29946, 7528, 317, 8273, 13240, 6142, 363, 2030, 260, 271, 10146, 4799, 22116, 1112, 411, 694, 1985, 22684, 18189, 1788, 322, 18425, 29899, 297, 27597, 16286, 14333, 2234, 29889]","[1, 306, 9115, 28738, 341, 10534, 29899, 29923, 1362, 29899, 5493, 601, 21595, 17487, 373, 18682, 26496, 294, 9385, 16997, 313, 29909, 18682, 29909, 29897, 5846, 29871, 29906, 29946, 29871, 29906, 29900, 29896, 29941, 7863, 2610, 29871, 29955, 29871, 29915, 29900, 29896, 3884, 29889, 306, 15649, 278, 23381, 7395, 541, 1009, 4700, 338, 451, 731, 701, 304, 2758, 366, 304, 1831, 596, 12949, 29889, 1105, 306, 5432, 1009, 29871, 29947, 29900, 29900, 1353, 297, 278, 3148, 29889, 306, 5432, 363, 29871, 29941, 24167, 3196, 931, 1269, 5448, 1434, 4856, 7699, 278, 9008, 29889, 910, 10823, 29915, 3600, 4223, 471, 577, 4319, 372, 3614, 29871, 29906, 29900, 6233, 304, 1831, 590, 22091, 29889, 382, 7949, 5593, 18117, 1423, 29899, 23838, 472, 17882, 13798, 338, 10329, 10329, 22993, 373, 319, 1489, 29909, 599, 28134, 363, 278, 341, 10764, 16286, 8389, 297, 263, 2323, 1196, 304, 367, 1423, 29899, 262, 363, 871, 393, 16286, 29889, 450, 1021, 363, 916, 1652, 25884, 29889, 1334, 1476, 445, 714, 491, 6721, 916, 28134, 825, 304, 437, 408, 727, 892, 694, 319, 18682, 319, 22873, 470, 7475, 11231, 885, 25269, 2198, 29889, 727, 892, 1472, 1472, 3454, 310, 28134, 5807, 28489, 1549, 278, 8638, 29889, 1423, 29899, 262, 471, 577, 5232, 591, 892, 5932, 591, 723, 3052, 1749, 16286, 1584, 2466, 591, 11977, 29871, 29906, 6199, 4688, 29889, 739, 3282, 29915, 451, 4383, 2466, 1363, 1749, 16286, 471, 29801, 29871, 2211, 6199, 373, 263, 10901, 11195, 29899, 2821, 7250, 29889, 1932, 591, 11977, 472, 341, 5493, 29871, 29941, 6199, 5683, 278, 319, 1489, 29909, 12417, 19518, 750, 7695, 3271, 322, 727, 338, 694, 4856, 304, 1371, 591, 411, 337, 2909, 3143, 1749, 12368, 304, 10059, 29889, 450, 3814, 15780, 1716, 982, 892, 1065, 29899, 1623, 322, 2030, 373, 278, 2768, 29889, 1551, 278, 982, 1623, 263, 7747, 27696, 9451, 364, 1131, 287, 278, 4152, 29871, 29929, 6199, 29889, 278, 22684, 18189, 1788, 1258, 451, 664, 2845, 5305, 29889, 278, 16286, 14333, 14722, 871, 7470, 29871, 29946, 3064, 297, 29871, 29929, 6199, 29901, 304, 9080, 13748, 13748, 1156, 2125, 2696, 304, 9080, 322, 6314, 17803, 9080, 322, 6314, 26044, 322, 1361, 714, 5198, 16783, 322, 2888, 16411, 883, 29889, 1619, 9848, 29901, 29871, 29896, 29897, 1938, 451, 11340, 18682, 26496, 294, 9385, 24058, 363, 738, 2769, 1584, 565, 366, 505, 304, 1735, 596, 9850, 3814, 304, 4772, 963, 470, 5146, 901, 373, 1790, 4799, 27360, 29889, 29871, 29906, 4291, 960, 366, 526, 443, 29880, 14395, 3307, 304, 773, 963, 322, 505, 304, 11340, 714, 310, 17882, 16981, 349, 14918, 4799, 18117, 18331, 29871, 29941, 6199, 4688, 322, 19012, 363, 278, 5232, 19604, 322, 1556, 766, 13013, 19098, 1423, 29899, 6464, 8792, 366, 756, 3926, 7271, 29889, 29871, 29941, 30725, 960, 366, 437, 451, 13590, 10432, 769, 366, 674, 7150, 871, 9078, 11962, 2669, 373, 278, 9008, 322, 1009, 2563, 3268, 338, 19269, 29889, 29871, 29946, 7528, 317, 8273, 13240, 6142, 363, 2030, 260, 271, 10146, 4799, 22116, 1112, 411, 694, 1985, 22684, 18189, 1788, 322, 18425, 29899, 297, 27597, 16286, 14333, 2234, 29889]",580e51e4fe79a18bf074d9bd24bdaadc94637c581a97b27a9900d6cf25d76f93,968482b33b8caec63ba7f05a50a52e494d5fb5d5d14eb584b7c4d2d624513e4f,580e51e4fe79a18bf074d9bd24bdaadc94637c581a97b27a9900d6cf25d76f93,968482b33b8caec63ba7f05a50a52e494d5fb5d5d14eb584b7c4d2d624513e4f,580e51e4fe79a18bf074d9bd24bdaadc94637c581a97b27a9900d6cf25d76f93,968482b33b8caec63ba7f05a50a52e494d5fb5d5d14eb584b7c4d2d624513e4f,True,True,0.02088928036391735,0.020198550075292587,-0.0006907302886247635,18,1,"[36, 42, 47]","[36, 42]",True,128,8192,False,True,0.24182480573654175,0.1807613968849182,-0.061063408851623535,0.41835033893585205,0.4216517508029938,0.0033014118671417236,0.012294733554881532,0.007594527800392825,-0.004700205754488707,0.019226419295591768,0.01501084851770429,-0.0042155707778874785,0.0062989543276060316,0.00358980134908171,-0.0027091529785243217,0.01001850119791925,0.00824108030112674,-0.00177742089679251,15616,15616,0,0,1,0,1,positive,2,True
17,42,17,2,5,"[1, 306, 9115, 28738, 341, 10534, 29899, 29923, 1362, 29899, 5493, 601, 21595, 17487, 373, 18682, 26496, 294, 9385, 16997, 313, 29909, 18682, 29909, 29897, 5846, 29871, 29906, 29946, 29871, 29906, 29900, 29896, 29941, 7863, 2610, 29871, 29955, 29871, 29915, 29900, 29896, 3884, 29889, 306, 15649, 278, 23381, 7395, 541, 1009, 4700, 338, 451, 731, 701, 304, 2758, 366, 304, 1831, 596, 12949, 29889, 1105, 306, 5432, 1009, 29871, 29947, 29900, 29900, 1353, 297, 278, 3148, 29889, 306, 5432, 363, 29871, 29941, 24167, 3196, 931, 1269, 5448, 1434, 4856, 7699, 278, 9008, 29889, 910, 10823, 29915, 3600, 4223, 471, 577, 4319, 372, 3614, 29871, 29906, 29900, 6233, 304, 1831, 590, 22091, 29889, 382, 7949, 5593, 18117, 1423, 29899, 23838, 472, 17882, 13798, 338, 10329, 10329, 22993, 373, 319, 1489, 29909, 599, 28134, 363, 278, 341, 10764, 16286, 8389, 297, 263, 2323, 1196, 304, 367, 1423, 29899, 262, 363, 871, 393, 16286, 29889, 450, 1021, 363, 916, 1652, 25884, 29889, 1334, 1476, 445, 714, 491, 6721, 916, 28134, 825, 304, 437, 408, 727, 892, 694, 319, 18682, 319, 22873, 470, 7475, 11231, 885, 25269, 2198, 29889, 727, 892, 1472, 1472, 3454, 310, 28134, 5807, 28489, 1549, 278, 8638, 29889, 1423, 29899, 262, 471, 577, 5232, 591, 892, 5932, 591, 723, 3052, 1749, 16286, 1584, 2466, 591, 11977, 29871, 29906, 6199, 4688, 29889, 739, 3282, 29915, 451, 4383, 2466, 1363, 1749, 16286, 471, 29801, 29871, 2211, 6199, 373, 263, 10901, 11195, 29899, 2821, 7250, 29889, 1932, 591, 11977, 472, 341, 5493, 29871, 29941, 6199, 5683, 278, 319, 1489, 29909, 12417, 19518, 750, 7695, 3271, 322, 727, 338, 694, 4856, 304, 1371, 591, 411, 337, 2909, 3143, 1749, 12368, 304, 10059, 29889, 450, 3814, 15780, 1716, 982, 892, 1065, 29899, 1623, 322, 2030, 373, 278, 2768, 29889, 1551, 278, 982, 1623, 263, 7747, 27696, 9451, 364, 1131, 287, 278, 4152, 29871, 29929, 6199, 29889, 278, 22684, 18189, 1788, 1258, 451, 664, 2845, 5305, 29889, 278, 16286, 14333, 14722, 871, 7470, 29871, 29946, 3064, 297, 29871, 29929, 6199, 29901, 304, 9080, 13748, 13748, 1156, 2125, 2696, 304, 9080, 322, 6314, 17803, 9080, 322, 6314, 26044, 322, 1361, 714, 5198, 16783, 322, 2888, 16411, 883, 29889, 1619, 9848, 29901, 29871, 29896, 29897, 1938, 451, 11340, 18682, 26496, 294, 9385, 24058, 363, 738, 2769, 1584, 565, 366, 505, 304, 1735, 596, 9850, 3814, 304, 4772, 963, 470, 5146, 901, 373, 1790, 4799, 27360, 29889, 29871, 29906, 4291, 960, 366, 526, 443, 29880, 14395, 3307, 304, 773, 963, 322, 505, 304, 11340, 714, 310, 17882, 16981, 349, 14918, 4799, 18117, 18331, 29871, 29941, 6199, 4688, 322, 19012, 363, 278, 5232, 19604, 322, 1556, 766, 13013, 19098, 1423, 29899, 6464, 8792, 366, 756, 3926, 7271, 29889, 29871, 29941, 30725, 960, 366, 437, 451, 13590, 10432, 769, 366, 674, 7150, 871, 9078, 11962, 2669, 373, 278, 9008, 322, 1009, 2563, 3268, 338, 19269, 29889, 29871, 29946, 7528, 317, 8273, 13240, 6142, 363, 2030, 260, 271, 10146, 4799, 22116, 1112, 411, 694, 1985, 22684, 18189, 1788, 322, 18425, 29899, 297, 27597, 16286, 14333, 2234, 29889]","[1, 306, 9115, 28738, 341, 10534, 29899, 29923, 1362, 29899, 5493, 601, 21595, 17487, 373, 18682, 26496, 294, 9385, 16997, 313, 29909, 18682, 29909, 29897, 5846, 29871, 29906, 29946, 29871, 29906, 29900, 29896, 29941, 7863, 2610, 29871, 29955, 29871, 29915, 29900, 29896, 3884, 29889, 306, 15649, 278, 23381, 7395, 541, 1009, 4700, 338, 451, 731, 701, 304, 2758, 366, 304, 1831, 596, 12949, 29889, 1105, 306, 5432, 1009, 29871, 29947, 29900, 29900, 1353, 297, 278, 3148, 29889, 306, 5432, 363, 29871, 29941, 3841, 3196, 931, 1269, 8683, 1434, 4856, 7699, 278, 9008, 29889, 910, 10823, 29915, 3600, 4223, 471, 577, 4319, 372, 3614, 29871, 29906, 29900, 6233, 304, 1831, 590, 22091, 29889, 382, 7949, 5593, 18117, 1423, 29899, 23838, 472, 17882, 13798, 338, 10329, 10329, 22993, 373, 319, 1489, 29909, 599, 28134, 363, 278, 341, 10764, 16286, 8389, 297, 263, 2323, 1196, 304, 367, 1423, 29899, 262, 363, 871, 393, 16286, 29889, 450, 1021, 363, 916, 1652, 25884, 29889, 1334, 1476, 445, 714, 491, 6721, 916, 28134, 825, 304, 437, 408, 727, 892, 694, 319, 18682, 319, 22873, 470, 7475, 11231, 885, 25269, 2198, 29889, 727, 892, 1472, 1472, 3454, 310, 28134, 5807, 28489, 1549, 278, 8638, 29889, 1423, 29899, 262, 471, 577, 5232, 591, 892, 5932, 591, 723, 3052, 1749, 16286, 1584, 2466, 591, 11977, 29871, 29906, 6199, 4688, 29889, 739, 3282, 29915, 451, 4383, 2466, 1363, 1749, 16286, 471, 29801, 29871, 2211, 6199, 373, 263, 10901, 11195, 29899, 2821, 7250, 29889, 1932, 591, 11977, 472, 341, 5493, 29871, 29941, 6199, 5683, 278, 319, 1489, 29909, 12417, 19518, 750, 7695, 3271, 322, 727, 338, 694, 4856, 304, 1371, 591, 411, 337, 2909, 3143, 1749, 12368, 304, 10059, 29889, 450, 3814, 15780, 1716, 982, 892, 1065, 29899, 1623, 322, 2030, 373, 278, 2768, 29889, 1551, 278, 982, 1623, 263, 7747, 27696, 9451, 364, 1131, 287, 278, 4152, 29871, 29929, 6199, 29889, 278, 22684, 18189, 1788, 1258, 451, 664, 2845, 5305, 29889, 278, 16286, 14333, 14722, 871, 7470, 29871, 29946, 3064, 297, 29871, 29929, 6199, 29901, 304, 9080, 13748, 13748, 1156, 2125, 2696, 304, 9080, 322, 6314, 17803, 9080, 322, 6314, 26044, 322, 1361, 714, 5198, 16783, 322, 2888, 16411, 883, 29889, 1619, 9848, 29901, 29871, 29896, 29897, 1938, 451, 11340, 18682, 26496, 294, 9385, 24058, 363, 738, 2769, 1584, 565, 366, 505, 304, 1735, 596, 9850, 3814, 304, 4772, 963, 470, 5146, 901, 373, 1790, 4799, 27360, 29889, 29871, 29906, 4291, 960, 366, 526, 443, 29880, 14395, 3307, 304, 773, 963, 322, 505, 304, 11340, 714, 310, 17882, 16981, 349, 14918, 4799, 18117, 18331, 29871, 29941, 6199, 4688, 322, 19012, 363, 278, 5232, 19604, 322, 1556, 766, 13013, 19098, 1423, 29899, 6464, 8792, 366, 756, 3926, 7271, 29889, 29871, 29941, 30725, 960, 366, 437, 451, 13590, 10432, 769, 366, 674, 7150, 871, 9078, 11962, 2669, 373, 278, 9008, 322, 1009, 2563, 3268, 338, 19269, 29889, 29871, 29946, 7528, 317, 8273, 13240, 6142, 363, 2030, 260, 271, 10146, 4799, 22116, 1112, 411, 694, 1985, 22684, 18189, 1788, 322, 18425, 29899, 297, 27597, 16286, 14333, 2234, 29889]",968482b33b8caec63ba7f05a50a52e494d5fb5d5d14eb584b7c4d2d624513e4f,0d69dd41841bfaf9b68d58f56bbbf87388ef045c14ccf155391722123e7d0fd7,968482b33b8caec63ba7f05a50a52e494d5fb5d5d14eb584b7c4d2d624513e4f,0d69dd41841bfaf9b68d58f56bbbf87388ef045c14ccf155391722123e7d0fd7,968482b33b8caec63ba7f05a50a52e494d5fb5d5d14eb584b7c4d2d624513e4f,0d69dd41841bfaf9b68d58f56bbbf87388ef045c14ccf155391722123e7d0fd7,True,True,0.020198550075292587,0.01968349516391754,-0.0005150549113750458,7,5,"[82, 86, 88, 89]","[82, 86]",True,128,8192,False,True,0.24981223046779633,0.20091062784194946,-0.04890160262584686,0.5109139680862427,0.5098920464515686,-0.0010219216346740723,0.01054670216399245,0.0037402614907477982,-0.006806440673244651,0.018058145498798694,0.01321917527820915,-0.004838970220589545,0.005289382631740262,0.001966350663062786,-0.003323031968677476,0.008915460199087618,0.0065455676221679296,-0.0023698925769196884,15872,15872,0,0,1,0,1,positive,2,True
17,42,17,2,6,"[1, 306, 9115, 28738, 341, 10534, 29899, 29923, 1362, 29899, 5493, 601, 21595, 17487, 373, 18682, 26496, 294, 9385, 16997, 313, 29909, 18682, 29909, 29897, 5846, 29871, 29906, 29946, 29871, 29906, 29900, 29896, 29941, 7863, 2610, 29871, 29955, 29871, 29915, 29900, 29896, 3884, 29889, 306, 15649, 278, 23381, 7395, 541, 1009, 4700, 338, 451, 731, 701, 304, 2758, 366, 304, 1831, 596, 12949, 29889, 1105, 306, 5432, 1009, 29871, 29947, 29900, 29900, 1353, 297, 278, 3148, 29889, 306, 5432, 363, 29871, 29941, 3841, 3196, 931, 1269, 8683, 1434, 4856, 7699, 278, 9008, 29889, 910, 10823, 29915, 3600, 4223, 471, 577, 4319, 372, 3614, 29871, 29906, 29900, 6233, 304, 1831, 590, 22091, 29889, 382, 7949, 5593, 18117, 1423, 29899, 23838, 472, 17882, 13798, 338, 10329, 10329, 22993, 373, 319, 1489, 29909, 599, 28134, 363, 278, 341, 10764, 16286, 8389, 297, 263, 2323, 1196, 304, 367, 1423, 29899, 262, 363, 871, 393, 16286, 29889, 450, 1021, 363, 916, 1652, 25884, 29889, 1334, 1476, 445, 714, 491, 6721, 916, 28134, 825, 304, 437, 408, 727, 892, 694, 319, 18682, 319, 22873, 470, 7475, 11231, 885, 25269, 2198, 29889, 727, 892, 1472, 1472, 3454, 310, 28134, 5807, 28489, 1549, 278, 8638, 29889, 1423, 29899, 262, 471, 577, 5232, 591, 892, 5932, 591, 723, 3052, 1749, 16286, 1584, 2466, 591, 11977, 29871, 29906, 6199, 4688, 29889, 739, 3282, 29915, 451, 4383, 2466, 1363, 1749, 16286, 471, 29801, 29871, 2211, 6199, 373, 263, 10901, 11195, 29899, 2821, 7250, 29889, 1932, 591, 11977, 472, 341, 5493, 29871, 29941, 6199, 5683, 278, 319, 1489, 29909, 12417, 19518, 750, 7695, 3271, 322, 727, 338, 694, 4856, 304, 1371, 591, 411, 337, 2909, 3143, 1749, 12368, 304, 10059, 29889, 450, 3814, 15780, 1716, 982, 892, 1065, 29899, 1623, 322, 2030, 373, 278, 2768, 29889, 1551, 278, 982, 1623, 263, 7747, 27696, 9451, 364, 1131, 287, 278, 4152, 29871, 29929, 6199, 29889, 278, 22684, 18189, 1788, 1258, 451, 664, 2845, 5305, 29889, 278, 16286, 14333, 14722, 871, 7470, 29871, 29946, 3064, 297, 29871, 29929, 6199, 29901, 304, 9080, 13748, 13748, 1156, 2125, 2696, 304, 9080, 322, 6314, 17803, 9080, 322, 6314, 26044, 322, 1361, 714, 5198, 16783, 322, 2888, 16411, 883, 29889, 1619, 9848, 29901, 29871, 29896, 29897, 1938, 451, 11340, 18682, 26496, 294, 9385, 24058, 363, 738, 2769, 1584, 565, 366, 505, 304, 1735, 596, 9850, 3814, 304, 4772, 963, 470, 5146, 901, 373, 1790, 4799, 27360, 29889, 29871, 29906, 4291, 960, 366, 526, 443, 29880, 14395, 3307, 304, 773, 963, 322, 505, 304, 11340, 714, 310, 17882, 16981, 349, 14918, 4799, 18117, 18331, 29871, 29941, 6199, 4688, 322, 19012, 363, 278, 5232, 19604, 322, 1556, 766, 13013, 19098, 1423, 29899, 6464, 8792, 366, 756, 3926, 7271, 29889, 29871, 29941, 30725, 960, 366, 437, 451, 13590, 10432, 769, 366, 674, 7150, 871, 9078, 11962, 2669, 373, 278, 9008, 322, 1009, 2563, 3268, 338, 19269, 29889, 29871, 29946, 7528, 317, 8273, 13240, 6142, 363, 2030, 260, 271, 10146, 4799, 22116, 1112, 411, 694, 1985, 22684, 18189, 1788, 322, 18425, 29899, 297, 27597, 16286, 14333, 2234, 29889]","[1, 306, 9115, 28738, 341, 10534, 29899, 29923, 1362, 29899, 5493, 601, 21595, 17487, 373, 18682, 26496, 294, 9385, 16997, 313, 29909, 18682, 29909, 29897, 5846, 29871, 29906, 29946, 29871, 29906, 29900, 29896, 29941, 7863, 2610, 29871, 29955, 29871, 29915, 29900, 29896, 3884, 29889, 306, 15649, 278, 23381, 7395, 541, 1009, 4700, 338, 451, 731, 701, 304, 2758, 366, 304, 1831, 596, 12949, 29889, 1105, 306, 5432, 1009, 29871, 29947, 29900, 29900, 1353, 297, 278, 3148, 29889, 306, 5432, 363, 29871, 29941, 3841, 3196, 931, 1269, 8683, 1434, 4856, 7699, 278, 9008, 29889, 910, 10823, 29915, 14884, 4223, 471, 577, 4319, 372, 3614, 29871, 29906, 29900, 6233, 304, 1831, 590, 22091, 29889, 382, 7949, 5593, 18117, 1423, 29899, 23838, 472, 17882, 13798, 338, 10329, 10329, 22993, 373, 319, 1489, 29909, 599, 28134, 363, 278, 341, 10764, 16286, 8389, 297, 263, 2323, 1196, 304, 367, 1423, 29899, 262, 363, 871, 393, 16286, 29889, 450, 1021, 363, 916, 1652, 25884, 29889, 1334, 1476, 445, 714, 491, 6721, 916, 28134, 825, 304, 437, 408, 727, 892, 694, 319, 18682, 319, 22873, 470, 7475, 11231, 885, 25269, 2198, 29889, 727, 892, 1472, 1472, 3454, 310, 28134, 5807, 28489, 1549, 278, 8638, 29889, 1423, 29899, 262, 471, 577, 5232, 591, 892, 5932, 591, 723, 3052, 1749, 16286, 1584, 2466, 591, 11977, 29871, 29906, 6199, 4688, 29889, 739, 3282, 29915, 451, 4383, 2466, 1363, 1749, 16286, 471, 29801, 29871, 2211, 6199, 373, 263, 10901, 11195, 29899, 2821, 7250, 29889, 1932, 591, 11977, 472, 341, 5493, 29871, 29941, 6199, 5683, 278, 319, 1489, 29909, 12417, 19518, 750, 7695, 3271, 322, 727, 338, 694, 4856, 304, 1371, 591, 411, 337, 2909, 3143, 1749, 12368, 304, 10059, 29889, 450, 3814, 15780, 1716, 982, 892, 1065, 29899, 1623, 322, 2030, 373, 278, 2768, 29889, 1551, 278, 982, 1623, 263, 7747, 27696, 9451, 364, 1131, 287, 278, 4152, 29871, 29929, 6199, 29889, 278, 22684, 18189, 1788, 1258, 451, 664, 2845, 5305, 29889, 278, 16286, 14333, 14722, 871, 7470, 29871, 29946, 3064, 297, 29871, 29929, 6199, 29901, 304, 9080, 13748, 13748, 1156, 2125, 2696, 304, 9080, 322, 6314, 17803, 9080, 322, 6314, 26044, 322, 1361, 714, 5198, 16783, 322, 2888, 16411, 883, 29889, 1619, 9848, 29901, 29871, 29896, 29897, 1938, 451, 11340, 18682, 26496, 294, 9385, 24058, 363, 738, 2769, 1584, 565, 366, 505, 304, 1735, 596, 9850, 3814, 304, 4772, 963, 470, 5146, 901, 373, 1790, 4799, 27360, 29889, 29871, 29906, 4291, 960, 366, 526, 443, 29880, 14395, 3307, 304, 773, 963, 322, 505, 304, 11340, 714, 310, 17882, 16981, 349, 14918, 4799, 18117, 18331, 29871, 29941, 6199, 4688, 322, 19012, 363, 278, 5232, 19604, 322, 1556, 766, 13013, 19098, 1423, 29899, 6464, 8792, 366, 756, 3926, 7271, 29889, 29871, 29941, 30725, 960, 366, 437, 451, 13590, 10432, 769, 366, 674, 7150, 871, 9078, 11962, 2669, 373, 278, 9008, 322, 1009, 2563, 3268, 338, 19269, 29889, 29871, 29946, 7528, 317, 8273, 13240, 6142, 363, 2030, 260, 271, 10146, 4799, 22116, 1112, 411, 694, 1985, 22684, 18189, 1788, 322, 18425, 29899, 297, 27597, 16286, 14333, 2234, 29889]",0d69dd41841bfaf9b68d58f56bbbf87388ef045c14ccf155391722123e7d0fd7,957394e78870bf37f24a0216d12b9c8d44651db894028d75dad19c15cd074c0b,0d69dd41841bfaf9b68d58f56bbbf87388ef045c14ccf155391722123e7d0fd7,957394e78870bf37f24a0216d12b9c8d44651db894028d75dad19c15cd074c0b,0d69dd41841bfaf9b68d58f56bbbf87388ef045c14ccf155391722123e7d0fd7,957394e78870bf37f24a0216d12b9c8d44651db894028d75dad19c15cd074c0b,True,True,0.01968349516391754,0.01962345279753208,-6.00423663854599e-05,7,2,"[96, 102, 106, 110]",[96],True,128,8192,False,True,0.24576863646507263,0.24695643782615662,0.0011878013610839844,0.5026130676269531,0.5036132335662842,0.0010001659393310547,0.0039095698011806235,0.005132433419930749,0.0012228636187501252,0.007314574679185171,0.008212064691178966,0.0008974900119937956,0.0039095698011806235,0.005132433419930749,0.0012228636187501252,0.007314574679185171,0.008212064691178966,0.0008974900119937956,8192,8192,0,0,0,0,0,neutral,1,True
17,42,17,2,7,"[1, 306, 9115, 28738, 341, 10534, 29899, 29923, 1362, 29899, 5493, 601, 21595, 17487, 373, 18682, 26496, 294, 9385, 16997, 313, 29909, 18682, 29909, 29897, 5846, 29871, 29906, 29946, 29871, 29906, 29900, 29896, 29941, 7863, 2610, 29871, 29955, 29871, 29915, 29900, 29896, 3884, 29889, 306, 15649, 278, 23381, 7395, 541, 1009, 4700, 338, 451, 731, 701, 304, 2758, 366, 304, 1831, 596, 12949, 29889, 1105, 306, 5432, 1009, 29871, 29947, 29900, 29900, 1353, 297, 278, 3148, 29889, 306, 5432, 363, 29871, 29941, 3841, 3196, 931, 1269, 8683, 1434, 4856, 7699, 278, 9008, 29889, 910, 10823, 29915, 14884, 4223, 471, 577, 4319, 372, 3614, 29871, 29906, 29900, 6233, 304, 1831, 590, 22091, 29889, 382, 7949, 5593, 18117, 1423, 29899, 23838, 472, 17882, 13798, 338, 10329, 10329, 22993, 373, 319, 1489, 29909, 599, 28134, 363, 278, 341, 10764, 16286, 8389, 297, 263, 2323, 1196, 304, 367, 1423, 29899, 262, 363, 871, 393, 16286, 29889, 450, 1021, 363, 916, 1652, 25884, 29889, 1334, 1476, 445, 714, 491, 6721, 916, 28134, 825, 304, 437, 408, 727, 892, 694, 319, 18682, 319, 22873, 470, 7475, 11231, 885, 25269, 2198, 29889, 727, 892, 1472, 1472, 3454, 310, 28134, 5807, 28489, 1549, 278, 8638, 29889, 1423, 29899, 262, 471, 577, 5232, 591, 892, 5932, 591, 723, 3052, 1749, 16286, 1584, 2466, 591, 11977, 29871, 29906, 6199, 4688, 29889, 739, 3282, 29915, 451, 4383, 2466, 1363, 1749, 16286, 471, 29801, 29871, 2211, 6199, 373, 263, 10901, 11195, 29899, 2821, 7250, 29889, 1932, 591, 11977, 472, 341, 5493, 29871, 29941, 6199, 5683, 278, 319, 1489, 29909, 12417, 19518, 750, 7695, 3271, 322, 727, 338, 694, 4856, 304, 1371, 591, 411, 337, 2909, 3143, 1749, 12368, 304, 10059, 29889, 450, 3814, 15780, 1716, 982, 892, 1065, 29899, 1623, 322, 2030, 373, 278, 2768, 29889, 1551, 278, 982, 1623, 263, 7747, 27696, 9451, 364, 1131, 287, 278, 4152, 29871, 29929, 6199, 29889, 278, 22684, 18189, 1788, 1258, 451, 664, 2845, 5305, 29889, 278, 16286, 14333, 14722, 871, 7470, 29871, 29946, 3064, 297, 29871, 29929, 6199, 29901, 304, 9080, 13748, 13748, 1156, 2125, 2696, 304, 9080, 322, 6314, 17803, 9080, 322, 6314, 26044, 322, 1361, 714, 5198, 16783, 322, 2888, 16411, 883, 29889, 1619, 9848, 29901, 29871, 29896, 29897, 1938, 451, 11340, 18682, 26496, 294, 9385, 24058, 363, 738, 2769, 1584, 565, 366, 505, 304, 1735, 596, 9850, 3814, 304, 4772, 963, 470, 5146, 901, 373, 1790, 4799, 27360, 29889, 29871, 29906, 4291, 960, 366, 526, 443, 29880, 14395, 3307, 304, 773, 963, 322, 505, 304, 11340, 714, 310, 17882, 16981, 349, 14918, 4799, 18117, 18331, 29871, 29941, 6199, 4688, 322, 19012, 363, 278, 5232, 19604, 322, 1556, 766, 13013, 19098, 1423, 29899, 6464, 8792, 366, 756, 3926, 7271, 29889, 29871, 29941, 30725, 960, 366, 437, 451, 13590, 10432, 769, 366, 674, 7150, 871, 9078, 11962, 2669, 373, 278, 9008, 322, 1009, 2563, 3268, 338, 19269, 29889, 29871, 29946, 7528, 317, 8273, 13240, 6142, 363, 2030, 260, 271, 10146, 4799, 22116, 1112, 411, 694, 1985, 22684, 18189, 1788, 322, 18425, 29899, 297, 27597, 16286, 14333, 2234, 29889]","[1, 306, 9115, 28738, 341, 10534, 29899, 29923, 1362, 29899, 5493, 601, 21595, 17487, 373, 18682, 26496, 294, 9385, 16997, 313, 29909, 18682, 29909, 29897, 5846, 29871, 29906, 29946, 29871, 29906, 29900, 29896, 29941, 7863, 2610, 29871, 29955, 29871, 29915, 29900, 29896, 3884, 29889, 306, 15649, 278, 23381, 7395, 541, 1009, 4700, 338, 451, 731, 701, 304, 2758, 366, 304, 1831, 596, 12949, 29889, 1105, 306, 5432, 1009, 29871, 29947, 29900, 29900, 1353, 297, 278, 3148, 29889, 306, 5432, 363, 29871, 29941, 3841, 3196, 931, 1269, 8683, 1434, 4856, 7699, 278, 9008, 29889, 910, 10823, 29915, 14884, 4223, 471, 577, 4319, 372, 3614, 29871, 29906, 29900, 6233, 304, 1831, 590, 22091, 29889, 382, 7949, 4799, 18117, 1423, 29899, 23838, 472, 17882, 13798, 338, 10329, 10329, 22993, 373, 319, 1489, 29909, 599, 28134, 363, 278, 341, 10764, 16286, 8389, 297, 263, 2323, 1196, 304, 367, 1423, 29899, 262, 363, 871, 393, 16286, 29889, 450, 1021, 363, 916, 1652, 25884, 29889, 1334, 1476, 445, 714, 491, 6721, 916, 28134, 825, 304, 437, 408, 727, 892, 694, 319, 18682, 319, 22873, 470, 7475, 11231, 885, 25269, 2198, 29889, 727, 892, 1472, 1472, 3454, 310, 28134, 5807, 28489, 1549, 278, 8638, 29889, 1423, 29899, 262, 471, 577, 5232, 591, 892, 5932, 591, 723, 3052, 1749, 16286, 1584, 2466, 591, 11977, 29871, 29906, 6199, 4688, 29889, 739, 3282, 29915, 451, 4383, 2466, 1363, 1749, 16286, 471, 29801, 29871, 2211, 6199, 373, 263, 10901, 11195, 29899, 2821, 7250, 29889, 1932, 591, 11977, 472, 341, 5493, 29871, 29941, 6199, 5683, 278, 319, 1489, 29909, 12417, 19518, 750, 7695, 3271, 322, 727, 338, 694, 4856, 304, 1371, 591, 411, 337, 2909, 3143, 1749, 12368, 304, 10059, 29889, 450, 3814, 15780, 1716, 982, 892, 1065, 29899, 1623, 322, 2030, 373, 278, 2768, 29889, 1551, 278, 982, 1623, 263, 7747, 27696, 9451, 364, 1131, 287, 278, 4152, 29871, 29929, 6199, 29889, 278, 22684, 18189, 1788, 1258, 451, 664, 2845, 5305, 29889, 278, 16286, 14333, 14722, 871, 7470, 29871, 29946, 3064, 297, 29871, 29929, 6199, 29901, 304, 9080, 13748, 13748, 1156, 2125, 2696, 304, 9080, 322, 6314, 17803, 9080, 322, 6314, 26044, 322, 1361, 714, 5198, 16783, 322, 2888, 16411, 883, 29889, 1619, 9848, 29901, 29871, 29896, 29897, 1938, 451, 11340, 18682, 26496, 294, 9385, 24058, 363, 738, 2769, 1584, 565, 366, 505, 304, 1735, 596, 9850, 3814, 304, 4772, 963, 470, 5146, 901, 373, 1790, 4799, 27360, 29889, 29871, 29906, 4291, 960, 366, 526, 443, 29880, 14395, 3307, 304, 773, 963, 322, 505, 304, 11340, 714, 310, 17882, 16981, 349, 14918, 4799, 18117, 18331, 29871, 29941, 6199, 4688, 322, 19012, 363, 278, 5232, 19604, 322, 1556, 766, 13013, 19098, 1423, 29899, 6464, 8792, 366, 756, 3926, 7271, 29889, 29871, 29941, 30725, 960, 366, 437, 451, 13590, 10432, 769, 366, 674, 7150, 871, 9078, 11962, 2669, 373, 278, 9008, 322, 1009, 2563, 3268, 338, 19269, 29889, 29871, 29946, 7528, 317, 8273, 13240, 6142, 363, 2030, 260, 271, 10146, 4799, 22116, 1112, 411, 694, 1985, 22684, 18189, 1788, 322, 18425, 29899, 297, 27597, 16286, 14333, 2234, 29889]",957394e78870bf37f24a0216d12b9c8d44651db894028d75dad19c15cd074c0b,14344c4535dcaec407fafdb3bbba84e9491d9fceffe1724ccec576bdd33f02e4,957394e78870bf37f24a0216d12b9c8d44651db894028d75dad19c15cd074c0b,14344c4535dcaec407fafdb3bbba84e9491d9fceffe1724ccec576bdd33f02e4,957394e78870bf37f24a0216d12b9c8d44651db894028d75dad19c15cd074c0b,14344c4535dcaec407fafdb3bbba84e9491d9fceffe1724ccec576bdd33f02e4,True,True,0.01962345279753208,0.019555505365133286,-6.794743239879608e-05,17,1,"[113, 114, 115, 118, 120, 121, 124]",[114],True,128,8192,False,True,0.2556440830230713,0.25405389070510864,-0.0015901923179626465,0.5044716000556946,0.5036106705665588,-0.0008609294891357422,0.0028846084242104553,0.0022931455678190105,-0.0005914628563914448,0.005926253870711662,0.005612934488453902,-0.00031331938225775957,0.0028846084242104553,0.0022931455678190105,-0.0005914628563914448,0.005926253870711662,0.005612934488453902,-0.00031331938225775957,8192,8192,0,0,1,0,1,positive,1,True
17,42,17,2,11,"[1, 306, 9115, 28738, 341, 10534, 29899, 29923, 1362, 29899, 5493, 601, 21595, 17487, 373, 18682, 26496, 294, 9385, 16997, 313, 29909, 18682, 29909, 29897, 5846, 29871, 29906, 29946, 29871, 29906, 29900, 29896, 29941, 7863, 2610, 29871, 29955, 29871, 29915, 29900, 29896, 3884, 29889, 306, 15649, 278, 23381, 7395, 541, 1009, 4700, 338, 451, 731, 701, 304, 2758, 366, 304, 1831, 596, 12949, 29889, 1105, 306, 5432, 1009, 29871, 29947, 29900, 29900, 1353, 297, 278, 3148, 29889, 306, 5432, 363, 29871, 29941, 3841, 3196, 931, 1269, 8683, 1434, 4856, 7699, 278, 9008, 29889, 910, 10823, 29915, 14884, 4223, 471, 577, 4319, 372, 3614, 29871, 29906, 29900, 6233, 304, 1831, 590, 22091, 29889, 382, 7949, 4799, 18117, 1423, 29899, 23838, 472, 17882, 13798, 338, 10329, 10329, 22993, 373, 319, 1489, 29909, 599, 28134, 363, 278, 341, 10764, 16286, 8389, 297, 263, 2323, 1196, 304, 367, 1423, 29899, 262, 363, 871, 393, 16286, 29889, 450, 1021, 363, 916, 1652, 25884, 29889, 1334, 1476, 445, 714, 491, 6721, 916, 28134, 825, 304, 437, 408, 727, 892, 694, 319, 18682, 319, 22873, 470, 7475, 11231, 885, 25269, 2198, 29889, 727, 892, 1472, 1472, 3454, 310, 28134, 5807, 28489, 1549, 278, 8638, 29889, 1423, 29899, 262, 471, 577, 5232, 591, 892, 5932, 591, 723, 3052, 1749, 16286, 1584, 2466, 591, 11977, 29871, 29906, 6199, 4688, 29889, 739, 3282, 29915, 451, 4383, 2466, 1363, 1749, 16286, 471, 29801, 29871, 2211, 6199, 373, 263, 10901, 11195, 29899, 2821, 7250, 29889, 1932, 591, 11977, 472, 341, 5493, 29871, 29941, 6199, 5683, 278, 319, 1489, 29909, 12417, 19518, 750, 7695, 3271, 322, 727, 338, 694, 4856, 304, 1371, 591, 411, 337, 2909, 3143, 1749, 12368, 304, 10059, 29889, 450, 3814, 15780, 1716, 982, 892, 1065, 29899, 1623, 322, 2030, 373, 278, 2768, 29889, 1551, 278, 982, 1623, 263, 7747, 27696, 9451, 364, 1131, 287, 278, 4152, 29871, 29929, 6199, 29889, 278, 22684, 18189, 1788, 1258, 451, 664, 2845, 5305, 29889, 278, 16286, 14333, 14722, 871, 7470, 29871, 29946, 3064, 297, 29871, 29929, 6199, 29901, 304, 9080, 13748, 13748, 1156, 2125, 2696, 304, 9080, 322, 6314, 17803, 9080, 322, 6314, 26044, 322, 1361, 714, 5198, 16783, 322, 2888, 16411, 883, 29889, 1619, 9848, 29901, 29871, 29896, 29897, 1938, 451, 11340, 18682, 26496, 294, 9385, 24058, 363, 738, 2769, 1584, 565, 366, 505, 304, 1735, 596, 9850, 3814, 304, 4772, 963, 470, 5146, 901, 373, 1790, 4799, 27360, 29889, 29871, 29906, 4291, 960, 366, 526, 443, 29880, 14395, 3307, 304, 773, 963, 322, 505, 304, 11340, 714, 310, 17882, 16981, 349, 14918, 4799, 18117, 18331, 29871, 29941, 6199, 4688, 322, 19012, 363, 278, 5232, 19604, 322, 1556, 766, 13013, 19098, 1423, 29899, 6464, 8792, 366, 756, 3926, 7271, 29889, 29871, 29941, 30725, 960, 366, 437, 451, 13590, 10432, 769, 366, 674, 7150, 871, 9078, 11962, 2669, 373, 278, 9008, 322, 1009, 2563, 3268, 338, 19269, 29889, 29871, 29946, 7528, 317, 8273, 13240, 6142, 363, 2030, 260, 271, 10146, 4799, 22116, 1112, 411, 694, 1985, 22684, 18189, 1788, 322, 18425, 29899, 297, 27597, 16286, 14333, 2234, 29889]","[1, 306, 9115, 28738, 341, 10534, 29899, 29923, 1362, 29899, 5493, 601, 21595, 17487, 373, 18682, 26496, 294, 9385, 16997, 313, 29909, 18682, 29909, 29897, 5846, 29871, 29906, 29946, 29871, 29906, 29900, 29896, 29941, 7863, 2610, 29871, 29955, 29871, 29915, 29900, 29896, 3884, 29889, 306, 15649, 278, 23381, 7395, 541, 1009, 4700, 338, 451, 731, 701, 304, 2758, 366, 304, 1831, 596, 12949, 29889, 1105, 306, 5432, 1009, 29871, 29947, 29900, 29900, 1353, 297, 278, 3148, 29889, 306, 5432, 363, 29871, 29941, 3841, 3196, 931, 1269, 8683, 1434, 4856, 7699, 278, 9008, 29889, 910, 10823, 29915, 14884, 4223, 471, 577, 4319, 372, 3614, 29871, 29906, 29900, 6233, 304, 1831, 590, 22091, 29889, 382, 7949, 4799, 18117, 1423, 29899, 23838, 472, 17882, 13798, 338, 10329, 10329, 22993, 373, 319, 1489, 29909, 599, 28134, 363, 278, 341, 10764, 16286, 8389, 297, 263, 2323, 1196, 304, 367, 1423, 29899, 262, 363, 871, 393, 16286, 29889, 450, 1021, 363, 916, 1652, 25884, 29889, 1334, 1476, 445, 714, 491, 6721, 916, 28134, 825, 304, 437, 408, 727, 892, 694, 319, 18682, 319, 22873, 470, 7475, 28345, 1045, 2976, 2198, 29889, 727, 892, 1472, 1472, 3454, 310, 28134, 5807, 28489, 1549, 278, 8638, 29889, 1423, 29899, 262, 471, 577, 5232, 591, 892, 5932, 591, 723, 3052, 1749, 16286, 1584, 2466, 591, 11977, 29871, 29906, 6199, 4688, 29889, 739, 3282, 29915, 451, 4383, 2466, 1363, 1749, 16286, 471, 29801, 29871, 2211, 6199, 373, 263, 10901, 11195, 29899, 2821, 7250, 29889, 1932, 591, 11977, 472, 341, 5493, 29871, 29941, 6199, 5683, 278, 319, 1489, 29909, 12417, 19518, 750, 7695, 3271, 322, 727, 338, 694, 4856, 304, 1371, 591, 411, 337, 2909, 3143, 1749, 12368, 304, 10059, 29889, 450, 3814, 15780, 1716, 982, 892, 1065, 29899, 1623, 322, 2030, 373, 278, 2768, 29889, 1551, 278, 982, 1623, 263, 7747, 27696, 9451, 364, 1131, 287, 278, 4152, 29871, 29929, 6199, 29889, 278, 22684, 18189, 1788, 1258, 451, 664, 2845, 5305, 29889, 278, 16286, 14333, 14722, 871, 7470, 29871, 29946, 3064, 297, 29871, 29929, 6199, 29901, 304, 9080, 13748, 13748, 1156, 2125, 2696, 304, 9080, 322, 6314, 17803, 9080, 322, 6314, 26044, 322, 1361, 714, 5198, 16783, 322, 2888, 16411, 883, 29889, 1619, 9848, 29901, 29871, 29896, 29897, 1938, 451, 11340, 18682, 26496, 294, 9385, 24058, 363, 738, 2769, 1584, 565, 366, 505, 304, 1735, 596, 9850, 3814, 304, 4772, 963, 470, 5146, 901, 373, 1790, 4799, 27360, 29889, 29871, 29906, 4291, 960, 366, 526, 443, 29880, 14395, 3307, 304, 773, 963, 322, 505, 304, 11340, 714, 310, 17882, 16981, 349, 14918, 4799, 18117, 18331, 29871, 29941, 6199, 4688, 322, 19012, 363, 278, 5232, 19604, 322, 1556, 766, 13013, 19098, 1423, 29899, 6464, 8792, 366, 756, 3926, 7271, 29889, 29871, 29941, 30725, 960, 366, 437, 451, 13590, 10432, 769, 366, 674, 7150, 871, 9078, 11962, 2669, 373, 278, 9008, 322, 1009, 2563, 3268, 338, 19269, 29889, 29871, 29946, 7528, 317, 8273, 13240, 6142, 363, 2030, 260, 271, 10146, 4799, 22116, 1112, 411, 694, 1985, 22684, 18189, 1788, 322, 18425, 29899, 297, 27597, 16286, 14333, 2234, 29889]",14344c4535dcaec407fafdb3bbba84e9491d9fceffe1724ccec576bdd33f02e4,7306b485a229e52746e7ee93494744a43d627717668854370e4fec9989eb9a56,14344c4535dcaec407fafdb3bbba84e9491d9fceffe1724ccec576bdd33f02e4,7306b485a229e52746e7ee93494744a43d627717668854370e4fec9989eb9a56,14344c4535dcaec407fafdb3bbba84e9491d9fceffe1724ccec576bdd33f02e4,7306b485a229e52746e7ee93494744a43d627717668854370e4fec9989eb9a56,True,True,0.019555505365133286,0.01931789517402649,-0.00023761019110679626,16,2,"[180, 181, 182, 189]","[180, 181, 182]",True,128,8192,False,True,0.2129094898700714,0.1866929531097412,-0.0262165367603302,0.518275260925293,0.5140426158905029,-0.004232645034790039,0.006677613309875596,0.005465037356771063,-0.0012125759531045333,0.011839524420793168,0.010911343022598885,-0.0009281813981942832,0.0020613549425015374,0.0017210498264936542,-0.00034030511600788315,0.0037283482714975005,0.0035290629750797673,-0.00019928529641773324,24192,24192,0,0,1,0,1,positive,3,True
17,42,17,2,14,"[1, 306, 9115, 28738, 341, 10534, 29899, 29923, 1362, 29899, 5493, 601, 21595, 17487, 373, 18682, 26496, 294, 9385, 16997, 313, 29909, 18682, 29909, 29897, 5846, 29871, 29906, 29946, 29871, 29906, 29900, 29896, 29941, 7863, 2610, 29871, 29955, 29871, 29915, 29900, 29896, 3884, 29889, 306, 15649, 278, 23381, 7395, 541, 1009, 4700, 338, 451, 731, 701, 304, 2758, 366, 304, 1831, 596, 12949, 29889, 1105, 306, 5432, 1009, 29871, 29947, 29900, 29900, 1353, 297, 278, 3148, 29889, 306, 5432, 363, 29871, 29941, 3841, 3196, 931, 1269, 8683, 1434, 4856, 7699, 278, 9008, 29889, 910, 10823, 29915, 14884, 4223, 471, 577, 4319, 372, 3614, 29871, 29906, 29900, 6233, 304, 1831, 590, 22091, 29889, 382, 7949, 4799, 18117, 1423, 29899, 23838, 472, 17882, 13798, 338, 10329, 10329, 22993, 373, 319, 1489, 29909, 599, 28134, 363, 278, 341, 10764, 16286, 8389, 297, 263, 2323, 1196, 304, 367, 1423, 29899, 262, 363, 871, 393, 16286, 29889, 450, 1021, 363, 916, 1652, 25884, 29889, 1334, 1476, 445, 714, 491, 6721, 916, 28134, 825, 304, 437, 408, 727, 892, 694, 319, 18682, 319, 22873, 470, 7475, 28345, 1045, 2976, 2198, 29889, 727, 892, 1472, 1472, 3454, 310, 28134, 5807, 28489, 1549, 278, 8638, 29889, 1423, 29899, 262, 471, 577, 5232, 591, 892, 5932, 591, 723, 3052, 1749, 16286, 1584, 2466, 591, 11977, 29871, 29906, 6199, 4688, 29889, 739, 3282, 29915, 451, 4383, 2466, 1363, 1749, 16286, 471, 29801, 29871, 2211, 6199, 373, 263, 10901, 11195, 29899, 2821, 7250, 29889, 1932, 591, 11977, 472, 341, 5493, 29871, 29941, 6199, 5683, 278, 319, 1489, 29909, 12417, 19518, 750, 7695, 3271, 322, 727, 338, 694, 4856, 304, 1371, 591, 411, 337, 2909, 3143, 1749, 12368, 304, 10059, 29889, 450, 3814, 15780, 1716, 982, 892, 1065, 29899, 1623, 322, 2030, 373, 278, 2768, 29889, 1551, 278, 982, 1623, 263, 7747, 27696, 9451, 364, 1131, 287, 278, 4152, 29871, 29929, 6199, 29889, 278, 22684, 18189, 1788, 1258, 451, 664, 2845, 5305, 29889, 278, 16286, 14333, 14722, 871, 7470, 29871, 29946, 3064, 297, 29871, 29929, 6199, 29901, 304, 9080, 13748, 13748, 1156, 2125, 2696, 304, 9080, 322, 6314, 17803, 9080, 322, 6314, 26044, 322, 1361, 714, 5198, 16783, 322, 2888, 16411, 883, 29889, 1619, 9848, 29901, 29871, 29896, 29897, 1938, 451, 11340, 18682, 26496, 294, 9385, 24058, 363, 738, 2769, 1584, 565, 366, 505, 304, 1735, 596, 9850, 3814, 304, 4772, 963, 470, 5146, 901, 373, 1790, 4799, 27360, 29889, 29871, 29906, 4291, 960, 366, 526, 443, 29880, 14395, 3307, 304, 773, 963, 322, 505, 304, 11340, 714, 310, 17882, 16981, 349, 14918, 4799, 18117, 18331, 29871, 29941, 6199, 4688, 322, 19012, 363, 278, 5232, 19604, 322, 1556, 766, 13013, 19098, 1423, 29899, 6464, 8792, 366, 756, 3926, 7271, 29889, 29871, 29941, 30725, 960, 366, 437, 451, 13590, 10432, 769, 366, 674, 7150, 871, 9078, 11962, 2669, 373, 278, 9008, 322, 1009, 2563, 3268, 338, 19269, 29889, 29871, 29946, 7528, 317, 8273, 13240, 6142, 363, 2030, 260, 271, 10146, 4799, 22116, 1112, 411, 694, 1985, 22684, 18189, 1788, 322, 18425, 29899, 297, 27597, 16286, 14333, 2234, 29889]","[1, 306, 9115, 28738, 341, 10534, 29899, 29923, 1362, 29899, 5493, 601, 21595, 17487, 373, 18682, 26496, 294, 9385, 16997, 313, 29909, 18682, 29909, 29897, 5846, 29871, 29906, 29946, 29871, 29906, 29900, 29896, 29941, 7863, 2610, 29871, 29955, 29871, 29915, 29900, 29896, 3884, 29889, 306, 15649, 278, 23381, 7395, 541, 1009, 4700, 338, 451, 731, 701, 304, 2758, 366, 304, 1831, 596, 12949, 29889, 1105, 306, 5432, 1009, 29871, 29947, 29900, 29900, 1353, 297, 278, 3148, 29889, 306, 5432, 363, 29871, 29941, 3841, 3196, 931, 1269, 8683, 1434, 4856, 7699, 278, 9008, 29889, 910, 10823, 29915, 14884, 4223, 471, 577, 4319, 372, 3614, 29871, 29906, 29900, 6233, 304, 1831, 590, 22091, 29889, 382, 7949, 4799, 18117, 1423, 29899, 23838, 472, 17882, 13798, 338, 10329, 10329, 22993, 373, 319, 1489, 29909, 599, 28134, 363, 278, 341, 10764, 16286, 8389, 297, 263, 2323, 1196, 304, 367, 1423, 29899, 262, 363, 871, 393, 16286, 29889, 450, 1021, 363, 916, 1652, 25884, 29889, 1334, 1476, 445, 714, 491, 6721, 916, 28134, 825, 304, 437, 408, 727, 892, 694, 319, 18682, 319, 22873, 470, 7475, 28345, 1045, 2976, 2198, 29889, 727, 892, 1472, 1472, 3454, 310, 28134, 5807, 28489, 1549, 278, 8638, 29889, 1423, 29899, 262, 471, 577, 5232, 591, 892, 5932, 591, 723, 3052, 1749, 16286, 1584, 2466, 591, 11977, 29871, 29906, 6199, 4688, 29889, 739, 3282, 29915, 451, 4383, 2466, 1363, 1749, 16286, 471, 29801, 29871, 29941, 6199, 373, 263, 10901, 11195, 29899, 2821, 7250, 29889, 1932, 591, 11977, 472, 341, 5493, 29871, 29941, 6199, 5683, 278, 319, 1489, 29909, 12417, 19518, 750, 7695, 3271, 322, 727, 338, 694, 4856, 304, 1371, 591, 411, 337, 2909, 3143, 1749, 12368, 304, 10059, 29889, 450, 3814, 15780, 1716, 982, 892, 1065, 29899, 1623, 322, 2030, 373, 278, 2768, 29889, 1551, 278, 982, 1623, 263, 7747, 27696, 9451, 364, 1131, 287, 278, 4152, 29871, 29929, 6199, 29889, 278, 22684, 18189, 1788, 1258, 451, 664, 2845, 5305, 29889, 278, 16286, 14333, 14722, 871, 7470, 29871, 29946, 3064, 297, 29871, 29929, 6199, 29901, 304, 9080, 13748, 13748, 1156, 2125, 2696, 304, 9080, 322, 6314, 17803, 9080, 322, 6314, 26044, 322, 1361, 714, 5198, 16783, 322, 2888, 16411, 883, 29889, 1619, 9848, 29901, 29871, 29896, 29897, 1938, 451, 11340, 18682, 26496, 294, 9385, 24058, 363, 738, 2769, 1584, 565, 366, 505, 304, 1735, 596, 9850, 3814, 304, 4772, 963, 470, 5146, 901, 373, 1790, 4799, 27360, 29889, 29871, 29906, 4291, 960, 366, 526, 443, 29880, 14395, 3307, 304, 773, 963, 322, 505, 304, 11340, 714, 310, 17882, 16981, 349, 14918, 4799, 18117, 18331, 29871, 29941, 6199, 4688, 322, 19012, 363, 278, 5232, 19604, 322, 1556, 766, 13013, 19098, 1423, 29899, 6464, 8792, 366, 756, 3926, 7271, 29889, 29871, 29941, 30725, 960, 366, 437, 451, 13590, 10432, 769, 366, 674, 7150, 871, 9078, 11962, 2669, 373, 278, 9008, 322, 1009, 2563, 3268, 338, 19269, 29889, 29871, 29946, 7528, 317, 8273, 13240, 6142, 363, 2030, 260, 271, 10146, 4799, 22116, 1112, 411, 694, 1985, 22684, 18189, 1788, 322, 18425, 29899, 297, 27597, 16286, 14333, 2234, 29889]",7306b485a229e52746e7ee93494744a43d627717668854370e4fec9989eb9a56,321ef5ca87d973d8d7fe8584ae167014d6644269764854e3a6f1bac72aab66a7,7306b485a229e52746e7ee93494744a43d627717668854370e4fec9989eb9a56,321ef5ca87d973d8d7fe8584ae167014d6644269764854e3a6f1bac72aab66a7,7306b485a229e52746e7ee93494744a43d627717668854370e4fec9989eb9a56,321ef5ca87d973d8d7fe8584ae167014d6644269764854e3a6f1bac72aab66a7,True,True,0.01931789517402649,0.019109513610601425,-0.0002083815634250641,7,2,"[233, 238]",[233],True,128,8192,False,True,0.23882165551185608,0.23263512551784515,-0.006186529994010925,0.5580852627754211,0.5579027533531189,-0.0001825094223022461,0.0013157771390979178,0.0004220715636620298,-0.000893705575435888,0.003246402251534164,0.002365749875025358,-0.0008806523765088059,0.0013157771390979178,0.0004220715636620298,-0.000893705575435888,0.003246402251534164,0.002365749875025358,-0.0008806523765088059,8192,8192,0,0,1,0,1,positive,1,True
17,42,17,2,15,"[1, 306, 9115, 28738, 341, 10534, 29899, 29923, 1362, 29899, 5493, 601, 21595, 17487, 373, 18682, 26496, 294, 9385, 16997, 313, 29909, 18682, 29909, 29897, 5846, 29871, 29906, 29946, 29871, 29906, 29900, 29896, 29941, 7863, 2610, 29871, 29955, 29871, 29915, 29900, 29896, 3884, 29889, 306, 15649, 278, 23381, 7395, 541, 1009, 4700, 338, 451, 731, 701, 304, 2758, 366, 304, 1831, 596, 12949, 29889, 1105, 306, 5432, 1009, 29871, 29947, 29900, 29900, 1353, 297, 278, 3148, 29889, 306, 5432, 363, 29871, 29941, 3841, 3196, 931, 1269, 8683, 1434, 4856, 7699, 278, 9008, 29889, 910, 10823, 29915, 14884, 4223, 471, 577, 4319, 372, 3614, 29871, 29906, 29900, 6233, 304, 1831, 590, 22091, 29889, 382, 7949, 4799, 18117, 1423, 29899, 23838, 472, 17882, 13798, 338, 10329, 10329, 22993, 373, 319, 1489, 29909, 599, 28134, 363, 278, 341, 10764, 16286, 8389, 297, 263, 2323, 1196, 304, 367, 1423, 29899, 262, 363, 871, 393, 16286, 29889, 450, 1021, 363, 916, 1652, 25884, 29889, 1334, 1476, 445, 714, 491, 6721, 916, 28134, 825, 304, 437, 408, 727, 892, 694, 319, 18682, 319, 22873, 470, 7475, 28345, 1045, 2976, 2198, 29889, 727, 892, 1472, 1472, 3454, 310, 28134, 5807, 28489, 1549, 278, 8638, 29889, 1423, 29899, 262, 471, 577, 5232, 591, 892, 5932, 591, 723, 3052, 1749, 16286, 1584, 2466, 591, 11977, 29871, 29906, 6199, 4688, 29889, 739, 3282, 29915, 451, 4383, 2466, 1363, 1749, 16286, 471, 29801, 29871, 29941, 6199, 373, 263, 10901, 11195, 29899, 2821, 7250, 29889, 1932, 591, 11977, 472, 341, 5493, 29871, 29941, 6199, 5683, 278, 319, 1489, 29909, 12417, 19518, 750, 7695, 3271, 322, 727, 338, 694, 4856, 304, 1371, 591, 411, 337, 2909, 3143, 1749, 12368, 304, 10059, 29889, 450, 3814, 15780, 1716, 982, 892, 1065, 29899, 1623, 322, 2030, 373, 278, 2768, 29889, 1551, 278, 982, 1623, 263, 7747, 27696, 9451, 364, 1131, 287, 278, 4152, 29871, 29929, 6199, 29889, 278, 22684, 18189, 1788, 1258, 451, 664, 2845, 5305, 29889, 278, 16286, 14333, 14722, 871, 7470, 29871, 29946, 3064, 297, 29871, 29929, 6199, 29901, 304, 9080, 13748, 13748, 1156, 2125, 2696, 304, 9080, 322, 6314, 17803, 9080, 322, 6314, 26044, 322, 1361, 714, 5198, 16783, 322, 2888, 16411, 883, 29889, 1619, 9848, 29901, 29871, 29896, 29897, 1938, 451, 11340, 18682, 26496, 294, 9385, 24058, 363, 738, 2769, 1584, 565, 366, 505, 304, 1735, 596, 9850, 3814, 304, 4772, 963, 470, 5146, 901, 373, 1790, 4799, 27360, 29889, 29871, 29906, 4291, 960, 366, 526, 443, 29880, 14395, 3307, 304, 773, 963, 322, 505, 304, 11340, 714, 310, 17882, 16981, 349, 14918, 4799, 18117, 18331, 29871, 29941, 6199, 4688, 322, 19012, 363, 278, 5232, 19604, 322, 1556, 766, 13013, 19098, 1423, 29899, 6464, 8792, 366, 756, 3926, 7271, 29889, 29871, 29941, 30725, 960, 366, 437, 451, 13590, 10432, 769, 366, 674, 7150, 871, 9078, 11962, 2669, 373, 278, 9008, 322, 1009, 2563, 3268, 338, 19269, 29889, 29871, 29946, 7528, 317, 8273, 13240, 6142, 363, 2030, 260, 271, 10146, 4799, 22116, 1112, 411, 694, 1985, 22684, 18189, 1788, 322, 18425, 29899, 297, 27597, 16286, 14333, 2234, 29889]","[1, 306, 9115, 28738, 341, 10534, 29899, 29923, 1362, 29899, 5493, 601, 21595, 17487, 373, 18682, 26496, 294, 9385, 16997, 313, 29909, 18682, 29909, 29897, 5846, 29871, 29906, 29946, 29871, 29906, 29900, 29896, 29941, 7863, 2610, 29871, 29955, 29871, 29915, 29900, 29896, 3884, 29889, 306, 15649, 278, 23381, 7395, 541, 1009, 4700, 338, 451, 731, 701, 304, 2758, 366, 304, 1831, 596, 12949, 29889, 1105, 306, 5432, 1009, 29871, 29947, 29900, 29900, 1353, 297, 278, 3148, 29889, 306, 5432, 363, 29871, 29941, 3841, 3196, 931, 1269, 8683, 1434, 4856, 7699, 278, 9008, 29889, 910, 10823, 29915, 14884, 4223, 471, 577, 4319, 372, 3614, 29871, 29906, 29900, 6233, 304, 1831, 590, 22091, 29889, 382, 7949, 4799, 18117, 1423, 29899, 23838, 472, 17882, 13798, 338, 10329, 10329, 22993, 373, 319, 1489, 29909, 599, 28134, 363, 278, 341, 10764, 16286, 8389, 297, 263, 2323, 1196, 304, 367, 1423, 29899, 262, 363, 871, 393, 16286, 29889, 450, 1021, 363, 916, 1652, 25884, 29889, 1334, 1476, 445, 714, 491, 6721, 916, 28134, 825, 304, 437, 408, 727, 892, 694, 319, 18682, 319, 22873, 470, 7475, 28345, 1045, 2976, 2198, 29889, 727, 892, 1472, 1472, 3454, 310, 28134, 5807, 28489, 1549, 278, 8638, 29889, 1423, 29899, 262, 471, 577, 5232, 591, 892, 5932, 591, 723, 3052, 1749, 16286, 1584, 2466, 591, 11977, 29871, 29906, 6199, 4688, 29889, 739, 3282, 29915, 451, 4383, 2466, 1363, 1749, 16286, 471, 29801, 29871, 29941, 6199, 373, 263, 10901, 11195, 29899, 2821, 7250, 29889, 1932, 591, 11977, 472, 341, 10764, 29871, 29941, 6199, 5683, 278, 319, 30420, 29909, 12417, 19518, 750, 7695, 3271, 322, 727, 338, 694, 4856, 304, 1371, 591, 411, 337, 2909, 3143, 1749, 12368, 304, 10059, 29889, 450, 3814, 15780, 1716, 982, 892, 1065, 29899, 1623, 322, 2030, 373, 278, 2768, 29889, 1551, 278, 982, 1623, 263, 7747, 27696, 9451, 364, 1131, 287, 278, 4152, 29871, 29929, 6199, 29889, 278, 22684, 18189, 1788, 1258, 451, 664, 2845, 5305, 29889, 278, 16286, 14333, 14722, 871, 7470, 29871, 29946, 3064, 297, 29871, 29929, 6199, 29901, 304, 9080, 13748, 13748, 1156, 2125, 2696, 304, 9080, 322, 6314, 17803, 9080, 322, 6314, 26044, 322, 1361, 714, 5198, 16783, 322, 2888, 16411, 883, 29889, 1619, 9848, 29901, 29871, 29896, 29897, 1938, 451, 11340, 18682, 26496, 294, 9385, 24058, 363, 738, 2769, 1584, 565, 366, 505, 304, 1735, 596, 9850, 3814, 304, 4772, 963, 470, 5146, 901, 373, 1790, 4799, 27360, 29889, 29871, 29906, 4291, 960, 366, 526, 443, 29880, 14395, 3307, 304, 773, 963, 322, 505, 304, 11340, 714, 310, 17882, 16981, 349, 14918, 4799, 18117, 18331, 29871, 29941, 6199, 4688, 322, 19012, 363, 278, 5232, 19604, 322, 1556, 766, 13013, 19098, 1423, 29899, 6464, 8792, 366, 756, 3926, 7271, 29889, 29871, 29941, 30725, 960, 366, 437, 451, 13590, 10432, 769, 366, 674, 7150, 871, 9078, 11962, 2669, 373, 278, 9008, 322, 1009, 2563, 3268, 338, 19269, 29889, 29871, 29946, 7528, 317, 8273, 13240, 6142, 363, 2030, 260, 271, 10146, 4799, 22116, 1112, 411, 694, 1985, 22684, 18189, 1788, 322, 18425, 29899, 297, 27597, 16286, 14333, 2234, 29889]",321ef5ca87d973d8d7fe8584ae167014d6644269764854e3a6f1bac72aab66a7,0d7e9efd844a91f3ec6ac2c376c469fb2670fc0aa8cedb61ecc0a442404e1329,321ef5ca87d973d8d7fe8584ae167014d6644269764854e3a6f1bac72aab66a7,0d7e9efd844a91f3ec6ac2c376c469fb2670fc0aa8cedb61ecc0a442404e1329,321ef5ca87d973d8d7fe8584ae167014d6644269764854e3a6f1bac72aab66a7,0d7e9efd844a91f3ec6ac2c376c469fb2670fc0aa8cedb61ecc0a442404e1329,True,True,0.019109513610601425,0.0189116932451725,-0.00019782036542892456,12,1,"[248, 250, 255]","[248, 255]",True,128,8192,False,True,0.23679903149604797,0.16127926111221313,-0.07551977038383484,0.5471009016036987,0.5498404502868652,0.002739548683166504,0.006934548648132477,0.007613256202603225,0.0006787075544707477,0.008435145449766424,0.013416109628451522,0.004980964178685099,0.003627298030355745,0.003672628213212756,4.533018285701089e-05,0.004104056630345169,0.006814812117617978,0.0027107554872728085,15488,15488,0,0,1,1,0,neutral,2,True
17,42,17,2,25,"[1, 306, 9115, 28738, 341, 10534, 29899, 29923, 1362, 29899, 5493, 601, 21595, 17487, 373, 18682, 26496, 294, 9385, 16997, 313, 29909, 18682, 29909, 29897, 5846, 29871, 29906, 29946, 29871, 29906, 29900, 29896, 29941, 7863, 2610, 29871, 29955, 29871, 29915, 29900, 29896, 3884, 29889, 306, 15649, 278, 23381, 7395, 541, 1009, 4700, 338, 451, 731, 701, 304, 2758, 366, 304, 1831, 596, 12949, 29889, 1105, 306, 5432, 1009, 29871, 29947, 29900, 29900, 1353, 297, 278, 3148, 29889, 306, 5432, 363, 29871, 29941, 3841, 3196, 931, 1269, 8683, 1434, 4856, 7699, 278, 9008, 29889, 910, 10823, 29915, 14884, 4223, 471, 577, 4319, 372, 3614, 29871, 29906, 29900, 6233, 304, 1831, 590, 22091, 29889, 382, 7949, 4799, 18117, 1423, 29899, 23838, 472, 17882, 13798, 338, 10329, 10329, 22993, 373, 319, 1489, 29909, 599, 28134, 363, 278, 341, 10764, 16286, 8389, 297, 263, 2323, 1196, 304, 367, 1423, 29899, 262, 363, 871, 393, 16286, 29889, 450, 1021, 363, 916, 1652, 25884, 29889, 1334, 1476, 445, 714, 491, 6721, 916, 28134, 825, 304, 437, 408, 727, 892, 694, 319, 18682, 319, 22873, 470, 7475, 28345, 1045, 2976, 2198, 29889, 727, 892, 1472, 1472, 3454, 310, 28134, 5807, 28489, 1549, 278, 8638, 29889, 1423, 29899, 262, 471, 577, 5232, 591, 892, 5932, 591, 723, 3052, 1749, 16286, 1584, 2466, 591, 11977, 29871, 29906, 6199, 4688, 29889, 739, 3282, 29915, 451, 4383, 2466, 1363, 1749, 16286, 471, 29801, 29871, 29941, 6199, 373, 263, 10901, 11195, 29899, 2821, 7250, 29889, 1932, 591, 11977, 472, 341, 10764, 29871, 29941, 6199, 5683, 278, 319, 30420, 29909, 12417, 19518, 750, 7695, 3271, 322, 727, 338, 694, 4856, 304, 1371, 591, 411, 337, 2909, 3143, 1749, 12368, 304, 10059, 29889, 450, 3814, 15780, 1716, 982, 892, 1065, 29899, 1623, 322, 2030, 373, 278, 2768, 29889, 1551, 278, 982, 1623, 263, 7747, 27696, 9451, 364, 1131, 287, 278, 4152, 29871, 29929, 6199, 29889, 278, 22684, 18189, 1788, 1258, 451, 664, 2845, 5305, 29889, 278, 16286, 14333, 14722, 871, 7470, 29871, 29946, 3064, 297, 29871, 29929, 6199, 29901, 304, 9080, 13748, 13748, 1156, 2125, 2696, 304, 9080, 322, 6314, 17803, 9080, 322, 6314, 26044, 322, 1361, 714, 5198, 16783, 322, 2888, 16411, 883, 29889, 1619, 9848, 29901, 29871, 29896, 29897, 1938, 451, 11340, 18682, 26496, 294, 9385, 24058, 363, 738, 2769, 1584, 565, 366, 505, 304, 1735, 596, 9850, 3814, 304, 4772, 963, 470, 5146, 901, 373, 1790, 4799, 27360, 29889, 29871, 29906, 4291, 960, 366, 526, 443, 29880, 14395, 3307, 304, 773, 963, 322, 505, 304, 11340, 714, 310, 17882, 16981, 349, 14918, 4799, 18117, 18331, 29871, 29941, 6199, 4688, 322, 19012, 363, 278, 5232, 19604, 322, 1556, 766, 13013, 19098, 1423, 29899, 6464, 8792, 366, 756, 3926, 7271, 29889, 29871, 29941, 30725, 960, 366, 437, 451, 13590, 10432, 769, 366, 674, 7150, 871, 9078, 11962, 2669, 373, 278, 9008, 322, 1009, 2563, 3268, 338, 19269, 29889, 29871, 29946, 7528, 317, 8273, 13240, 6142, 363, 2030, 260, 271, 10146, 4799, 22116, 1112, 411, 694, 1985, 22684, 18189, 1788, 322, 18425, 29899, 297, 27597, 16286, 14333, 2234, 29889]","[1, 306, 9115, 28738, 341, 10534, 29899, 29923, 1362, 29899, 5493, 601, 21595, 17487, 373, 18682, 26496, 294, 9385, 16997, 313, 29909, 18682, 29909, 29897, 5846, 29871, 29906, 29946, 29871, 29906, 29900, 29896, 29941, 7863, 2610, 29871, 29955, 29871, 29915, 29900, 29896, 3884, 29889, 306, 15649, 278, 23381, 7395, 541, 1009, 4700, 338, 451, 731, 701, 304, 2758, 366, 304, 1831, 596, 12949, 29889, 1105, 306, 5432, 1009, 29871, 29947, 29900, 29900, 1353, 297, 278, 3148, 29889, 306, 5432, 363, 29871, 29941, 3841, 3196, 931, 1269, 8683, 1434, 4856, 7699, 278, 9008, 29889, 910, 10823, 29915, 14884, 4223, 471, 577, 4319, 372, 3614, 29871, 29906, 29900, 6233, 304, 1831, 590, 22091, 29889, 382, 7949, 4799, 18117, 1423, 29899, 23838, 472, 17882, 13798, 338, 10329, 10329, 22993, 373, 319, 1489, 29909, 599, 28134, 363, 278, 341, 10764, 16286, 8389, 297, 263, 2323, 1196, 304, 367, 1423, 29899, 262, 363, 871, 393, 16286, 29889, 450, 1021, 363, 916, 1652, 25884, 29889, 1334, 1476, 445, 714, 491, 6721, 916, 28134, 825, 304, 437, 408, 727, 892, 694, 319, 18682, 319, 22873, 470, 7475, 28345, 1045, 2976, 2198, 29889, 727, 892, 1472, 1472, 3454, 310, 28134, 5807, 28489, 1549, 278, 8638, 29889, 1423, 29899, 262, 471, 577, 5232, 591, 892, 5932, 591, 723, 3052, 1749, 16286, 1584, 2466, 591, 11977, 29871, 29906, 6199, 4688, 29889, 739, 3282, 29915, 451, 4383, 2466, 1363, 1749, 16286, 471, 29801, 29871, 29941, 6199, 373, 263, 10901, 11195, 29899, 2821, 7250, 29889, 1932, 591, 11977, 472, 341, 10764, 29871, 29941, 6199, 5683, 278, 319, 30420, 29909, 12417, 19518, 750, 7695, 3271, 322, 727, 338, 694, 4856, 304, 1371, 591, 411, 337, 2909, 3143, 1749, 12368, 304, 10059, 29889, 450, 3814, 15780, 1716, 982, 892, 1065, 29899, 1623, 322, 2030, 373, 278, 2768, 29889, 1551, 278, 982, 1623, 263, 7747, 27696, 9451, 364, 1131, 287, 278, 4152, 29871, 29929, 6199, 29889, 278, 22684, 18189, 1788, 1258, 451, 664, 2845, 5305, 29889, 278, 16286, 14333, 14722, 871, 7470, 29871, 29946, 3064, 297, 29871, 29929, 6199, 29901, 304, 9080, 13748, 13748, 1156, 2125, 2696, 304, 9080, 322, 6314, 17803, 9080, 322, 6314, 26044, 322, 1361, 714, 5198, 16783, 322, 2888, 16411, 883, 29889, 1619, 9848, 29901, 29871, 29896, 29897, 1938, 451, 11340, 18682, 26496, 294, 9385, 24058, 363, 738, 2769, 1584, 565, 366, 505, 304, 1735, 596, 9850, 3814, 304, 4772, 963, 470, 5146, 901, 373, 1790, 4799, 27360, 29889, 29871, 29906, 30725, 960, 366, 526, 443, 29880, 14395, 3307, 304, 773, 963, 322, 505, 304, 22764, 714, 310, 17882, 16981, 349, 14918, 4799, 18117, 18331, 29871, 29941, 6199, 4688, 322, 19012, 363, 278, 5232, 19604, 322, 1556, 766, 13013, 19098, 1423, 29899, 6464, 8792, 366, 756, 3926, 7271, 29889, 29871, 29941, 30725, 960, 366, 437, 451, 13590, 10432, 769, 366, 674, 7150, 871, 9078, 11962, 2669, 373, 278, 9008, 322, 1009, 2563, 3268, 338, 19269, 29889, 29871, 29946, 7528, 317, 8273, 13240, 6142, 363, 2030, 260, 271, 10146, 4799, 22116, 1112, 411, 694, 1985, 22684, 18189, 1788, 322, 18425, 29899, 297, 27597, 16286, 14333, 2234, 29889]",0d7e9efd844a91f3ec6ac2c376c469fb2670fc0aa8cedb61ecc0a442404e1329,25caf1b20c6a9b9926451ac6065b77699e750cf85292d4963090ebae629240a5,0d7e9efd844a91f3ec6ac2c376c469fb2670fc0aa8cedb61ecc0a442404e1329,25caf1b20c6a9b9926451ac6065b77699e750cf85292d4963090ebae629240a5,0d7e9efd844a91f3ec6ac2c376c469fb2670fc0aa8cedb61ecc0a442404e1329,25caf1b20c6a9b9926451ac6065b77699e750cf85292d4963090ebae629240a5,True,True,0.0189116932451725,0.018818076699972153,-9.36165452003479e-05,6,1,"[400, 406, 408, 414]","[400, 414]",True,128,8192,False,True,0.26001453399658203,0.24724818766117096,-0.012766346335411072,0.5652338266372681,0.5638101100921631,-0.0014237165451049805,0.01110118733777199,0.011937432296690531,0.0008362449589185417,0.015854643257625867,0.017438311617297586,0.0015836683596717194,0.006366985796934418,0.006789923445403315,0.0004229376484688966,0.008431048741106662,0.009325572309950203,0.0008945235688435412,14592,14592,0,0,0,1,-1,harmful,2,True
17,42,17,2,27,"[1, 306, 9115, 28738, 341, 10534, 29899, 29923, 1362, 29899, 5493, 601, 21595, 17487, 373, 18682, 26496, 294, 9385, 16997, 313, 29909, 18682, 29909, 29897, 5846, 29871, 29906, 29946, 29871, 29906, 29900, 29896, 29941, 7863, 2610, 29871, 29955, 29871, 29915, 29900, 29896, 3884, 29889, 306, 15649, 278, 23381, 7395, 541, 1009, 4700, 338, 451, 731, 701, 304, 2758, 366, 304, 1831, 596, 12949, 29889, 1105, 306, 5432, 1009, 29871, 29947, 29900, 29900, 1353, 297, 278, 3148, 29889, 306, 5432, 363, 29871, 29941, 3841, 3196, 931, 1269, 8683, 1434, 4856, 7699, 278, 9008, 29889, 910, 10823, 29915, 14884, 4223, 471, 577, 4319, 372, 3614, 29871, 29906, 29900, 6233, 304, 1831, 590, 22091, 29889, 382, 7949, 4799, 18117, 1423, 29899, 23838, 472, 17882, 13798, 338, 10329, 10329, 22993, 373, 319, 1489, 29909, 599, 28134, 363, 278, 341, 10764, 16286, 8389, 297, 263, 2323, 1196, 304, 367, 1423, 29899, 262, 363, 871, 393, 16286, 29889, 450, 1021, 363, 916, 1652, 25884, 29889, 1334, 1476, 445, 714, 491, 6721, 916, 28134, 825, 304, 437, 408, 727, 892, 694, 319, 18682, 319, 22873, 470, 7475, 28345, 1045, 2976, 2198, 29889, 727, 892, 1472, 1472, 3454, 310, 28134, 5807, 28489, 1549, 278, 8638, 29889, 1423, 29899, 262, 471, 577, 5232, 591, 892, 5932, 591, 723, 3052, 1749, 16286, 1584, 2466, 591, 11977, 29871, 29906, 6199, 4688, 29889, 739, 3282, 29915, 451, 4383, 2466, 1363, 1749, 16286, 471, 29801, 29871, 29941, 6199, 373, 263, 10901, 11195, 29899, 2821, 7250, 29889, 1932, 591, 11977, 472, 341, 10764, 29871, 29941, 6199, 5683, 278, 319, 30420, 29909, 12417, 19518, 750, 7695, 3271, 322, 727, 338, 694, 4856, 304, 1371, 591, 411, 337, 2909, 3143, 1749, 12368, 304, 10059, 29889, 450, 3814, 15780, 1716, 982, 892, 1065, 29899, 1623, 322, 2030, 373, 278, 2768, 29889, 1551, 278, 982, 1623, 263, 7747, 27696, 9451, 364, 1131, 287, 278, 4152, 29871, 29929, 6199, 29889, 278, 22684, 18189, 1788, 1258, 451, 664, 2845, 5305, 29889, 278, 16286, 14333, 14722, 871, 7470, 29871, 29946, 3064, 297, 29871, 29929, 6199, 29901, 304, 9080, 13748, 13748, 1156, 2125, 2696, 304, 9080, 322, 6314, 17803, 9080, 322, 6314, 26044, 322, 1361, 714, 5198, 16783, 322, 2888, 16411, 883, 29889, 1619, 9848, 29901, 29871, 29896, 29897, 1938, 451, 11340, 18682, 26496, 294, 9385, 24058, 363, 738, 2769, 1584, 565, 366, 505, 304, 1735, 596, 9850, 3814, 304, 4772, 963, 470, 5146, 901, 373, 1790, 4799, 27360, 29889, 29871, 29906, 30725, 960, 366, 526, 443, 29880, 14395, 3307, 304, 773, 963, 322, 505, 304, 22764, 714, 310, 17882, 16981, 349, 14918, 4799, 18117, 18331, 29871, 29941, 6199, 4688, 322, 19012, 363, 278, 5232, 19604, 322, 1556, 766, 13013, 19098, 1423, 29899, 6464, 8792, 366, 756, 3926, 7271, 29889, 29871, 29941, 30725, 960, 366, 437, 451, 13590, 10432, 769, 366, 674, 7150, 871, 9078, 11962, 2669, 373, 278, 9008, 322, 1009, 2563, 3268, 338, 19269, 29889, 29871, 29946, 7528, 317, 8273, 13240, 6142, 363, 2030, 260, 271, 10146, 4799, 22116, 1112, 411, 694, 1985, 22684, 18189, 1788, 322, 18425, 29899, 297, 27597, 16286, 14333, 2234, 29889]","[1, 306, 9115, 28738, 341, 10534, 29899, 29923, 1362, 29899, 5493, 601, 21595, 17487, 373, 18682, 26496, 294, 9385, 16997, 313, 29909, 18682, 29909, 29897, 5846, 29871, 29906, 29946, 29871, 29906, 29900, 29896, 29941, 7863, 2610, 29871, 29955, 29871, 29915, 29900, 29896, 3884, 29889, 306, 15649, 278, 23381, 7395, 541, 1009, 4700, 338, 451, 731, 701, 304, 2758, 366, 304, 1831, 596, 12949, 29889, 1105, 306, 5432, 1009, 29871, 29947, 29900, 29900, 1353, 297, 278, 3148, 29889, 306, 5432, 363, 29871, 29941, 3841, 3196, 931, 1269, 8683, 1434, 4856, 7699, 278, 9008, 29889, 910, 10823, 29915, 14884, 4223, 471, 577, 4319, 372, 3614, 29871, 29906, 29900, 6233, 304, 1831, 590, 22091, 29889, 382, 7949, 4799, 18117, 1423, 29899, 23838, 472, 17882, 13798, 338, 10329, 10329, 22993, 373, 319, 1489, 29909, 599, 28134, 363, 278, 341, 10764, 16286, 8389, 297, 263, 2323, 1196, 304, 367, 1423, 29899, 262, 363, 871, 393, 16286, 29889, 450, 1021, 363, 916, 1652, 25884, 29889, 1334, 1476, 445, 714, 491, 6721, 916, 28134, 825, 304, 437, 408, 727, 892, 694, 319, 18682, 319, 22873, 470, 7475, 28345, 1045, 2976, 2198, 29889, 727, 892, 1472, 1472, 3454, 310, 28134, 5807, 28489, 1549, 278, 8638, 29889, 1423, 29899, 262, 471, 577, 5232, 591, 892, 5932, 591, 723, 3052, 1749, 16286, 1584, 2466, 591, 11977, 29871, 29906, 6199, 4688, 29889, 739, 3282, 29915, 451, 4383, 2466, 1363, 1749, 16286, 471, 29801, 29871, 29941, 6199, 373, 263, 10901, 11195, 29899, 2821, 7250, 29889, 1932, 591, 11977, 472, 341, 10764, 29871, 29941, 6199, 5683, 278, 319, 30420, 29909, 12417, 19518, 750, 7695, 3271, 322, 727, 338, 694, 4856, 304, 1371, 591, 411, 337, 2909, 3143, 1749, 12368, 304, 10059, 29889, 450, 3814, 15780, 1716, 982, 892, 1065, 29899, 1623, 322, 2030, 373, 278, 2768, 29889, 1551, 278, 982, 1623, 263, 7747, 27696, 9451, 364, 1131, 287, 278, 4152, 29871, 29929, 6199, 29889, 278, 22684, 18189, 1788, 1258, 451, 664, 2845, 5305, 29889, 278, 16286, 14333, 14722, 871, 7470, 29871, 29946, 3064, 297, 29871, 29929, 6199, 29901, 304, 9080, 13748, 13748, 1156, 2125, 2696, 304, 9080, 322, 6314, 17803, 9080, 322, 6314, 26044, 322, 1361, 714, 5198, 16783, 322, 2888, 16411, 883, 29889, 1619, 9848, 29901, 29871, 29896, 29897, 1938, 451, 11340, 18682, 26496, 294, 9385, 24058, 363, 738, 2769, 1584, 565, 366, 505, 304, 1735, 596, 9850, 3814, 304, 4772, 963, 470, 5146, 901, 373, 1790, 4799, 27360, 29889, 29871, 29906, 30725, 960, 366, 526, 443, 29880, 14395, 3307, 304, 773, 963, 322, 505, 304, 22764, 714, 310, 17882, 16981, 349, 14918, 4799, 18117, 18331, 29871, 29941, 6199, 4688, 322, 19012, 363, 278, 5232, 19604, 322, 1556, 766, 6388, 19098, 1423, 29899, 6464, 8792, 366, 756, 3926, 7271, 29889, 29871, 29941, 30725, 960, 366, 437, 451, 13590, 10432, 769, 366, 674, 7150, 871, 9078, 11962, 2669, 373, 278, 9008, 322, 1009, 2563, 3268, 338, 19269, 29889, 29871, 29946, 7528, 317, 8273, 13240, 6142, 363, 2030, 260, 271, 10146, 4799, 22116, 1112, 411, 694, 1985, 22684, 18189, 1788, 322, 18425, 29899, 297, 27597, 16286, 14333, 2234, 29889]",25caf1b20c6a9b9926451ac6065b77699e750cf85292d4963090ebae629240a5,b9eb8b085cafd72992b92ff9aecc092929aae73d2f724f4b863c2278df4eb05e,25caf1b20c6a9b9926451ac6065b77699e750cf85292d4963090ebae629240a5,b9eb8b085cafd72992b92ff9aecc092929aae73d2f724f4b863c2278df4eb05e,25caf1b20c6a9b9926451ac6065b77699e750cf85292d4963090ebae629240a5,b9eb8b085cafd72992b92ff9aecc092929aae73d2f724f4b863c2278df4eb05e,True,True,0.018818076699972153,0.018480610102415085,-0.00033746659755706787,3,2,"[437, 442]",[437],True,128,8192,False,True,0.27437424659729004,0.2499430775642395,-0.024431169033050537,0.5827367305755615,0.5826054215431213,-0.00013130903244018555,0.004461128373804968,0.0008200035445042886,-0.0036411248293006793,0.0058387715253047645,0.002341849496588111,-0.0034969220287166536,0.004461128373804968,0.0008200035445042886,-0.0036411248293006793,0.0058387715253047645,0.002341849496588111,-0.0034969220287166536,8192,8192,0,0,1,0,1,positive,1,True
17,42,17,2,29,"[1, 306, 9115, 28738, 341, 10534, 29899, 29923, 1362, 29899, 5493, 601, 21595, 17487, 373, 18682, 26496, 294, 9385, 16997, 313, 29909, 18682, 29909, 29897, 5846, 29871, 29906, 29946, 29871, 29906, 29900, 29896, 29941, 7863, 2610, 29871, 29955, 29871, 29915, 29900, 29896, 3884, 29889, 306, 15649, 278, 23381, 7395, 541, 1009, 4700, 338, 451, 731, 701, 304, 2758, 366, 304, 1831, 596, 12949, 29889, 1105, 306, 5432, 1009, 29871, 29947, 29900, 29900, 1353, 297, 278, 3148, 29889, 306, 5432, 363, 29871, 29941, 3841, 3196, 931, 1269, 8683, 1434, 4856, 7699, 278, 9008, 29889, 910, 10823, 29915, 14884, 4223, 471, 577, 4319, 372, 3614, 29871, 29906, 29900, 6233, 304, 1831, 590, 22091, 29889, 382, 7949, 4799, 18117, 1423, 29899, 23838, 472, 17882, 13798, 338, 10329, 10329, 22993, 373, 319, 1489, 29909, 599, 28134, 363, 278, 341, 10764, 16286, 8389, 297, 263, 2323, 1196, 304, 367, 1423, 29899, 262, 363, 871, 393, 16286, 29889, 450, 1021, 363, 916, 1652, 25884, 29889, 1334, 1476, 445, 714, 491, 6721, 916, 28134, 825, 304, 437, 408, 727, 892, 694, 319, 18682, 319, 22873, 470, 7475, 28345, 1045, 2976, 2198, 29889, 727, 892, 1472, 1472, 3454, 310, 28134, 5807, 28489, 1549, 278, 8638, 29889, 1423, 29899, 262, 471, 577, 5232, 591, 892, 5932, 591, 723, 3052, 1749, 16286, 1584, 2466, 591, 11977, 29871, 29906, 6199, 4688, 29889, 739, 3282, 29915, 451, 4383, 2466, 1363, 1749, 16286, 471, 29801, 29871, 29941, 6199, 373, 263, 10901, 11195, 29899, 2821, 7250, 29889, 1932, 591, 11977, 472, 341, 10764, 29871, 29941, 6199, 5683, 278, 319, 30420, 29909, 12417, 19518, 750, 7695, 3271, 322, 727, 338, 694, 4856, 304, 1371, 591, 411, 337, 2909, 3143, 1749, 12368, 304, 10059, 29889, 450, 3814, 15780, 1716, 982, 892, 1065, 29899, 1623, 322, 2030, 373, 278, 2768, 29889, 1551, 278, 982, 1623, 263, 7747, 27696, 9451, 364, 1131, 287, 278, 4152, 29871, 29929, 6199, 29889, 278, 22684, 18189, 1788, 1258, 451, 664, 2845, 5305, 29889, 278, 16286, 14333, 14722, 871, 7470, 29871, 29946, 3064, 297, 29871, 29929, 6199, 29901, 304, 9080, 13748, 13748, 1156, 2125, 2696, 304, 9080, 322, 6314, 17803, 9080, 322, 6314, 26044, 322, 1361, 714, 5198, 16783, 322, 2888, 16411, 883, 29889, 1619, 9848, 29901, 29871, 29896, 29897, 1938, 451, 11340, 18682, 26496, 294, 9385, 24058, 363, 738, 2769, 1584, 565, 366, 505, 304, 1735, 596, 9850, 3814, 304, 4772, 963, 470, 5146, 901, 373, 1790, 4799, 27360, 29889, 29871, 29906, 30725, 960, 366, 526, 443, 29880, 14395, 3307, 304, 773, 963, 322, 505, 304, 22764, 714, 310, 17882, 16981, 349, 14918, 4799, 18117, 18331, 29871, 29941, 6199, 4688, 322, 19012, 363, 278, 5232, 19604, 322, 1556, 766, 6388, 19098, 1423, 29899, 6464, 8792, 366, 756, 3926, 7271, 29889, 29871, 29941, 30725, 960, 366, 437, 451, 13590, 10432, 769, 366, 674, 7150, 871, 9078, 11962, 2669, 373, 278, 9008, 322, 1009, 2563, 3268, 338, 19269, 29889, 29871, 29946, 7528, 317, 8273, 13240, 6142, 363, 2030, 260, 271, 10146, 4799, 22116, 1112, 411, 694, 1985, 22684, 18189, 1788, 322, 18425, 29899, 297, 27597, 16286, 14333, 2234, 29889]","[1, 306, 9115, 28738, 341, 10534, 29899, 29923, 1362, 29899, 5493, 601, 21595, 17487, 373, 18682, 26496, 294, 9385, 16997, 313, 29909, 18682, 29909, 29897, 5846, 29871, 29906, 29946, 29871, 29906, 29900, 29896, 29941, 7863, 2610, 29871, 29955, 29871, 29915, 29900, 29896, 3884, 29889, 306, 15649, 278, 23381, 7395, 541, 1009, 4700, 338, 451, 731, 701, 304, 2758, 366, 304, 1831, 596, 12949, 29889, 1105, 306, 5432, 1009, 29871, 29947, 29900, 29900, 1353, 297, 278, 3148, 29889, 306, 5432, 363, 29871, 29941, 3841, 3196, 931, 1269, 8683, 1434, 4856, 7699, 278, 9008, 29889, 910, 10823, 29915, 14884, 4223, 471, 577, 4319, 372, 3614, 29871, 29906, 29900, 6233, 304, 1831, 590, 22091, 29889, 382, 7949, 4799, 18117, 1423, 29899, 23838, 472, 17882, 13798, 338, 10329, 10329, 22993, 373, 319, 1489, 29909, 599, 28134, 363, 278, 341, 10764, 16286, 8389, 297, 263, 2323, 1196, 304, 367, 1423, 29899, 262, 363, 871, 393, 16286, 29889, 450, 1021, 363, 916, 1652, 25884, 29889, 1334, 1476, 445, 714, 491, 6721, 916, 28134, 825, 304, 437, 408, 727, 892, 694, 319, 18682, 319, 22873, 470, 7475, 28345, 1045, 2976, 2198, 29889, 727, 892, 1472, 1472, 3454, 310, 28134, 5807, 28489, 1549, 278, 8638, 29889, 1423, 29899, 262, 471, 577, 5232, 591, 892, 5932, 591, 723, 3052, 1749, 16286, 1584, 2466, 591, 11977, 29871, 29906, 6199, 4688, 29889, 739, 3282, 29915, 451, 4383, 2466, 1363, 1749, 16286, 471, 29801, 29871, 29941, 6199, 373, 263, 10901, 11195, 29899, 2821, 7250, 29889, 1932, 591, 11977, 472, 341, 10764, 29871, 29941, 6199, 5683, 278, 319, 30420, 29909, 12417, 19518, 750, 7695, 3271, 322, 727, 338, 694, 4856, 304, 1371, 591, 411, 337, 2909, 3143, 1749, 12368, 304, 10059, 29889, 450, 3814, 15780, 1716, 982, 892, 1065, 29899, 1623, 322, 2030, 373, 278, 2768, 29889, 1551, 278, 982, 1623, 263, 7747, 27696, 9451, 364, 1131, 287, 278, 4152, 29871, 29929, 6199, 29889, 278, 22684, 18189, 1788, 1258, 451, 664, 2845, 5305, 29889, 278, 16286, 14333, 14722, 871, 7470, 29871, 29946, 3064, 297, 29871, 29929, 6199, 29901, 304, 9080, 13748, 13748, 1156, 2125, 2696, 304, 9080, 322, 6314, 17803, 9080, 322, 6314, 26044, 322, 1361, 714, 5198, 16783, 322, 2888, 16411, 883, 29889, 1619, 9848, 29901, 29871, 29896, 29897, 1938, 451, 11340, 18682, 26496, 294, 9385, 24058, 363, 738, 2769, 1584, 565, 366, 505, 304, 1735, 596, 9850, 3814, 304, 4772, 963, 470, 5146, 901, 373, 1790, 4799, 27360, 29889, 29871, 29906, 30725, 960, 366, 526, 443, 29880, 14395, 3307, 304, 773, 963, 322, 505, 304, 22764, 714, 310, 17882, 16981, 349, 14918, 4799, 18117, 18331, 29871, 29941, 6199, 4688, 322, 19012, 363, 278, 5232, 19604, 322, 1556, 766, 6388, 19098, 1423, 29899, 6464, 8792, 366, 756, 3926, 7271, 29889, 29871, 29941, 30725, 960, 366, 437, 451, 13590, 10432, 769, 366, 674, 7150, 871, 9078, 11962, 2669, 373, 278, 9008, 322, 1009, 2563, 3268, 338, 19269, 29889, 29871, 29946, 29897, 349, 8273, 13240, 6142, 363, 2030, 260, 271, 10146, 4799, 22116, 1112, 411, 694, 1985, 22684, 18189, 1788, 322, 18425, 29899, 297, 27597, 16286, 14333, 2234, 29889]",b9eb8b085cafd72992b92ff9aecc092929aae73d2f724f4b863c2278df4eb05e,c62bab99fc6eb9f09ca4d7f116dd54a43074b9c2441b1199fe25494aabc693dd,b9eb8b085cafd72992b92ff9aecc092929aae73d2f724f4b863c2278df4eb05e,c62bab99fc6eb9f09ca4d7f116dd54a43074b9c2441b1199fe25494aabc693dd,b9eb8b085cafd72992b92ff9aecc092929aae73d2f724f4b863c2278df4eb05e,c62bab99fc6eb9f09ca4d7f116dd54a43074b9c2441b1199fe25494aabc693dd,True,True,0.018480610102415085,0.018321774899959564,-0.00015883520245552063,6,2,"[477, 478]","[477, 478]",True,128,3456,False,True,0.2452830672264099,0.24468131363391876,-0.0006017535924911499,0.5819985270500183,0.5816434621810913,-0.00035506486892700195,0.010205855230904289,0.008752121296883733,-0.0014537339340205558,0.017450477945169917,0.01767510318852685,0.00022462524335693443,0.004901560497874359,0.004219079530745183,-0.0006824809671291763,0.007883168185867791,0.008058594671552474,0.0001754264856846828,6784,6784,0,0,2,0,2,positive,2,True
17,42,17,2,31,"[1, 306, 9115, 28738, 341, 10534, 29899, 29923, 1362, 29899, 5493, 601, 21595, 17487, 373, 18682, 26496, 294, 9385, 16997, 313, 29909, 18682, 29909, 29897, 5846, 29871, 29906, 29946, 29871, 29906, 29900, 29896, 29941, 7863, 2610, 29871, 29955, 29871, 29915, 29900, 29896, 3884, 29889, 306, 15649, 278, 23381, 7395, 541, 1009, 4700, 338, 451, 731, 701, 304, 2758, 366, 304, 1831, 596, 12949, 29889, 1105, 306, 5432, 1009, 29871, 29947, 29900, 29900, 1353, 297, 278, 3148, 29889, 306, 5432, 363, 29871, 29941, 3841, 3196, 931, 1269, 8683, 1434, 4856, 7699, 278, 9008, 29889, 910, 10823, 29915, 14884, 4223, 471, 577, 4319, 372, 3614, 29871, 29906, 29900, 6233, 304, 1831, 590, 22091, 29889, 382, 7949, 4799, 18117, 1423, 29899, 23838, 472, 17882, 13798, 338, 10329, 10329, 22993, 373, 319, 1489, 29909, 599, 28134, 363, 278, 341, 10764, 16286, 8389, 297, 263, 2323, 1196, 304, 367, 1423, 29899, 262, 363, 871, 393, 16286, 29889, 450, 1021, 363, 916, 1652, 25884, 29889, 1334, 1476, 445, 714, 491, 6721, 916, 28134, 825, 304, 437, 408, 727, 892, 694, 319, 18682, 319, 22873, 470, 7475, 28345, 1045, 2976, 2198, 29889, 727, 892, 1472, 1472, 3454, 310, 28134, 5807, 28489, 1549, 278, 8638, 29889, 1423, 29899, 262, 471, 577, 5232, 591, 892, 5932, 591, 723, 3052, 1749, 16286, 1584, 2466, 591, 11977, 29871, 29906, 6199, 4688, 29889, 739, 3282, 29915, 451, 4383, 2466, 1363, 1749, 16286, 471, 29801, 29871, 29941, 6199, 373, 263, 10901, 11195, 29899, 2821, 7250, 29889, 1932, 591, 11977, 472, 341, 10764, 29871, 29941, 6199, 5683, 278, 319, 30420, 29909, 12417, 19518, 750, 7695, 3271, 322, 727, 338, 694, 4856, 304, 1371, 591, 411, 337, 2909, 3143, 1749, 12368, 304, 10059, 29889, 450, 3814, 15780, 1716, 982, 892, 1065, 29899, 1623, 322, 2030, 373, 278, 2768, 29889, 1551, 278, 982, 1623, 263, 7747, 27696, 9451, 364, 1131, 287, 278, 4152, 29871, 29929, 6199, 29889, 278, 22684, 18189, 1788, 1258, 451, 664, 2845, 5305, 29889, 278, 16286, 14333, 14722, 871, 7470, 29871, 29946, 3064, 297, 29871, 29929, 6199, 29901, 304, 9080, 13748, 13748, 1156, 2125, 2696, 304, 9080, 322, 6314, 17803, 9080, 322, 6314, 26044, 322, 1361, 714, 5198, 16783, 322, 2888, 16411, 883, 29889, 1619, 9848, 29901, 29871, 29896, 29897, 1938, 451, 11340, 18682, 26496, 294, 9385, 24058, 363, 738, 2769, 1584, 565, 366, 505, 304, 1735, 596, 9850, 3814, 304, 4772, 963, 470, 5146, 901, 373, 1790, 4799, 27360, 29889, 29871, 29906, 30725, 960, 366, 526, 443, 29880, 14395, 3307, 304, 773, 963, 322, 505, 304, 22764, 714, 310, 17882, 16981, 349, 14918, 4799, 18117, 18331, 29871, 29941, 6199, 4688, 322, 19012, 363, 278, 5232, 19604, 322, 1556, 766, 6388, 19098, 1423, 29899, 6464, 8792, 366, 756, 3926, 7271, 29889, 29871, 29941, 30725, 960, 366, 437, 451, 13590, 10432, 769, 366, 674, 7150, 871, 9078, 11962, 2669, 373, 278, 9008, 322, 1009, 2563, 3268, 338, 19269, 29889, 29871, 29946, 29897, 349, 8273, 13240, 6142, 363, 2030, 260, 271, 10146, 4799, 22116, 1112, 411, 694, 1985, 22684, 18189, 1788, 322, 18425, 29899, 297, 27597, 16286, 14333, 2234, 29889]","[1, 306, 9115, 28738, 341, 10534, 29899, 29923, 1362, 29899, 5493, 601, 21595, 17487, 373, 18682, 26496, 294, 9385, 16997, 313, 29909, 18682, 29909, 29897, 5846, 29871, 29906, 29946, 29871, 29906, 29900, 29896, 29941, 7863, 2610, 29871, 29955, 29871, 29915, 29900, 29896, 3884, 29889, 306, 15649, 278, 23381, 7395, 541, 1009, 4700, 338, 451, 731, 701, 304, 2758, 366, 304, 1831, 596, 12949, 29889, 1105, 306, 5432, 1009, 29871, 29947, 29900, 29900, 1353, 297, 278, 3148, 29889, 306, 5432, 363, 29871, 29941, 3841, 3196, 931, 1269, 8683, 1434, 4856, 7699, 278, 9008, 29889, 910, 10823, 29915, 14884, 4223, 471, 577, 4319, 372, 3614, 29871, 29906, 29900, 6233, 304, 1831, 590, 22091, 29889, 382, 7949, 4799, 18117, 1423, 29899, 23838, 472, 17882, 13798, 338, 10329, 10329, 22993, 373, 319, 1489, 29909, 599, 28134, 363, 278, 341, 10764, 16286, 8389, 297, 263, 2323, 1196, 304, 367, 1423, 29899, 262, 363, 871, 393, 16286, 29889, 450, 1021, 363, 916, 1652, 25884, 29889, 1334, 1476, 445, 714, 491, 6721, 916, 28134, 825, 304, 437, 408, 727, 892, 694, 319, 18682, 319, 22873, 470, 7475, 28345, 1045, 2976, 2198, 29889, 727, 892, 1472, 1472, 3454, 310, 28134, 5807, 28489, 1549, 278, 8638, 29889, 1423, 29899, 262, 471, 577, 5232, 591, 892, 5932, 591, 723, 3052, 1749, 16286, 1584, 2466, 591, 11977, 29871, 29906, 6199, 4688, 29889, 739, 3282, 29915, 451, 4383, 2466, 1363, 1749, 16286, 471, 29801, 29871, 29941, 6199, 373, 263, 10901, 11195, 29899, 2821, 7250, 29889, 1932, 591, 11977, 472, 341, 10764, 29871, 29941, 6199, 5683, 278, 319, 30420, 29909, 12417, 19518, 750, 7695, 3271, 322, 727, 338, 694, 4856, 304, 1371, 591, 411, 337, 2909, 3143, 1749, 12368, 304, 10059, 29889, 450, 3814, 15780, 1716, 982, 892, 1065, 29899, 1623, 322, 2030, 373, 278, 2768, 29889, 1551, 278, 982, 1623, 263, 7747, 27696, 9451, 364, 1131, 287, 278, 4152, 29871, 29929, 6199, 29889, 278, 22684, 18189, 1788, 1258, 451, 664, 2845, 5305, 29889, 278, 16286, 14333, 14722, 871, 7470, 29871, 29946, 3064, 297, 29871, 29929, 6199, 29901, 304, 9080, 13748, 13748, 1156, 2125, 2696, 304, 9080, 322, 6314, 17803, 9080, 322, 6314, 26044, 322, 1361, 714, 5198, 16783, 322, 2888, 16411, 883, 29889, 1619, 9848, 29901, 29871, 29896, 29897, 1938, 451, 11340, 18682, 26496, 294, 9385, 24058, 363, 738, 2769, 1584, 565, 366, 505, 304, 1735, 596, 9850, 3814, 304, 4772, 963, 470, 5146, 901, 373, 1790, 4799, 27360, 29889, 29871, 29906, 30725, 960, 366, 526, 443, 29880, 14395, 3307, 304, 773, 963, 322, 505, 304, 22764, 714, 310, 17882, 16981, 349, 14918, 4799, 18117, 18331, 29871, 29941, 6199, 4688, 322, 19012, 363, 278, 5232, 19604, 322, 1556, 766, 6388, 19098, 1423, 29899, 6464, 8792, 366, 756, 3926, 7271, 29889, 29871, 29941, 30725, 960, 366, 437, 451, 13590, 10432, 769, 366, 674, 7150, 871, 9078, 11962, 2669, 373, 278, 9008, 322, 1009, 2563, 3268, 338, 19269, 29889, 29871, 29946, 29897, 349, 8273, 13240, 6142, 363, 2030, 260, 271, 10146, 4799, 22116, 1112, 411, 694, 1985, 22684, 18189, 1788, 322, 18425, 29899, 297, 12872, 16286, 14333, 800, 29889]",c62bab99fc6eb9f09ca4d7f116dd54a43074b9c2441b1199fe25494aabc693dd,c9ee9b5c3ea3dc7238a794bd314f220a60479b5fa221ff78f2e2613f5eb0e482,c62bab99fc6eb9f09ca4d7f116dd54a43074b9c2441b1199fe25494aabc693dd,c9ee9b5c3ea3dc7238a794bd314f220a60479b5fa221ff78f2e2613f5eb0e482,c62bab99fc6eb9f09ca4d7f116dd54a43074b9c2441b1199fe25494aabc693dd,c9ee9b5c3ea3dc7238a794bd314f220a60479b5fa221ff78f2e2613f5eb0e482,True,True,0.018321774899959564,0.018221653997898102,-0.0001001209020614624,4,2,"[500, 503]","[500, 503]",True,59,512,False,True,0.1707318127155304,0.14148898422718048,-0.029242828488349915,0.5693917274475098,0.5616517066955566,-0.007740020751953125,0.017007666756398976,0.015258084633387625,-0.0017495821230113506,0.03582922741770744,0.03007576148957014,-0.005753465928137302,0.008105306699872018,0.005891523975878954,-0.0022137827239930635,0.015678535960614682,0.013702418003231288,-0.0019761179573833942,640,640,0,0,1,0,1,positive,2,True
18,42,17,1,0,"[1, 306, 1020, 9850, 9850, 515, 13564, 10864, 304, 12115, 297, 4688, 5490, 29871, 29915, 29900, 29896, 29945, 29991, 450, 7271, 472, 13564, 9556, 4799, 18117, 471, 1407, 6460, 10734, 278, 1209, 637, 2761, 1196, 607, 471, 29871, 29946, 29945, 6233, 310, 443, 1791, 22042, 322, 443, 2761, 2761, 27556, 322, 528, 27556, 29889, 21606, 451, 18682, 365, 292, 15527, 29915, 12570, 541, 1603, 278, 6460, 1369, 29889, 306, 750, 12530, 363, 263, 5381, 770, 23381, 975, 278, 8986, 29889, 7440, 451, 1284, 714, 2745, 2805, 373, 278, 10694, 393, 278, 937, 760, 310, 278, 17487, 313, 341, 348, 10864, 304, 24533, 29897, 471, 26504, 408, 727, 526, 1939, 5381, 770, 22091, 373, 278, 10694, 29889]","[1, 306, 1020, 9850, 9850, 515, 13564, 10864, 304, 12115, 297, 4688, 5490, 29871, 29906, 29900, 29896, 29945, 29991, 450, 7271, 472, 13564, 9556, 4799, 18117, 471, 1407, 6460, 10734, 278, 1209, 637, 2761, 1196, 607, 471, 29871, 29946, 29945, 6233, 310, 443, 1791, 22042, 322, 443, 2761, 2761, 27556, 322, 528, 27556, 29889, 21606, 451, 18682, 365, 292, 15527, 29915, 12570, 541, 1603, 278, 6460, 1369, 29889, 306, 750, 12530, 363, 263, 5381, 770, 23381, 975, 278, 8986, 29889, 7440, 451, 1284, 714, 2745, 2805, 373, 278, 10694, 393, 278, 937, 760, 310, 278, 17487, 313, 341, 348, 10864, 304, 24533, 29897, 471, 26504, 408, 727, 526, 1939, 5381, 770, 22091, 373, 278, 10694, 29889]",789b19a06e6376322ab72b08277d0ea06709124f898f3d05950266fe571d6798,e72dd8448c0ced343051269d149b08548463d0ebf77ef23fb44075630f903765,789b19a06e6376322ab72b08277d0ea06709124f898f3d05950266fe571d6798,e72dd8448c0ced343051269d149b08548463d0ebf77ef23fb44075630f903765,789b19a06e6376322ab72b08277d0ea06709124f898f3d05950266fe571d6798,e72dd8448c0ced343051269d149b08548463d0ebf77ef23fb44075630f903765,True,True,0.019674699753522873,0.015616483986377716,-0.004058215767145157,11,1,"[2, 6, 7, 14]",[14],True,128,8192,False,True,0.19378530979156494,0.12594030797481537,-0.06784500181674957,0.38918018341064453,0.3860846161842346,-0.003095567226409912,0.008785117206571158,0.005593720175966155,-0.0031913970306050032,0.01169966231827857,0.012612915284989867,0.0009132529667112976,0.008785117206571158,0.005593720175966155,-0.0031913970306050032,0.01169966231827857,0.012612915284989867,0.0009132529667112976,8192,8192,0,0,1,0,1,positive,1,True
18,42,17,1,1,"[1, 306, 1020, 9850, 9850, 515, 13564, 10864, 304, 12115, 297, 4688, 5490, 29871, 29906, 29900, 29896, 29945, 29991, 450, 7271, 472, 13564, 9556, 4799, 18117, 471, 1407, 6460, 10734, 278, 1209, 637, 2761, 1196, 607, 471, 29871, 29946, 29945, 6233, 310, 443, 1791, 22042, 322, 443, 2761, 2761, 27556, 322, 528, 27556, 29889, 21606, 451, 18682, 365, 292, 15527, 29915, 12570, 541, 1603, 278, 6460, 1369, 29889, 306, 750, 12530, 363, 263, 5381, 770, 23381, 975, 278, 8986, 29889, 7440, 451, 1284, 714, 2745, 2805, 373, 278, 10694, 393, 278, 937, 760, 310, 278, 17487, 313, 341, 348, 10864, 304, 24533, 29897, 471, 26504, 408, 727, 526, 1939, 5381, 770, 22091, 373, 278, 10694, 29889]","[1, 306, 1020, 9850, 9850, 515, 13564, 10864, 304, 12115, 297, 4688, 5490, 29871, 29906, 29900, 29896, 29941, 29991, 450, 7271, 472, 13564, 9556, 4799, 18117, 471, 1407, 6460, 10734, 278, 1209, 637, 2761, 1196, 607, 471, 29871, 29946, 29945, 6233, 310, 443, 1791, 22042, 322, 443, 2761, 2761, 27556, 322, 528, 27556, 29889, 21606, 451, 18682, 365, 292, 15527, 29915, 12570, 541, 1603, 278, 6460, 1369, 29889, 306, 750, 12530, 363, 263, 5381, 770, 23381, 975, 278, 8986, 29889, 7440, 451, 1284, 714, 2745, 2805, 373, 278, 10694, 393, 278, 937, 760, 310, 278, 17487, 313, 341, 348, 10864, 304, 24533, 29897, 471, 26504, 408, 727, 526, 1939, 5381, 770, 22091, 373, 278, 10694, 29889]",e72dd8448c0ced343051269d149b08548463d0ebf77ef23fb44075630f903765,42a8c35af03d5b8bc0e5cba4d3af0b770df44fbe57317a62100ac5f8d05b91ec,e72dd8448c0ced343051269d149b08548463d0ebf77ef23fb44075630f903765,42a8c35af03d5b8bc0e5cba4d3af0b770df44fbe57317a62100ac5f8d05b91ec,e72dd8448c0ced343051269d149b08548463d0ebf77ef23fb44075630f903765,42a8c35af03d5b8bc0e5cba4d3af0b770df44fbe57317a62100ac5f8d05b91ec,True,True,0.015616483986377716,0.01555800810456276,-5.8475881814956665e-05,13,1,"[17, 18, 22, 23, 26]",[17],True,128,8192,False,True,0.17051111161708832,0.17049314081668854,-1.7970800399780273e-05,0.44220221042633057,0.44183188676834106,-0.00037032365798950195,0.0014538118630298413,0.0015218976332107559,6.808577018091455e-05,0.0077639509399887174,0.007826788387319539,6.28374473308213e-05,0.0014538118630298413,0.0015218976332107559,6.808577018091455e-05,0.0077639509399887174,0.007826788387319539,6.28374473308213e-05,8192,8192,0,0,0,1,-1,harmful,1,True
18,42,17,1,3,"[1, 306, 1020, 9850, 9850, 515, 13564, 10864, 304, 12115, 297, 4688, 5490, 29871, 29906, 29900, 29896, 29941, 29991, 450, 7271, 472, 13564, 9556, 4799, 18117, 471, 1407, 6460, 10734, 278, 1209, 637, 2761, 1196, 607, 471, 29871, 29946, 29945, 6233, 310, 443, 1791, 22042, 322, 443, 2761, 2761, 27556, 322, 528, 27556, 29889, 21606, 451, 18682, 365, 292, 15527, 29915, 12570, 541, 1603, 278, 6460, 1369, 29889, 306, 750, 12530, 363, 263, 5381, 770, 23381, 975, 278, 8986, 29889, 7440, 451, 1284, 714, 2745, 2805, 373, 278, 10694, 393, 278, 937, 760, 310, 278, 17487, 313, 341, 348, 10864, 304, 24533, 29897, 471, 26504, 408, 727, 526, 1939, 5381, 770, 22091, 373, 278, 10694, 29889]","[1, 306, 1020, 9850, 9850, 515, 13564, 10864, 304, 12115, 297, 4688, 5490, 29871, 29906, 29900, 29896, 29941, 29991, 450, 7271, 472, 13564, 9556, 4799, 18117, 471, 1407, 6460, 10734, 278, 1209, 637, 2761, 1196, 607, 471, 29871, 29946, 29945, 6233, 310, 443, 1791, 22042, 322, 443, 2761, 29308, 27556, 322, 1383, 27556, 29889, 21606, 451, 18682, 365, 10034, 3333, 29915, 12570, 541, 1603, 278, 6460, 1369, 29889, 306, 750, 12530, 363, 263, 5381, 770, 23381, 975, 278, 8986, 29889, 7440, 451, 1284, 714, 2745, 2805, 373, 278, 10694, 393, 278, 937, 760, 310, 278, 17487, 313, 341, 348, 10864, 304, 24533, 29897, 471, 26504, 408, 727, 526, 1939, 5381, 770, 22091, 373, 278, 10694, 29889]",42a8c35af03d5b8bc0e5cba4d3af0b770df44fbe57317a62100ac5f8d05b91ec,d95bdf78b296240336f2bc5c32a22409de74f60caddda3cfae36f84fa31866ca,42a8c35af03d5b8bc0e5cba4d3af0b770df44fbe57317a62100ac5f8d05b91ec,d95bdf78b296240336f2bc5c32a22409de74f60caddda3cfae36f84fa31866ca,42a8c35af03d5b8bc0e5cba4d3af0b770df44fbe57317a62100ac5f8d05b91ec,d95bdf78b296240336f2bc5c32a22409de74f60caddda3cfae36f84fa31866ca,True,True,0.01555800810456276,0.014712115749716759,-0.0008458923548460007,11,3,"[48, 51, 52, 58, 59]","[48, 51, 58, 59]",True,128,8192,False,True,0.20234423875808716,0.06555715203285217,-0.13678708672523499,0.47661519050598145,0.464254230260849,-0.012360960245132446,0.008497724840708543,0.008908916948712431,0.0004111921080038883,0.021241538554022554,0.022274172006291337,0.001032633452268783,0.0023547366446141026,0.0025025562559864646,0.000147819611372362,0.006548387243348206,0.006573669584307434,2.52823409592276e-05,29696,29696,0,0,0,2,-2,harmful,4,True
18,42,17,1,6,"[1, 306, 1020, 9850, 9850, 515, 13564, 10864, 304, 12115, 297, 4688, 5490, 29871, 29906, 29900, 29896, 29941, 29991, 450, 7271, 472, 13564, 9556, 4799, 18117, 471, 1407, 6460, 10734, 278, 1209, 637, 2761, 1196, 607, 471, 29871, 29946, 29945, 6233, 310, 443, 1791, 22042, 322, 443, 2761, 29308, 27556, 322, 1383, 27556, 29889, 21606, 451, 18682, 365, 10034, 3333, 29915, 12570, 541, 1603, 278, 6460, 1369, 29889, 306, 750, 12530, 363, 263, 5381, 770, 23381, 975, 278, 8986, 29889, 7440, 451, 1284, 714, 2745, 2805, 373, 278, 10694, 393, 278, 937, 760, 310, 278, 17487, 313, 341, 348, 10864, 304, 24533, 29897, 471, 26504, 408, 727, 526, 1939, 5381, 770, 22091, 373, 278, 10694, 29889]","[1, 306, 1020, 9850, 9850, 515, 13564, 10864, 304, 12115, 297, 4688, 5490, 29871, 29906, 29900, 29896, 29941, 29991, 450, 7271, 472, 13564, 9556, 4799, 18117, 471, 1407, 6460, 10734, 278, 1209, 637, 2761, 1196, 607, 471, 29871, 29946, 29945, 6233, 310, 443, 1791, 22042, 322, 443, 2761, 29308, 27556, 322, 1383, 27556, 29889, 21606, 451, 18682, 365, 10034, 3333, 29915, 12570, 541, 1603, 278, 6460, 1369, 29889, 306, 750, 12530, 363, 263, 5381, 770, 23381, 975, 278, 8986, 29889, 7440, 451, 1284, 714, 2745, 2805, 373, 278, 10694, 393, 278, 937, 760, 310, 278, 17487, 313, 341, 348, 10864, 304, 24533, 29897, 471, 26504, 408, 727, 526, 694, 5381, 770, 22091, 373, 278, 10694, 29889]",d95bdf78b296240336f2bc5c32a22409de74f60caddda3cfae36f84fa31866ca,1a26a705d080caa3123be001c55877ea1d8be743ab1ae86574177db08b071754,d95bdf78b296240336f2bc5c32a22409de74f60caddda3cfae36f84fa31866ca,1a26a705d080caa3123be001c55877ea1d8be743ab1ae86574177db08b071754,d95bdf78b296240336f2bc5c32a22409de74f60caddda3cfae36f84fa31866ca,1a26a705d080caa3123be001c55877ea1d8be743ab1ae86574177db08b071754,True,True,0.014712115749716759,0.014464667066931725,-0.0002474486827850342,2,1,"[99, 103, 108]",[108],True,128,896,False,True,0.05902440473437309,0.056409548968076706,-0.0026148557662963867,0.49936604499816895,0.49887436628341675,-0.0004916787147521973,0.00841896009764501,0.0030671974111880574,-0.005351762686456952,0.02870434908462422,0.027355644585830823,-0.0013487044987933981,0.00841896009764501,0.0030671974111880574,-0.005351762686456952,0.02870434908462422,0.027355644585830823,-0.0013487044987933981,896,896,0,0,1,0,1,positive,1,True
18,42,17,2,1,"[1, 306, 1020, 9850, 9850, 515, 13564, 10864, 304, 12115, 297, 4688, 5490, 29871, 29906, 29900, 29896, 29941, 29991, 450, 7271, 472, 13564, 9556, 4799, 18117, 471, 1407, 6460, 10734, 278, 1209, 637, 2761, 1196, 607, 471, 29871, 29946, 29945, 6233, 310, 443, 1791, 22042, 322, 443, 2761, 29308, 27556, 322, 1383, 27556, 29889, 21606, 451, 18682, 365, 10034, 3333, 29915, 12570, 541, 1603, 278, 6460, 1369, 29889, 306, 750, 12530, 363, 263, 5381, 770, 23381, 975, 278, 8986, 29889, 7440, 451, 1284, 714, 2745, 2805, 373, 278, 10694, 393, 278, 937, 760, 310, 278, 17487, 313, 341, 348, 10864, 304, 24533, 29897, 471, 26504, 408, 727, 526, 694, 5381, 770, 22091, 373, 278, 10694, 29889]","[1, 306, 1020, 9850, 9850, 515, 13564, 10864, 304, 12115, 297, 4688, 5490, 29871, 29906, 29900, 29896, 29945, 11298, 450, 7271, 472, 13564, 9556, 4799, 18117, 471, 1407, 6460, 10734, 278, 1209, 637, 2761, 1196, 607, 471, 29871, 29946, 29945, 6233, 310, 443, 1791, 22042, 322, 443, 2761, 29308, 27556, 322, 1383, 27556, 29889, 21606, 451, 18682, 365, 10034, 3333, 29915, 12570, 541, 1603, 278, 6460, 1369, 29889, 306, 750, 12530, 363, 263, 5381, 770, 23381, 975, 278, 8986, 29889, 7440, 451, 1284, 714, 2745, 2805, 373, 278, 10694, 393, 278, 937, 760, 310, 278, 17487, 313, 341, 348, 10864, 304, 24533, 29897, 471, 26504, 408, 727, 526, 694, 5381, 770, 22091, 373, 278, 10694, 29889]",1a26a705d080caa3123be001c55877ea1d8be743ab1ae86574177db08b071754,217b770e1b9781c72b36d3d361f148b5f15b888bff3e2b8277d002ec0d8591bb,1a26a705d080caa3123be001c55877ea1d8be743ab1ae86574177db08b071754,217b770e1b9781c72b36d3d361f148b5f15b888bff3e2b8277d002ec0d8591bb,1a26a705d080caa3123be001c55877ea1d8be743ab1ae86574177db08b071754,217b770e1b9781c72b36d3d361f148b5f15b888bff3e2b8277d002ec0d8591bb,True,True,0.014464667066931725,0.014448682777583599,-1.5984289348125458e-05,11,1,"[17, 18, 22, 23, 26]","[17, 18]",True,128,8192,False,True,0.08990278840065002,0.09535381197929382,0.005451023578643799,0.39200910925865173,0.39640724658966064,0.004398137331008911,0.008006080199265853,0.011543448345037177,0.0035373681457713246,0.021873736615816597,0.02369944134989055,0.0018257047340739518,0.004153995342024668,0.006107989346652519,0.0019539940046278508,0.011430176385627018,0.012273219113392153,0.0008430427277651351,16256,16256,0,0,1,0,1,positive,2,True
18,42,17,2,3,"[1, 306, 1020, 9850, 9850, 515, 13564, 10864, 304, 12115, 297, 4688, 5490, 29871, 29906, 29900, 29896, 29945, 11298, 450, 7271, 472, 13564, 9556, 4799, 18117, 471, 1407, 6460, 10734, 278, 1209, 637, 2761, 1196, 607, 471, 29871, 29946, 29945, 6233, 310, 443, 1791, 22042, 322, 443, 2761, 29308, 27556, 322, 1383, 27556, 29889, 21606, 451, 18682, 365, 10034, 3333, 29915, 12570, 541, 1603, 278, 6460, 1369, 29889, 306, 750, 12530, 363, 263, 5381, 770, 23381, 975, 278, 8986, 29889, 7440, 451, 1284, 714, 2745, 2805, 373, 278, 10694, 393, 278, 937, 760, 310, 278, 17487, 313, 341, 348, 10864, 304, 24533, 29897, 471, 26504, 408, 727, 526, 694, 5381, 770, 22091, 373, 278, 10694, 29889]","[1, 306, 1020, 9850, 9850, 515, 13564, 10864, 304, 12115, 297, 4688, 5490, 29871, 29906, 29900, 29896, 29945, 11298, 450, 7271, 472, 13564, 9556, 4799, 18117, 471, 1407, 6460, 10734, 278, 1209, 637, 2761, 1196, 607, 471, 29871, 29946, 29945, 6233, 310, 443, 1791, 22042, 322, 443, 2761, 29308, 27556, 322, 528, 27556, 29889, 21606, 451, 18682, 365, 10034, 21613, 29915, 12570, 541, 1603, 278, 6460, 1369, 29889, 306, 750, 12530, 363, 263, 5381, 770, 23381, 975, 278, 8986, 29889, 7440, 451, 1284, 714, 2745, 2805, 373, 278, 10694, 393, 278, 937, 760, 310, 278, 17487, 313, 341, 348, 10864, 304, 24533, 29897, 471, 26504, 408, 727, 526, 694, 5381, 770, 22091, 373, 278, 10694, 29889]",217b770e1b9781c72b36d3d361f148b5f15b888bff3e2b8277d002ec0d8591bb,239d567b116cccba9ca8177271e1800598f0a22e95541ca5a09b90e9ed82dc4b,217b770e1b9781c72b36d3d361f148b5f15b888bff3e2b8277d002ec0d8591bb,239d567b116cccba9ca8177271e1800598f0a22e95541ca5a09b90e9ed82dc4b,217b770e1b9781c72b36d3d361f148b5f15b888bff3e2b8277d002ec0d8591bb,239d567b116cccba9ca8177271e1800598f0a22e95541ca5a09b90e9ed82dc4b,True,True,0.014448682777583599,0.013630768284201622,-0.0008179144933819771,8,3,"[48, 51, 52, 58, 59]","[51, 59]",True,128,8192,False,True,0.1032700166106224,0.09329719841480255,-0.009972818195819855,0.4413810074329376,0.4403214752674103,-0.0010595321655273438,0.0048632662947056815,0.0039051574567565694,-0.0009581088379491121,0.011024934938177466,0.010667471709894016,-0.00035746322828345,0.002583758548522989,0.001907147195500632,-0.0006766113530223569,0.0058727635109486675,0.005815478899360945,-5.7284611587722634e-05,15360,15360,0,0,1,0,1,positive,2,True
19,42,17,1,0,"[1, 366, 679, 825, 366, 5146, 363, 29889, 306, 471, 11826, 304, 2367, 472, 3203, 697, 5810, 6467, 306, 723, 505, 2367, 28933, 363, 12949, 13016, 322, 4414, 16286, 22684, 18189, 29892, 727, 338, 5642, 467, 306, 338, 451, 263, 15655, 2022, 322, 306, 505, 2360, 750, 590, 17905, 17905, 577, 14387, 3322, 26902, 701, 373, 738, 916, 4799, 29718, 29889]","[1, 887, 679, 825, 366, 5146, 363, 29889, 306, 471, 11826, 304, 2367, 472, 3203, 697, 5810, 6467, 306, 723, 505, 2367, 28933, 363, 12949, 13016, 322, 4414, 16286, 22684, 18189, 29892, 727, 338, 5642, 467, 306, 338, 451, 263, 15655, 2022, 322, 306, 505, 2360, 750, 590, 17905, 17905, 577, 14387, 3322, 26902, 701, 373, 738, 916, 4799, 29718, 29889]",b55e298d163d133a91d7ecac3d84a01175588347820a317d2b5e5816fb280275,a7d215123e7a20efe8460f24a1c90bb111b1a0b33d222b6868d2ee6cdfea2bfc,b55e298d163d133a91d7ecac3d84a01175588347820a317d2b5e5816fb280275,a7d215123e7a20efe8460f24a1c90bb111b1a0b33d222b6868d2ee6cdfea2bfc,b55e298d163d133a91d7ecac3d84a01175588347820a317d2b5e5816fb280275,a7d215123e7a20efe8460f24a1c90bb111b1a0b33d222b6868d2ee6cdfea2bfc,True,True,0.01794383116066456,0.014496572315692902,-0.003447258844971657,9,1,"[1, 15]",[1],True,128,7552,False,True,0.11089855432510376,0.10536186397075653,-0.005536690354347229,0.4721182584762573,0.4701431095600128,-0.001975148916244507,0.005166928686390994,0.0011100429820559792,-0.0040568857043350144,0.014312321083399198,0.015517418217545344,0.001205097134146146,0.005166928686390994,0.0011100429820559792,-0.0040568857043350144,0.014312321083399198,0.015517418217545344,0.001205097134146146,7552,7552,0,0,1,0,1,positive,1,True
19,42,17,1,1,"[1, 887, 679, 825, 366, 5146, 363, 29889, 306, 471, 11826, 304, 2367, 472, 3203, 697, 5810, 6467, 306, 723, 505, 2367, 28933, 363, 12949, 13016, 322, 4414, 16286, 22684, 18189, 29892, 727, 338, 5642, 467, 306, 338, 451, 263, 15655, 2022, 322, 306, 505, 2360, 750, 590, 17905, 17905, 577, 14387, 3322, 26902, 701, 373, 738, 916, 4799, 29718, 29889]","[1, 887, 679, 825, 366, 5146, 363, 29889, 306, 471, 11826, 304, 2367, 472, 3203, 697, 5810, 6467, 306, 723, 505, 4846, 5225, 363, 12949, 13016, 322, 4414, 16286, 22684, 4424, 30217, 727, 338, 5642, 467, 306, 338, 451, 263, 15655, 2022, 322, 306, 505, 2360, 750, 590, 17905, 17905, 577, 14387, 3322, 26902, 701, 373, 738, 916, 4799, 29718, 29889]",a7d215123e7a20efe8460f24a1c90bb111b1a0b33d222b6868d2ee6cdfea2bfc,80a7d52b343566b98765f2606eedb4c82c16d69f4afeca929cd777e65928002c,a7d215123e7a20efe8460f24a1c90bb111b1a0b33d222b6868d2ee6cdfea2bfc,80a7d52b343566b98765f2606eedb4c82c16d69f4afeca929cd777e65928002c,a7d215123e7a20efe8460f24a1c90bb111b1a0b33d222b6868d2ee6cdfea2bfc,80a7d52b343566b98765f2606eedb4c82c16d69f4afeca929cd777e65928002c,True,True,0.014496572315692902,0.011738194152712822,-0.0027583781629800797,13,11,"[21, 22, 30, 31]","[21, 22, 30, 31]",True,128,4992,False,True,0.11049295216798782,0.08852050453424454,-0.021972447633743286,0.47223517298698425,0.47658488154411316,0.004349708557128906,0.018822820224345494,0.01688363080701003,-0.0019391894173354657,0.03981027097847217,0.03772557012211436,-0.002084700856357813,0.005296930133173352,0.004703981062287793,-0.0005929490708855584,0.01220859884394004,0.011568739746615072,-0.0006398590973249688,17408,17408,0,0,1,0,1,positive,4,True
19,42,17,1,2,"[1, 887, 679, 825, 366, 5146, 363, 29889, 306, 471, 11826, 304, 2367, 472, 3203, 697, 5810, 6467, 306, 723, 505, 4846, 5225, 363, 12949, 13016, 322, 4414, 16286, 22684, 4424, 30217, 727, 338, 5642, 467, 306, 338, 451, 263, 15655, 2022, 322, 306, 505, 2360, 750, 590, 17905, 17905, 577, 14387, 3322, 26902, 701, 373, 738, 916, 4799, 29718, 29889]","[1, 887, 679, 825, 366, 5146, 363, 29889, 306, 471, 11826, 304, 2367, 472, 3203, 697, 5810, 6467, 306, 723, 505, 4846, 5225, 363, 12949, 13016, 322, 4414, 16286, 22684, 4424, 30217, 727, 338, 5642, 467, 306, 626, 451, 263, 15655, 2022, 322, 306, 505, 2360, 750, 590, 17905, 17905, 577, 14387, 3322, 26902, 701, 373, 738, 916, 4799, 29718, 29889]",80a7d52b343566b98765f2606eedb4c82c16d69f4afeca929cd777e65928002c,6042730789b1b6b5ccff5f39852a2345b8a52803b4e18930a4d7f4f2e341a4ac,80a7d52b343566b98765f2606eedb4c82c16d69f4afeca929cd777e65928002c,6042730789b1b6b5ccff5f39852a2345b8a52803b4e18930a4d7f4f2e341a4ac,80a7d52b343566b98765f2606eedb4c82c16d69f4afeca929cd777e65928002c,6042730789b1b6b5ccff5f39852a2345b8a52803b4e18930a4d7f4f2e341a4ac,True,True,0.011738194152712822,0.007947363890707493,-0.003790830262005329,5,1,"[37, 41, 44]",[37],True,128,2944,False,True,0.11497144401073456,0.10005643963813782,-0.01491500437259674,0.5123732686042786,0.5168772339820862,0.004503965377807617,0.005457345963172291,0.0010012008006805959,-0.004456145162491695,0.012062066821786373,0.010312260634711256,-0.0017498061870751171,0.005457345963172291,0.0010012008006805959,-0.004456145162491695,0.012062066821786373,0.010312260634711256,-0.0017498061870751171,2944,2944,0,0,1,0,1,positive,1,True
19,42,17,1,3,"[1, 887, 679, 825, 366, 5146, 363, 29889, 306, 471, 11826, 304, 2367, 472, 3203, 697, 5810, 6467, 306, 723, 505, 4846, 5225, 363, 12949, 13016, 322, 4414, 16286, 22684, 4424, 30217, 727, 338, 5642, 467, 306, 626, 451, 263, 15655, 2022, 322, 306, 505, 2360, 750, 590, 17905, 17905, 577, 14387, 3322, 26902, 701, 373, 738, 916, 4799, 29718, 29889]","[1, 887, 679, 825, 366, 5146, 363, 29889, 306, 471, 11826, 304, 2367, 472, 3203, 697, 5810, 6467, 306, 723, 505, 4846, 5225, 363, 12949, 13016, 322, 4414, 16286, 22684, 4424, 30217, 727, 338, 5642, 467, 306, 626, 451, 263, 15655, 2022, 322, 306, 505, 2360, 750, 590, 17905, 8769, 577, 14387, 3322, 9795, 701, 373, 738, 916, 4799, 29718, 29889]",6042730789b1b6b5ccff5f39852a2345b8a52803b4e18930a4d7f4f2e341a4ac,40f466a939cea80be9217e9496026f8221f36a083f43ef87d0b127f5b5f8ed03,6042730789b1b6b5ccff5f39852a2345b8a52803b4e18930a4d7f4f2e341a4ac,40f466a939cea80be9217e9496026f8221f36a083f43ef87d0b127f5b5f8ed03,6042730789b1b6b5ccff5f39852a2345b8a52803b4e18930a4d7f4f2e341a4ac,40f466a939cea80be9217e9496026f8221f36a083f43ef87d0b127f5b5f8ed03,True,True,0.007947363890707493,0.007862661965191364,-8.470192551612854e-05,7,1,"[49, 53, 59]","[49, 53]",True,59,1408,False,True,0.13604331016540527,0.09772451967000961,-0.03831879049539566,0.5554676651954651,0.5612453818321228,0.005777716636657715,0.02322875496677377,0.0312574392777275,0.00802868431095373,0.03296877740120346,0.047210405707697974,0.014241628306494516,0.017227286317696173,0.018790300030054316,0.0015630137123581432,0.018815967383691005,0.02665571744243304,0.007839750058742035,2304,2304,0,0,0,0,0,neutral,2,True
19,42,17,2,1,"[1, 887, 679, 825, 366, 5146, 363, 29889, 306, 471, 11826, 304, 2367, 472, 3203, 697, 5810, 6467, 306, 723, 505, 4846, 5225, 363, 12949, 13016, 322, 4414, 16286, 22684, 4424, 30217, 727, 338, 5642, 467, 306, 626, 451, 263, 15655, 2022, 322, 306, 505, 2360, 750, 590, 17905, 8769, 577, 14387, 3322, 9795, 701, 373, 738, 916, 4799, 29718, 29889]","[1, 887, 679, 825, 366, 5146, 363, 29889, 306, 471, 11826, 304, 2367, 472, 3203, 697, 5810, 6467, 306, 723, 505, 2367, 5225, 363, 12949, 13016, 322, 4414, 16286, 22684, 5597, 313, 727, 338, 5642, 467, 306, 626, 451, 263, 15655, 2022, 322, 306, 505, 2360, 750, 590, 17905, 8769, 577, 14387, 3322, 9795, 701, 373, 738, 916, 4799, 29718, 29889]",40f466a939cea80be9217e9496026f8221f36a083f43ef87d0b127f5b5f8ed03,559f6bde41415de8e3717900d81b57f879b5805fcbdd823868d3cda6bfda2668,40f466a939cea80be9217e9496026f8221f36a083f43ef87d0b127f5b5f8ed03,559f6bde41415de8e3717900d81b57f879b5805fcbdd823868d3cda6bfda2668,40f466a939cea80be9217e9496026f8221f36a083f43ef87d0b127f5b5f8ed03,559f6bde41415de8e3717900d81b57f879b5805fcbdd823868d3cda6bfda2668,True,True,0.007862661965191364,0.005169512704014778,-0.002693149261176586,8,2,"[21, 22, 30, 31]","[21, 30, 31]",True,128,4992,False,True,0.11187255382537842,0.043721504509449005,-0.06815104931592941,0.4837220013141632,0.4861440062522888,0.0024220049381256104,0.015623517119540619,0.005988412154599642,-0.009635104964940976,0.03133399406065925,0.02710022897913288,-0.004233765081526373,0.005746628100774726,0.002294156206201534,-0.0034524718945731924,0.01245960669725069,0.01087843396282774,-0.00158117273442295,12544,12544,0,0,1,0,1,positive,3,True
19,42,17,2,3,"[1, 887, 679, 825, 366, 5146, 363, 29889, 306, 471, 11826, 304, 2367, 472, 3203, 697, 5810, 6467, 306, 723, 505, 2367, 5225, 363, 12949, 13016, 322, 4414, 16286, 22684, 5597, 313, 727, 338, 5642, 467, 306, 626, 451, 263, 15655, 2022, 322, 306, 505, 2360, 750, 590, 17905, 8769, 577, 14387, 3322, 9795, 701, 373, 738, 916, 4799, 29718, 29889]","[1, 887, 679, 825, 366, 5146, 363, 29889, 306, 471, 11826, 304, 2367, 472, 3203, 697, 5810, 6467, 306, 723, 505, 2367, 5225, 363, 12949, 13016, 322, 4414, 16286, 22684, 5597, 313, 727, 338, 5642, 467, 306, 626, 451, 263, 15655, 2022, 322, 306, 505, 2360, 750, 590, 17905, 267, 577, 14387, 3322, 287, 701, 373, 738, 916, 4799, 19264, 29889]",559f6bde41415de8e3717900d81b57f879b5805fcbdd823868d3cda6bfda2668,37ff48d84ba2de3c4d99aecb90039e4750df1f873f5e1067740a196d17467ddb,559f6bde41415de8e3717900d81b57f879b5805fcbdd823868d3cda6bfda2668,37ff48d84ba2de3c4d99aecb90039e4750df1f873f5e1067740a196d17467ddb,559f6bde41415de8e3717900d81b57f879b5805fcbdd823868d3cda6bfda2668,37ff48d84ba2de3c4d99aecb90039e4750df1f873f5e1067740a196d17467ddb,True,True,0.005169512704014778,0.0031410104129463434,-0.0020285022910684347,3,2,"[49, 53, 59]","[49, 53, 59]",True,59,1408,False,True,0.06509016454219818,0.009166090749204159,-0.05592407379299402,0.5090072154998779,0.5015756487846375,-0.0074315667152404785,0.032749050720171494,0.006648581221022389,-0.026100469499149105,0.05884842151267962,0.05216566024517471,-0.0066827612675049095,0.017127170178451036,0.0024315596215034787,-0.014695610556947557,0.026623991170996113,0.024347917127766107,-0.002276074043230006,2432,2432,0,0,2,0,2,positive,3,True
20,42,17,1,0,"[1, 7753, 8512, 18682, 1220, 25138, 9385, 26421, 756, 4520, 2086, 933, 15313, 15313, 515, 20330, 10325, 590, 16286, 515, 5701, 12281, 16038, 16078, 30142, 17882, 15906, 15557, 373, 4779, 29871, 29896, 29871, 29906, 29900, 29896, 6700, 297, 6097, 2569, 12884, 13653, 23468, 526, 2107, 322, 306, 505, 694, 15313, 24039, 29889, 450, 16286, 892, 373, 20410, 278, 16286, 17616, 892, 1248, 1248, 322, 8444, 29889, 18682, 26496, 6941, 9385, 31995, 29915, 6097, 6133, 26504, 770, 338, 30279, 1021, 408, 1556, 3148, 14582, 29915, 21849, 937, 1990, 29889, 278, 22091, 526, 29967, 22091, 1407, 25561, 322, 278, 9687, 297, 445, 770, 471, 884, 263, 2107, 11982, 16416, 343, 468, 29882, 4227, 322, 263, 521, 542, 23167, 286, 3096, 262, 29889, 3831, 9401, 304, 2669, 297, 278, 1021, 5782, 4944, 491, 16078, 3082, 14582, 306, 756, 4972, 11340, 322, 17420, 884, 278, 8666, 18682, 26496, 10189, 9385, 21928, 6097, 1974, 12884, 26504, 770, 338, 2215, 2253, 472, 2669, 322, 14364, 297, 12949, 13016, 29991]","[1, 7753, 8512, 18682, 1220, 29002, 9385, 26421, 756, 4520, 2086, 12727, 15313, 15313, 515, 20330, 10325, 590, 16286, 515, 5701, 12281, 16038, 16078, 30142, 17882, 15906, 15557, 373, 4779, 29871, 29896, 29871, 29906, 29900, 29896, 6700, 297, 6097, 2569, 12884, 13653, 23468, 526, 2107, 322, 306, 505, 694, 15313, 24039, 29889, 450, 16286, 892, 373, 20410, 278, 16286, 17616, 892, 1248, 1248, 322, 8444, 29889, 18682, 26496, 6941, 9385, 31995, 29915, 6097, 6133, 26504, 770, 338, 30279, 1021, 408, 1556, 3148, 14582, 29915, 21849, 937, 1990, 29889, 278, 22091, 526, 29967, 22091, 1407, 25561, 322, 278, 9687, 297, 445, 770, 471, 884, 263, 2107, 11982, 16416, 343, 468, 29882, 4227, 322, 263, 521, 542, 23167, 286, 3096, 262, 29889, 3831, 9401, 304, 2669, 297, 278, 1021, 5782, 4944, 491, 16078, 3082, 14582, 306, 756, 4972, 11340, 322, 17420, 884, 278, 8666, 18682, 26496, 10189, 9385, 21928, 6097, 1974, 12884, 26504, 770, 338, 2215, 2253, 472, 2669, 322, 14364, 297, 12949, 13016, 29991]",83a1df828912cdfe47313ac72cdddc627939080909f4253f95fd76632e3757e4,e7b4b909846e2e50274326bb4774d97bdfcd4e63c3f5a315118580654a9ac8aa,83a1df828912cdfe47313ac72cdddc627939080909f4253f95fd76632e3757e4,e7b4b909846e2e50274326bb4774d97bdfcd4e63c3f5a315118580654a9ac8aa,83a1df828912cdfe47313ac72cdddc627939080909f4253f95fd76632e3757e4,e7b4b909846e2e50274326bb4774d97bdfcd4e63c3f5a315118580654a9ac8aa,True,True,0.033951595425605774,0.03147491440176964,-0.002476681023836136,14,12,"[5, 7, 11, 13]","[5, 11]",True,128,8192,False,True,0.2765890955924988,0.2510473132133484,-0.02554178237915039,0.4543758034706116,0.4518815875053406,-0.002494215965270996,0.023816672903194558,0.008477848059555981,-0.015338824843638577,0.034083767619449645,0.02161549686570652,-0.012468270753743127,0.012605957331929783,0.004593702128584512,-0.00801225520334527,0.01856458636351907,0.012311960169740144,-0.006252626193778926,15616,15616,0,0,0,0,0,neutral,2,True
20,42,17,1,1,"[1, 7753, 8512, 18682, 1220, 29002, 9385, 26421, 756, 4520, 2086, 12727, 15313, 15313, 515, 20330, 10325, 590, 16286, 515, 5701, 12281, 16038, 16078, 30142, 17882, 15906, 15557, 373, 4779, 29871, 29896, 29871, 29906, 29900, 29896, 6700, 297, 6097, 2569, 12884, 13653, 23468, 526, 2107, 322, 306, 505, 694, 15313, 24039, 29889, 450, 16286, 892, 373, 20410, 278, 16286, 17616, 892, 1248, 1248, 322, 8444, 29889, 18682, 26496, 6941, 9385, 31995, 29915, 6097, 6133, 26504, 770, 338, 30279, 1021, 408, 1556, 3148, 14582, 29915, 21849, 937, 1990, 29889, 278, 22091, 526, 29967, 22091, 1407, 25561, 322, 278, 9687, 297, 445, 770, 471, 884, 263, 2107, 11982, 16416, 343, 468, 29882, 4227, 322, 263, 521, 542, 23167, 286, 3096, 262, 29889, 3831, 9401, 304, 2669, 297, 278, 1021, 5782, 4944, 491, 16078, 3082, 14582, 306, 756, 4972, 11340, 322, 17420, 884, 278, 8666, 18682, 26496, 10189, 9385, 21928, 6097, 1974, 12884, 26504, 770, 338, 2215, 2253, 472, 2669, 322, 14364, 297, 12949, 13016, 29991]","[1, 7753, 8512, 18682, 1220, 29002, 9385, 26421, 756, 4520, 2086, 12727, 15313, 15313, 515, 20330, 10325, 590, 16286, 515, 5701, 12281, 16038, 16078, 490, 17882, 29874, 15557, 373, 4779, 29871, 29896, 29871, 29906, 29900, 29896, 6700, 297, 6097, 2569, 12884, 13653, 23468, 526, 2107, 322, 306, 505, 694, 15313, 24039, 29889, 450, 16286, 892, 373, 20410, 278, 16286, 17616, 892, 1248, 1248, 322, 8444, 29889, 18682, 26496, 6941, 9385, 31995, 29915, 6097, 6133, 26504, 770, 338, 30279, 1021, 408, 1556, 3148, 14582, 29915, 21849, 937, 1990, 29889, 278, 22091, 526, 29967, 22091, 1407, 25561, 322, 278, 9687, 297, 445, 770, 471, 884, 263, 2107, 11982, 16416, 343, 468, 29882, 4227, 322, 263, 521, 542, 23167, 286, 3096, 262, 29889, 3831, 9401, 304, 2669, 297, 278, 1021, 5782, 4944, 491, 16078, 3082, 14582, 306, 756, 4972, 11340, 322, 17420, 884, 278, 8666, 18682, 26496, 10189, 9385, 21928, 6097, 1974, 12884, 26504, 770, 338, 2215, 2253, 472, 2669, 322, 14364, 297, 12949, 13016, 29991]",e7b4b909846e2e50274326bb4774d97bdfcd4e63c3f5a315118580654a9ac8aa,e4e8ef6d641b137f81f60a8f5370d51118bfc9a03e22a57f38af29789b5b7193,e7b4b909846e2e50274326bb4774d97bdfcd4e63c3f5a315118580654a9ac8aa,e4e8ef6d641b137f81f60a8f5370d51118bfc9a03e22a57f38af29789b5b7193,e7b4b909846e2e50274326bb4774d97bdfcd4e63c3f5a315118580654a9ac8aa,e4e8ef6d641b137f81f60a8f5370d51118bfc9a03e22a57f38af29789b5b7193,True,True,0.03147491440176964,0.030401067808270454,-0.0010738465934991837,29,3,"[20, 21, 22, 23, 24, 26, 27]","[24, 26]",True,128,8192,False,True,0.32814857363700867,0.30064091086387634,-0.027507662773132324,0.511897623538971,0.508490800857544,-0.003406822681427002,0.019560805507353507,0.01877278035681229,-0.0007880251505412161,0.025747621984919533,0.0260086256894283,0.00026100370450876653,0.010097935285774014,0.0096725165208299,-0.0004254187649441136,0.013940923189419129,0.014121462472729267,0.0001805392833101379,16128,16128,0,0,0,0,0,neutral,2,True
20,42,17,1,3,"[1, 7753, 8512, 18682, 1220, 29002, 9385, 26421, 756, 4520, 2086, 12727, 15313, 15313, 515, 20330, 10325, 590, 16286, 515, 5701, 12281, 16038, 16078, 490, 17882, 29874, 15557, 373, 4779, 29871, 29896, 29871, 29906, 29900, 29896, 6700, 297, 6097, 2569, 12884, 13653, 23468, 526, 2107, 322, 306, 505, 694, 15313, 24039, 29889, 450, 16286, 892, 373, 20410, 278, 16286, 17616, 892, 1248, 1248, 322, 8444, 29889, 18682, 26496, 6941, 9385, 31995, 29915, 6097, 6133, 26504, 770, 338, 30279, 1021, 408, 1556, 3148, 14582, 29915, 21849, 937, 1990, 29889, 278, 22091, 526, 29967, 22091, 1407, 25561, 322, 278, 9687, 297, 445, 770, 471, 884, 263, 2107, 11982, 16416, 343, 468, 29882, 4227, 322, 263, 521, 542, 23167, 286, 3096, 262, 29889, 3831, 9401, 304, 2669, 297, 278, 1021, 5782, 4944, 491, 16078, 3082, 14582, 306, 756, 4972, 11340, 322, 17420, 884, 278, 8666, 18682, 26496, 10189, 9385, 21928, 6097, 1974, 12884, 26504, 770, 338, 2215, 2253, 472, 2669, 322, 14364, 297, 12949, 13016, 29991]","[1, 7753, 8512, 18682, 1220, 29002, 9385, 26421, 756, 4520, 2086, 12727, 15313, 15313, 515, 20330, 10325, 590, 16286, 515, 5701, 12281, 16038, 16078, 490, 17882, 29874, 15557, 373, 4779, 29871, 29896, 29871, 29906, 29900, 29896, 6700, 297, 6097, 2569, 12884, 13653, 23468, 526, 2107, 322, 306, 505, 694, 15313, 10566, 29889, 450, 16286, 892, 373, 20410, 278, 16286, 17616, 892, 1248, 15311, 322, 8444, 29889, 18682, 26496, 6941, 9385, 31995, 29915, 6097, 6133, 26504, 770, 338, 30279, 1021, 408, 1556, 3148, 14582, 29915, 21849, 937, 1990, 29889, 278, 22091, 526, 29967, 22091, 1407, 25561, 322, 278, 9687, 297, 445, 770, 471, 884, 263, 2107, 11982, 16416, 343, 468, 29882, 4227, 322, 263, 521, 542, 23167, 286, 3096, 262, 29889, 3831, 9401, 304, 2669, 297, 278, 1021, 5782, 4944, 491, 16078, 3082, 14582, 306, 756, 4972, 11340, 322, 17420, 884, 278, 8666, 18682, 26496, 10189, 9385, 21928, 6097, 1974, 12884, 26504, 770, 338, 2215, 2253, 472, 2669, 322, 14364, 297, 12949, 13016, 29991]",e4e8ef6d641b137f81f60a8f5370d51118bfc9a03e22a57f38af29789b5b7193,9da2d6de97233d04556621311042759521e159e8fb2abdb292895e5550c6a102,e4e8ef6d641b137f81f60a8f5370d51118bfc9a03e22a57f38af29789b5b7193,9da2d6de97233d04556621311042759521e159e8fb2abdb292895e5550c6a102,e4e8ef6d641b137f81f60a8f5370d51118bfc9a03e22a57f38af29789b5b7193,9da2d6de97233d04556621311042759521e159e8fb2abdb292895e5550c6a102,True,True,0.030401067808270454,0.02934655360877514,-0.0010545141994953156,14,5,"[49, 50, 62]","[50, 62]",True,128,8192,False,True,0.32391828298568726,0.3009374439716339,-0.022980839014053345,0.5086802244186401,0.5085455179214478,-0.0001347064971923828,0.0076479925264720805,0.013408151957264636,0.005760159430792555,0.010880206449655816,0.017797913940739818,0.006917707491084002,0.003576474099676928,0.0067767343154690905,0.0032002602157921627,0.005973287540937549,0.009373152969758314,0.0033998654288207655,14848,14848,0,0,0,0,0,neutral,2,True
20,42,17,1,4,"[1, 7753, 8512, 18682, 1220, 29002, 9385, 26421, 756, 4520, 2086, 12727, 15313, 15313, 515, 20330, 10325, 590, 16286, 515, 5701, 12281, 16038, 16078, 490, 17882, 29874, 15557, 373, 4779, 29871, 29896, 29871, 29906, 29900, 29896, 6700, 297, 6097, 2569, 12884, 13653, 23468, 526, 2107, 322, 306, 505, 694, 15313, 10566, 29889, 450, 16286, 892, 373, 20410, 278, 16286, 17616, 892, 1248, 15311, 322, 8444, 29889, 18682, 26496, 6941, 9385, 31995, 29915, 6097, 6133, 26504, 770, 338, 30279, 1021, 408, 1556, 3148, 14582, 29915, 21849, 937, 1990, 29889, 278, 22091, 526, 29967, 22091, 1407, 25561, 322, 278, 9687, 297, 445, 770, 471, 884, 263, 2107, 11982, 16416, 343, 468, 29882, 4227, 322, 263, 521, 542, 23167, 286, 3096, 262, 29889, 3831, 9401, 304, 2669, 297, 278, 1021, 5782, 4944, 491, 16078, 3082, 14582, 306, 756, 4972, 11340, 322, 17420, 884, 278, 8666, 18682, 26496, 10189, 9385, 21928, 6097, 1974, 12884, 26504, 770, 338, 2215, 2253, 472, 2669, 322, 14364, 297, 12949, 13016, 29991]","[1, 7753, 8512, 18682, 1220, 29002, 9385, 26421, 756, 4520, 2086, 12727, 15313, 15313, 515, 20330, 10325, 590, 16286, 515, 5701, 12281, 16038, 16078, 490, 17882, 29874, 15557, 373, 4779, 29871, 29896, 29871, 29906, 29900, 29896, 6700, 297, 6097, 2569, 12884, 13653, 23468, 526, 2107, 322, 306, 505, 694, 15313, 10566, 29889, 450, 16286, 892, 373, 20410, 278, 16286, 17616, 892, 1248, 15311, 322, 8444, 29889, 18682, 26496, 294, 9385, 28739, 29915, 5188, 11558, 26504, 770, 338, 278, 1021, 408, 1556, 3148, 14582, 29915, 21849, 937, 1990, 29889, 278, 22091, 526, 29967, 22091, 1407, 25561, 322, 278, 9687, 297, 445, 770, 471, 884, 263, 2107, 11982, 16416, 343, 468, 29882, 4227, 322, 263, 521, 542, 23167, 286, 3096, 262, 29889, 3831, 9401, 304, 2669, 297, 278, 1021, 5782, 4944, 491, 16078, 3082, 14582, 306, 756, 4972, 11340, 322, 17420, 884, 278, 8666, 18682, 26496, 10189, 9385, 21928, 6097, 1974, 12884, 26504, 770, 338, 2215, 2253, 472, 2669, 322, 14364, 297, 12949, 13016, 29991]",9da2d6de97233d04556621311042759521e159e8fb2abdb292895e5550c6a102,e230dd4c5ab2b6bcdf11f5e702f796e4a5f861731f1e3b72f1dac27b7ff5a1b9,9da2d6de97233d04556621311042759521e159e8fb2abdb292895e5550c6a102,e230dd4c5ab2b6bcdf11f5e702f796e4a5f861731f1e3b72f1dac27b7ff5a1b9,9da2d6de97233d04556621311042759521e159e8fb2abdb292895e5550c6a102,e230dd4c5ab2b6bcdf11f5e702f796e4a5f861731f1e3b72f1dac27b7ff5a1b9,True,True,0.02934655360877514,0.0240488164126873,-0.005297737196087837,14,13,"[68, 70, 72, 73, 74, 77]","[68, 70, 72, 73, 77]",True,128,8192,False,True,0.3305041193962097,0.18173032999038696,-0.14877378940582275,0.5098345279693604,0.5010668039321899,-0.00876772403717041,0.04669914820260601,0.015583633496135008,-0.031115514706471004,0.057432168192462996,0.033604967800783925,-0.02382720039167907,0.010662173726595938,0.003705033936227361,-0.006957139790368577,0.013004234839851657,0.007729566766259571,-0.005274668073592086,38400,38400,0,0,3,0,3,positive,5,True
20,42,17,1,5,"[1, 7753, 8512, 18682, 1220, 29002, 9385, 26421, 756, 4520, 2086, 12727, 15313, 15313, 515, 20330, 10325, 590, 16286, 515, 5701, 12281, 16038, 16078, 490, 17882, 29874, 15557, 373, 4779, 29871, 29896, 29871, 29906, 29900, 29896, 6700, 297, 6097, 2569, 12884, 13653, 23468, 526, 2107, 322, 306, 505, 694, 15313, 10566, 29889, 450, 16286, 892, 373, 20410, 278, 16286, 17616, 892, 1248, 15311, 322, 8444, 29889, 18682, 26496, 294, 9385, 28739, 29915, 5188, 11558, 26504, 770, 338, 278, 1021, 408, 1556, 3148, 14582, 29915, 21849, 937, 1990, 29889, 278, 22091, 526, 29967, 22091, 1407, 25561, 322, 278, 9687, 297, 445, 770, 471, 884, 263, 2107, 11982, 16416, 343, 468, 29882, 4227, 322, 263, 521, 542, 23167, 286, 3096, 262, 29889, 3831, 9401, 304, 2669, 297, 278, 1021, 5782, 4944, 491, 16078, 3082, 14582, 306, 756, 4972, 11340, 322, 17420, 884, 278, 8666, 18682, 26496, 10189, 9385, 21928, 6097, 1974, 12884, 26504, 770, 338, 2215, 2253, 472, 2669, 322, 14364, 297, 12949, 13016, 29991]","[1, 7753, 8512, 18682, 1220, 29002, 9385, 26421, 756, 4520, 2086, 12727, 15313, 15313, 515, 20330, 10325, 590, 16286, 515, 5701, 12281, 16038, 16078, 490, 17882, 29874, 15557, 373, 4779, 29871, 29896, 29871, 29906, 29900, 29896, 6700, 297, 6097, 2569, 12884, 13653, 23468, 526, 2107, 322, 306, 505, 694, 15313, 10566, 29889, 450, 16286, 892, 373, 20410, 278, 16286, 17616, 892, 1248, 15311, 322, 8444, 29889, 18682, 26496, 294, 9385, 28739, 29915, 5188, 11558, 26504, 770, 338, 278, 1021, 408, 1556, 3148, 14582, 29915, 21849, 937, 770, 29889, 450, 22091, 526, 29967, 22091, 1407, 25561, 322, 278, 9687, 297, 445, 770, 471, 884, 263, 2107, 11982, 16416, 343, 468, 29882, 4227, 322, 263, 521, 542, 23167, 286, 3096, 262, 29889, 3831, 9401, 304, 2669, 297, 278, 1021, 5782, 4944, 491, 16078, 3082, 14582, 306, 756, 4972, 11340, 322, 17420, 884, 278, 8666, 18682, 26496, 10189, 9385, 21928, 6097, 1974, 12884, 26504, 770, 338, 2215, 2253, 472, 2669, 322, 14364, 297, 12949, 13016, 29991]",e230dd4c5ab2b6bcdf11f5e702f796e4a5f861731f1e3b72f1dac27b7ff5a1b9,bd2ed2f149826c1f768f0a501ce5a1c7aa02f0e89d332fe16e6ba1a280c0f15e,e230dd4c5ab2b6bcdf11f5e702f796e4a5f861731f1e3b72f1dac27b7ff5a1b9,bd2ed2f149826c1f768f0a501ce5a1c7aa02f0e89d332fe16e6ba1a280c0f15e,e230dd4c5ab2b6bcdf11f5e702f796e4a5f861731f1e3b72f1dac27b7ff5a1b9,bd2ed2f149826c1f768f0a501ce5a1c7aa02f0e89d332fe16e6ba1a280c0f15e,True,True,0.0240488164126873,0.02372896485030651,-0.0003198515623807907,5,3,"[86, 88]","[86, 88]",True,128,8192,False,True,0.2361931949853897,0.232404425740242,-0.003788769245147705,0.5228559970855713,0.522201418876648,-0.0006545782089233398,0.00453019050473813,0.0030636015071650036,-0.001466588997573126,0.011940914359001908,0.011049730674130842,-0.0008911836848710664,0.0022941380591383056,0.0015732429455965757,-0.0007208951135417299,0.0061423090020460746,0.005686821493630608,-0.0004554875084154669,16128,16128,0,0,2,0,2,positive,2,True
20,42,17,1,8,"[1, 7753, 8512, 18682, 1220, 29002, 9385, 26421, 756, 4520, 2086, 12727, 15313, 15313, 515, 20330, 10325, 590, 16286, 515, 5701, 12281, 16038, 16078, 490, 17882, 29874, 15557, 373, 4779, 29871, 29896, 29871, 29906, 29900, 29896, 6700, 297, 6097, 2569, 12884, 13653, 23468, 526, 2107, 322, 306, 505, 694, 15313, 10566, 29889, 450, 16286, 892, 373, 20410, 278, 16286, 17616, 892, 1248, 15311, 322, 8444, 29889, 18682, 26496, 294, 9385, 28739, 29915, 5188, 11558, 26504, 770, 338, 278, 1021, 408, 1556, 3148, 14582, 29915, 21849, 937, 770, 29889, 450, 22091, 526, 29967, 22091, 1407, 25561, 322, 278, 9687, 297, 445, 770, 471, 884, 263, 2107, 11982, 16416, 343, 468, 29882, 4227, 322, 263, 521, 542, 23167, 286, 3096, 262, 29889, 3831, 9401, 304, 2669, 297, 278, 1021, 5782, 4944, 491, 16078, 3082, 14582, 306, 756, 4972, 11340, 322, 17420, 884, 278, 8666, 18682, 26496, 10189, 9385, 21928, 6097, 1974, 12884, 26504, 770, 338, 2215, 2253, 472, 2669, 322, 14364, 297, 12949, 13016, 29991]","[1, 7753, 8512, 18682, 1220, 29002, 9385, 26421, 756, 4520, 2086, 12727, 15313, 15313, 515, 20330, 10325, 590, 16286, 515, 5701, 12281, 16038, 16078, 490, 17882, 29874, 15557, 373, 4779, 29871, 29896, 29871, 29906, 29900, 29896, 6700, 297, 6097, 2569, 12884, 13653, 23468, 526, 2107, 322, 306, 505, 694, 15313, 10566, 29889, 450, 16286, 892, 373, 20410, 278, 16286, 17616, 892, 1248, 15311, 322, 8444, 29889, 18682, 26496, 294, 9385, 28739, 29915, 5188, 11558, 26504, 770, 338, 278, 1021, 408, 1556, 3148, 14582, 29915, 21849, 937, 770, 29889, 450, 22091, 526, 29967, 22091, 1407, 25561, 322, 278, 9687, 297, 445, 770, 471, 884, 263, 2107, 11982, 16416, 343, 468, 29882, 4227, 322, 263, 521, 542, 23167, 286, 3096, 262, 29889, 3831, 9401, 304, 2669, 297, 278, 1021, 5782, 4944, 491, 16078, 3082, 14582, 306, 505, 4972, 11340, 322, 17420, 884, 278, 8666, 18682, 324, 10189, 9385, 21928, 6097, 1974, 12884, 26504, 770, 338, 2215, 2253, 472, 2669, 322, 14364, 297, 12949, 13016, 29991]",bd2ed2f149826c1f768f0a501ce5a1c7aa02f0e89d332fe16e6ba1a280c0f15e,2e9b68cf6cc746ad62a50d2044c4bf7d84a73c25afa384a5bede744763514e51,bd2ed2f149826c1f768f0a501ce5a1c7aa02f0e89d332fe16e6ba1a280c0f15e,2e9b68cf6cc746ad62a50d2044c4bf7d84a73c25afa384a5bede744763514e51,bd2ed2f149826c1f768f0a501ce5a1c7aa02f0e89d332fe16e6ba1a280c0f15e,2e9b68cf6cc746ad62a50d2044c4bf7d84a73c25afa384a5bede744763514e51,True,True,0.02372896485030651,0.02339017204940319,-0.0003387928009033203,6,1,"[134, 143]","[134, 143]",True,128,3584,False,True,0.22810108959674835,0.21077118813991547,-0.017329901456832886,0.5185859799385071,0.5188747048377991,0.0002887248992919922,0.0066539110183449724,0.004842810515713479,-0.0018111005026314932,0.013665490218305163,0.011598948921476091,-0.0020665412968290716,0.003544979758481396,0.0021700637434866835,-0.0013749160149947124,0.00757604509473164,0.006160105013863203,-0.001415940080868437,6016,6016,0,0,1,1,0,neutral,2,True
20,42,17,2,0,"[1, 7753, 8512, 18682, 1220, 29002, 9385, 26421, 756, 4520, 2086, 12727, 15313, 15313, 515, 20330, 10325, 590, 16286, 515, 5701, 12281, 16038, 16078, 490, 17882, 29874, 15557, 373, 4779, 29871, 29896, 29871, 29906, 29900, 29896, 6700, 297, 6097, 2569, 12884, 13653, 23468, 526, 2107, 322, 306, 505, 694, 15313, 10566, 29889, 450, 16286, 892, 373, 20410, 278, 16286, 17616, 892, 1248, 15311, 322, 8444, 29889, 18682, 26496, 294, 9385, 28739, 29915, 5188, 11558, 26504, 770, 338, 278, 1021, 408, 1556, 3148, 14582, 29915, 21849, 937, 770, 29889, 450, 22091, 526, 29967, 22091, 1407, 25561, 322, 278, 9687, 297, 445, 770, 471, 884, 263, 2107, 11982, 16416, 343, 468, 29882, 4227, 322, 263, 521, 542, 23167, 286, 3096, 262, 29889, 3831, 9401, 304, 2669, 297, 278, 1021, 5782, 4944, 491, 16078, 3082, 14582, 306, 505, 4972, 11340, 322, 17420, 884, 278, 8666, 18682, 324, 10189, 9385, 21928, 6097, 1974, 12884, 26504, 770, 338, 2215, 2253, 472, 2669, 322, 14364, 297, 12949, 13016, 29991]","[1, 7753, 8512, 18682, 1220, 359, 9385, 26421, 756, 4520, 2086, 1784, 15313, 15313, 515, 20330, 10325, 590, 16286, 515, 5701, 12281, 16038, 16078, 490, 17882, 29874, 15557, 373, 4779, 29871, 29896, 29871, 29906, 29900, 29896, 6700, 297, 6097, 2569, 12884, 13653, 23468, 526, 2107, 322, 306, 505, 694, 15313, 10566, 29889, 450, 16286, 892, 373, 20410, 278, 16286, 17616, 892, 1248, 15311, 322, 8444, 29889, 18682, 26496, 294, 9385, 28739, 29915, 5188, 11558, 26504, 770, 338, 278, 1021, 408, 1556, 3148, 14582, 29915, 21849, 937, 770, 29889, 450, 22091, 526, 29967, 22091, 1407, 25561, 322, 278, 9687, 297, 445, 770, 471, 884, 263, 2107, 11982, 16416, 343, 468, 29882, 4227, 322, 263, 521, 542, 23167, 286, 3096, 262, 29889, 3831, 9401, 304, 2669, 297, 278, 1021, 5782, 4944, 491, 16078, 3082, 14582, 306, 505, 4972, 11340, 322, 17420, 884, 278, 8666, 18682, 324, 10189, 9385, 21928, 6097, 1974, 12884, 26504, 770, 338, 2215, 2253, 472, 2669, 322, 14364, 297, 12949, 13016, 29991]",2e9b68cf6cc746ad62a50d2044c4bf7d84a73c25afa384a5bede744763514e51,88a790990aae6e034ec96a123dfbea25c5f33d50d75ebc5cdbd7627fd37ee497,2e9b68cf6cc746ad62a50d2044c4bf7d84a73c25afa384a5bede744763514e51,88a790990aae6e034ec96a123dfbea25c5f33d50d75ebc5cdbd7627fd37ee497,2e9b68cf6cc746ad62a50d2044c4bf7d84a73c25afa384a5bede744763514e51,88a790990aae6e034ec96a123dfbea25c5f33d50d75ebc5cdbd7627fd37ee497,True,True,0.02339017204940319,0.02301752008497715,-0.00037265196442604065,11,1,"[5, 7, 11, 13]","[5, 11]",True,128,8192,False,True,0.24184605479240417,0.2341746687889099,-0.007671386003494263,0.4464099109172821,0.44417014718055725,-0.0022397637367248535,0.008336462313309312,0.006114703537605237,-0.0022217587757040747,0.019950572241214104,0.01839749259670498,-0.0015530796445091255,0.004520078304177913,0.0033155129115539986,-0.0012045653926239146,0.011542701456298838,0.010558456480197731,-0.0009842449761011066,15616,15616,0,0,1,0,1,positive,2,True
20,42,17,2,3,"[1, 7753, 8512, 18682, 1220, 359, 9385, 26421, 756, 4520, 2086, 1784, 15313, 15313, 515, 20330, 10325, 590, 16286, 515, 5701, 12281, 16038, 16078, 490, 17882, 29874, 15557, 373, 4779, 29871, 29896, 29871, 29906, 29900, 29896, 6700, 297, 6097, 2569, 12884, 13653, 23468, 526, 2107, 322, 306, 505, 694, 15313, 10566, 29889, 450, 16286, 892, 373, 20410, 278, 16286, 17616, 892, 1248, 15311, 322, 8444, 29889, 18682, 26496, 294, 9385, 28739, 29915, 5188, 11558, 26504, 770, 338, 278, 1021, 408, 1556, 3148, 14582, 29915, 21849, 937, 770, 29889, 450, 22091, 526, 29967, 22091, 1407, 25561, 322, 278, 9687, 297, 445, 770, 471, 884, 263, 2107, 11982, 16416, 343, 468, 29882, 4227, 322, 263, 521, 542, 23167, 286, 3096, 262, 29889, 3831, 9401, 304, 2669, 297, 278, 1021, 5782, 4944, 491, 16078, 3082, 14582, 306, 505, 4972, 11340, 322, 17420, 884, 278, 8666, 18682, 324, 10189, 9385, 21928, 6097, 1974, 12884, 26504, 770, 338, 2215, 2253, 472, 2669, 322, 14364, 297, 12949, 13016, 29991]","[1, 7753, 8512, 18682, 1220, 359, 9385, 26421, 756, 4520, 2086, 1784, 15313, 15313, 515, 20330, 10325, 590, 16286, 515, 5701, 12281, 16038, 16078, 490, 17882, 29874, 15557, 373, 4779, 29871, 29896, 29871, 29906, 29900, 29896, 6700, 297, 6097, 2569, 12884, 13653, 23468, 526, 2107, 322, 306, 505, 694, 15313, 21838, 29889, 450, 16286, 892, 373, 20410, 278, 16286, 17616, 892, 1248, 7575, 322, 8444, 29889, 18682, 26496, 294, 9385, 28739, 29915, 5188, 11558, 26504, 770, 338, 278, 1021, 408, 1556, 3148, 14582, 29915, 21849, 937, 770, 29889, 450, 22091, 526, 29967, 22091, 1407, 25561, 322, 278, 9687, 297, 445, 770, 471, 884, 263, 2107, 11982, 16416, 343, 468, 29882, 4227, 322, 263, 521, 542, 23167, 286, 3096, 262, 29889, 3831, 9401, 304, 2669, 297, 278, 1021, 5782, 4944, 491, 16078, 3082, 14582, 306, 505, 4972, 11340, 322, 17420, 884, 278, 8666, 18682, 324, 10189, 9385, 21928, 6097, 1974, 12884, 26504, 770, 338, 2215, 2253, 472, 2669, 322, 14364, 297, 12949, 13016, 29991]",88a790990aae6e034ec96a123dfbea25c5f33d50d75ebc5cdbd7627fd37ee497,eb5a627602f4b6be83d091a30a0cbf302987687e16732762810b1c68db4d6b0f,88a790990aae6e034ec96a123dfbea25c5f33d50d75ebc5cdbd7627fd37ee497,eb5a627602f4b6be83d091a30a0cbf302987687e16732762810b1c68db4d6b0f,88a790990aae6e034ec96a123dfbea25c5f33d50d75ebc5cdbd7627fd37ee497,eb5a627602f4b6be83d091a30a0cbf302987687e16732762810b1c68db4d6b0f,True,True,0.02301752008497715,0.02217051573097706,-0.0008470043540000916,10,6,"[49, 50, 62]","[50, 62]",True,128,8192,False,True,0.2194441258907318,0.15784186124801636,-0.061602264642715454,0.4887278378009796,0.49064821004867554,0.0019203722476959229,0.011221957203815691,0.004100544887478463,-0.007121412316337228,0.01625027046247851,0.011577781915548258,-0.0046724885469302535,0.005547336832588089,0.0017670145145906456,-0.003780322317997443,0.008371767058069336,0.005737769056175803,-0.0026339980018935333,14848,14848,0,0,0,0,0,neutral,2,True
21,42,17,1,2,"[1, 306, 750, 304, 11340, 1833, 11015, 515, 317, 5800, 313, 22509, 8970, 29897, 304, 365, 7413, 313, 29931, 7413, 17236, 28514, 29897, 697, 982, 322, 20799, 12520, 278, 19604, 8666, 714, 310, 738, 4799, 13433, 297, 297, 28768, 6211, 4038, 278, 2578, 16342, 304, 313, 438, 24132, 29897, 24132, 27689, 18117, 471, 263, 2217, 4340, 1135, 306, 12891, 9850, 304, 679, 304, 385, 4799, 18117, 541, 278, 5376, 471, 2086, 1781, 304, 1209, 701, 29889, 450, 16286, 471, 451, 2989, 5998, 306, 7120, 297, 278, 2462, 1434, 306, 471, 2183, 590, 12949, 14955, 304, 263, 3474, 12949, 2978, 278, 4565, 29889, 278, 28830, 17616, 471, 19780, 322, 1754, 278, 8859, 7250, 16286, 6775, 411, 27448, 29889, 2379, 16286, 14385, 471, 3721, 408, 18811, 3368, 322, 2869, 2982, 25325, 263, 2846, 6233, 4688, 322, 372, 471, 263, 21246, 16286, 297, 263, 14982, 716, 4799, 22116, 29889, 450, 697, 2655, 306, 1258, 451, 763, 892, 278, 22091, 2215, 2086, 3802, 4208, 322, 1568, 2086, 16835, 29889]","[1, 306, 750, 304, 11340, 1833, 11015, 515, 317, 5800, 313, 22509, 8970, 29897, 304, 365, 7413, 313, 29931, 7413, 17236, 28514, 29897, 697, 982, 322, 20799, 12520, 278, 19604, 8666, 714, 310, 738, 4799, 29718, 297, 278, 28768, 6211, 4038, 278, 2578, 17487, 304, 313, 438, 24132, 29897, 24132, 27689, 18117, 471, 263, 2217, 4340, 1135, 306, 12891, 9850, 304, 679, 304, 385, 4799, 18117, 541, 278, 5376, 471, 2086, 1781, 304, 1209, 701, 29889, 450, 16286, 471, 451, 2989, 5998, 306, 7120, 297, 278, 2462, 1434, 306, 471, 2183, 590, 12949, 14955, 304, 263, 3474, 12949, 2978, 278, 4565, 29889, 278, 28830, 17616, 471, 19780, 322, 1754, 278, 8859, 7250, 16286, 6775, 411, 27448, 29889, 2379, 16286, 14385, 471, 3721, 408, 18811, 3368, 322, 2869, 2982, 25325, 263, 2846, 6233, 4688, 322, 372, 471, 263, 21246, 16286, 297, 263, 14982, 716, 4799, 22116, 29889, 450, 697, 2655, 306, 1258, 451, 763, 892, 278, 22091, 2215, 2086, 3802, 4208, 322, 1568, 2086, 16835, 29889]",e2899bc0d420549355dd63be5182cb291050cf79fa13abf6e86d5042af011728,0e9cfe8407b357f709e23fc791c1d69a3afaa39ee3e9e7776519aab4faa0a8d8,e2899bc0d420549355dd63be5182cb291050cf79fa13abf6e86d5042af011728,0e9cfe8407b357f709e23fc791c1d69a3afaa39ee3e9e7776519aab4faa0a8d8,e2899bc0d420549355dd63be5182cb291050cf79fa13abf6e86d5042af011728,0e9cfe8407b357f709e23fc791c1d69a3afaa39ee3e9e7776519aab4faa0a8d8,True,True,0.009967680089175701,0.008564713411033154,-0.0014029666781425476,9,4,"[32, 35, 37, 39, 43]","[35, 37, 43]",True,128,8192,False,True,0.12044341117143631,0.08536688983440399,-0.03507652133703232,0.4411969780921936,0.43802133202552795,-0.0031756460666656494,0.012352400175586808,0.00853076657949714,-0.0038216335960896686,0.025447711857850663,0.02415204762655776,-0.0012956642312929034,0.004454990181109899,0.0030696916951705793,-0.0013852984859393193,0.009827237627417832,0.009388439040016997,-0.00043879858740083523,23296,23296,0,0,1,0,1,positive,3,True
21,42,17,1,3,"[1, 306, 750, 304, 11340, 1833, 11015, 515, 317, 5800, 313, 22509, 8970, 29897, 304, 365, 7413, 313, 29931, 7413, 17236, 28514, 29897, 697, 982, 322, 20799, 12520, 278, 19604, 8666, 714, 310, 738, 4799, 29718, 297, 278, 28768, 6211, 4038, 278, 2578, 17487, 304, 313, 438, 24132, 29897, 24132, 27689, 18117, 471, 263, 2217, 4340, 1135, 306, 12891, 9850, 304, 679, 304, 385, 4799, 18117, 541, 278, 5376, 471, 2086, 1781, 304, 1209, 701, 29889, 450, 16286, 471, 451, 2989, 5998, 306, 7120, 297, 278, 2462, 1434, 306, 471, 2183, 590, 12949, 14955, 304, 263, 3474, 12949, 2978, 278, 4565, 29889, 278, 28830, 17616, 471, 19780, 322, 1754, 278, 8859, 7250, 16286, 6775, 411, 27448, 29889, 2379, 16286, 14385, 471, 3721, 408, 18811, 3368, 322, 2869, 2982, 25325, 263, 2846, 6233, 4688, 322, 372, 471, 263, 21246, 16286, 297, 263, 14982, 716, 4799, 22116, 29889, 450, 697, 2655, 306, 1258, 451, 763, 892, 278, 22091, 2215, 2086, 3802, 4208, 322, 1568, 2086, 16835, 29889]","[1, 306, 750, 304, 11340, 1833, 11015, 515, 317, 5800, 313, 22509, 8970, 29897, 304, 365, 7413, 313, 29931, 7413, 17236, 28514, 29897, 697, 982, 322, 20799, 12520, 278, 19604, 8666, 714, 310, 738, 4799, 29718, 297, 278, 28768, 6211, 4038, 278, 2578, 17487, 304, 313, 438, 24132, 29897, 24132, 8970, 18117, 471, 263, 2217, 4340, 1135, 306, 12891, 9850, 304, 679, 304, 385, 4799, 18117, 541, 278, 5376, 471, 2086, 1781, 304, 1209, 701, 29889, 450, 16286, 471, 451, 2989, 5998, 306, 7120, 297, 278, 2462, 1434, 306, 471, 2183, 590, 12949, 14955, 304, 263, 3474, 12949, 2978, 278, 4565, 29889, 278, 28830, 17616, 471, 19780, 322, 1754, 278, 8859, 7250, 16286, 6775, 411, 27448, 29889, 2379, 16286, 14385, 471, 3721, 408, 18811, 3368, 322, 2869, 2982, 25325, 263, 2846, 6233, 4688, 322, 372, 471, 263, 21246, 16286, 297, 263, 14982, 716, 4799, 22116, 29889, 450, 697, 2655, 306, 1258, 451, 763, 892, 278, 22091, 2215, 2086, 3802, 4208, 322, 1568, 2086, 16835, 29889]",0e9cfe8407b357f709e23fc791c1d69a3afaa39ee3e9e7776519aab4faa0a8d8,1ad168ac1ed93a5fe3406fcde84fd69571646b458ed1c7dda6d75878d4a5d875,0e9cfe8407b357f709e23fc791c1d69a3afaa39ee3e9e7776519aab4faa0a8d8,1ad168ac1ed93a5fe3406fcde84fd69571646b458ed1c7dda6d75878d4a5d875,0e9cfe8407b357f709e23fc791c1d69a3afaa39ee3e9e7776519aab4faa0a8d8,1ad168ac1ed93a5fe3406fcde84fd69571646b458ed1c7dda6d75878d4a5d875,True,True,0.008564713411033154,0.008394847624003887,-0.00016986578702926636,2,1,"[50, 60]",[50],True,128,8192,False,True,0.07143709808588028,0.06129381060600281,-0.010143287479877472,0.40738150477409363,0.40348219871520996,-0.003899306058883667,0.003785250082728453,0.0028752728685503826,-0.0009099772141780704,0.008620959182735533,0.007765821894281544,-0.0008551372884539887,0.003785250082728453,0.0028752728685503826,-0.0009099772141780704,0.008620959182735533,0.007765821894281544,-0.0008551372884539887,8192,8192,0,0,0,0,0,neutral,1,True
21,42,17,1,5,"[1, 306, 750, 304, 11340, 1833, 11015, 515, 317, 5800, 313, 22509, 8970, 29897, 304, 365, 7413, 313, 29931, 7413, 17236, 28514, 29897, 697, 982, 322, 20799, 12520, 278, 19604, 8666, 714, 310, 738, 4799, 29718, 297, 278, 28768, 6211, 4038, 278, 2578, 17487, 304, 313, 438, 24132, 29897, 24132, 8970, 18117, 471, 263, 2217, 4340, 1135, 306, 12891, 9850, 304, 679, 304, 385, 4799, 18117, 541, 278, 5376, 471, 2086, 1781, 304, 1209, 701, 29889, 450, 16286, 471, 451, 2989, 5998, 306, 7120, 297, 278, 2462, 1434, 306, 471, 2183, 590, 12949, 14955, 304, 263, 3474, 12949, 2978, 278, 4565, 29889, 278, 28830, 17616, 471, 19780, 322, 1754, 278, 8859, 7250, 16286, 6775, 411, 27448, 29889, 2379, 16286, 14385, 471, 3721, 408, 18811, 3368, 322, 2869, 2982, 25325, 263, 2846, 6233, 4688, 322, 372, 471, 263, 21246, 16286, 297, 263, 14982, 716, 4799, 22116, 29889, 450, 697, 2655, 306, 1258, 451, 763, 892, 278, 22091, 2215, 2086, 3802, 4208, 322, 1568, 2086, 16835, 29889]","[1, 306, 750, 304, 11340, 1833, 11015, 515, 317, 5800, 313, 22509, 8970, 29897, 304, 365, 7413, 313, 29931, 7413, 17236, 28514, 29897, 697, 982, 322, 20799, 12520, 278, 19604, 8666, 714, 310, 738, 4799, 29718, 297, 278, 28768, 6211, 4038, 278, 2578, 17487, 304, 313, 438, 24132, 29897, 24132, 8970, 18117, 471, 263, 2217, 4340, 1135, 306, 12891, 9850, 304, 679, 304, 385, 4799, 18117, 541, 278, 5376, 471, 2086, 1781, 304, 1209, 701, 29889, 450, 16286, 471, 451, 2989, 5998, 306, 7120, 297, 278, 2462, 1434, 306, 471, 2183, 263, 12949, 14955, 304, 263, 3474, 12949, 2978, 278, 4565, 29889, 278, 28830, 17616, 471, 19780, 322, 1754, 278, 8859, 7250, 16286, 6775, 411, 27448, 29889, 2379, 16286, 14385, 471, 3721, 408, 18811, 3368, 322, 2869, 2982, 25325, 263, 2846, 6233, 4688, 322, 372, 471, 263, 21246, 16286, 297, 263, 14982, 716, 4799, 22116, 29889, 450, 697, 2655, 306, 1258, 451, 763, 892, 278, 22091, 2215, 2086, 3802, 4208, 322, 1568, 2086, 16835, 29889]",1ad168ac1ed93a5fe3406fcde84fd69571646b458ed1c7dda6d75878d4a5d875,198d45438bdc6c45f12cdbaa7d8f2928576424a0cf8bf774d082afaafcc28b59,1ad168ac1ed93a5fe3406fcde84fd69571646b458ed1c7dda6d75878d4a5d875,198d45438bdc6c45f12cdbaa7d8f2928576424a0cf8bf774d082afaafcc28b59,1ad168ac1ed93a5fe3406fcde84fd69571646b458ed1c7dda6d75878d4a5d875,198d45438bdc6c45f12cdbaa7d8f2928576424a0cf8bf774d082afaafcc28b59,True,True,0.008394847624003887,0.007809580769389868,-0.0005852668546140194,2,1,"[83, 91]",[91],True,128,8192,False,True,0.06821823120117188,0.06431512534618378,-0.003903105854988098,0.4907911419868469,0.4907836318016052,-7.510185241699219e-06,0.001177872036350891,0.00028524577646749094,-0.0008926262598834,0.0044582160844583996,0.004302043802454136,-0.00015617228200426325,0.001177872036350891,0.00028524577646749094,-0.0008926262598834,0.0044582160844583996,0.004302043802454136,-0.00015617228200426325,8192,8192,0,0,1,0,1,positive,1,True
22,42,17,1,2,"[1, 1334, 756, 1472, 1063, 16120, 366, 29892, 1497, 13981, 29892, 2675, 964, 670, 5716, 322, 27697, 951, 3845, 29915, 29879, 1361, 748, 408, 565, 304, 1510, 393, 1244, 599, 9703, 471, 975, 29889, 376, 306, 526, 1407, 29892, 1407, 10932, 304, 1074, 366, 1699, 540, 3512, 373, 29889, 376, 5674, 29892, 1128, 526, 366, 29973, 29923, 29882, 29973, 1932, 1258, 366, 2996, 3026, 951, 17960, 471, 17436, 29892, 3063, 472, 278, 9815, 17240, 310, 438, 2204, 9176, 3459, 29915, 29879, 1023, 8119, 414, 29892, 322, 7148, 472, 278, 1361, 310, 278, 19232, 12051, 29892, 607, 750, 1316, 1472, 4796, 23915, 29892, 1316, 1472, 13328, 977, 27386, 29899, 845, 11155, 29876, 737, 29892, 322, 1316, 12176, 1383, 11785, 1921, 15681, 373, 278, 528, 2728, 29899, 29907, 3096, 29892, 393, 13229, 896, 17977, 25600, 599, 670, 8570, 29892, 322, 6068, 1075, 694, 16082, 310, 13133, 22857, 438, 10788, 19919, 22372, 10548, 445, 472, 7389, 29892, 322, 25156, 29889, 306, 505, 278, 10657, 310, 1073, 596, 8099, 29892, 19068, 19881, 16560, 586, 2335, 29892, 1497, 12051, 29892, 13587, 714, 670, 2243, 16835, 1361, 411, 967, 1472, 405, 2234, 29889]","[1, 1334, 756, 1472, 1063, 16120, 366, 29892, 1497, 13981, 29892, 2675, 964, 670, 5716, 322, 27697, 951, 3845, 29915, 29879, 1361, 748, 408, 565, 304, 1510, 393, 1244, 599, 9703, 471, 975, 29889, 376, 29902, 626, 1407, 29892, 1407, 10932, 304, 1074, 366, 1699, 540, 3512, 373, 29889, 376, 5674, 29892, 1128, 526, 366, 29973, 29923, 29882, 29973, 1932, 1258, 366, 2996, 3026, 951, 17960, 471, 17436, 29892, 3063, 472, 278, 9815, 17240, 310, 438, 2204, 9176, 3459, 29915, 29879, 1023, 8119, 414, 29892, 322, 7148, 472, 278, 1361, 310, 278, 19232, 12051, 29892, 607, 750, 1316, 1472, 4796, 23915, 29892, 1316, 1472, 13328, 977, 27386, 29899, 845, 11155, 29876, 737, 29892, 322, 1316, 12176, 1383, 11785, 1921, 15681, 373, 278, 528, 2728, 29899, 29907, 3096, 29892, 393, 13229, 896, 17977, 25600, 599, 670, 8570, 29892, 322, 6068, 1075, 694, 16082, 310, 13133, 22857, 438, 10788, 19919, 22372, 10548, 445, 472, 7389, 29892, 322, 25156, 29889, 306, 505, 278, 10657, 310, 1073, 596, 8099, 29892, 19068, 19881, 16560, 586, 2335, 29892, 1497, 12051, 29892, 13587, 714, 670, 2243, 16835, 1361, 411, 967, 1472, 405, 2234, 29889]",b1f372b4cf37af3fc6799f90d61d0fe24849fbddedd043eec4120aad3495753f,736e608e2b80f68655bfe1cb85ab325424d3e26e21766954f3ce61e46c6570e5,b1f372b4cf37af3fc6799f90d61d0fe24849fbddedd043eec4120aad3495753f,736e608e2b80f68655bfe1cb85ab325424d3e26e21766954f3ce61e46c6570e5,b1f372b4cf37af3fc6799f90d61d0fe24849fbddedd043eec4120aad3495753f,736e608e2b80f68655bfe1cb85ab325424d3e26e21766954f3ce61e46c6570e5,True,True,0.019502371549606323,0.01710011251270771,-0.002402259036898613,7,2,"[35, 36]","[35, 36]",True,128,8192,False,True,0.14562538266181946,0.09965220093727112,-0.04597318172454834,0.4869948923587799,0.4961482286453247,0.0091533362865448,0.007431562909914646,0.0008296039086417295,-0.006601959001272917,0.01576789018145064,0.013227197669039015,-0.002540692512411624,0.003816919712951099,0.00042083772544668414,-0.0033960819875044146,0.00834669013998992,0.006795374496920606,-0.0015513156430693132,16256,16256,0,0,2,0,2,positive,2,True
22,42,17,1,4,"[1, 1334, 756, 1472, 1063, 16120, 366, 29892, 1497, 13981, 29892, 2675, 964, 670, 5716, 322, 27697, 951, 3845, 29915, 29879, 1361, 748, 408, 565, 304, 1510, 393, 1244, 599, 9703, 471, 975, 29889, 376, 29902, 626, 1407, 29892, 1407, 10932, 304, 1074, 366, 1699, 540, 3512, 373, 29889, 376, 5674, 29892, 1128, 526, 366, 29973, 29923, 29882, 29973, 1932, 1258, 366, 2996, 3026, 951, 17960, 471, 17436, 29892, 3063, 472, 278, 9815, 17240, 310, 438, 2204, 9176, 3459, 29915, 29879, 1023, 8119, 414, 29892, 322, 7148, 472, 278, 1361, 310, 278, 19232, 12051, 29892, 607, 750, 1316, 1472, 4796, 23915, 29892, 1316, 1472, 13328, 977, 27386, 29899, 845, 11155, 29876, 737, 29892, 322, 1316, 12176, 1383, 11785, 1921, 15681, 373, 278, 528, 2728, 29899, 29907, 3096, 29892, 393, 13229, 896, 17977, 25600, 599, 670, 8570, 29892, 322, 6068, 1075, 694, 16082, 310, 13133, 22857, 438, 10788, 19919, 22372, 10548, 445, 472, 7389, 29892, 322, 25156, 29889, 306, 505, 278, 10657, 310, 1073, 596, 8099, 29892, 19068, 19881, 16560, 586, 2335, 29892, 1497, 12051, 29892, 13587, 714, 670, 2243, 16835, 1361, 411, 967, 1472, 405, 2234, 29889]","[1, 1334, 756, 1472, 1063, 16120, 366, 29892, 1497, 13981, 29892, 2675, 964, 670, 5716, 322, 27697, 951, 3845, 29915, 29879, 1361, 748, 408, 565, 304, 1510, 393, 1244, 599, 9703, 471, 975, 29889, 376, 29902, 626, 1407, 29892, 1407, 10932, 304, 1074, 366, 1699, 540, 3512, 373, 29889, 376, 5674, 29892, 1128, 526, 366, 29973, 29923, 29882, 29973, 1932, 1258, 366, 2996, 3026, 951, 17960, 471, 17436, 29892, 3063, 472, 278, 9815, 17240, 310, 438, 2204, 1026, 3459, 29915, 29879, 1023, 8119, 414, 29892, 322, 7148, 472, 278, 1361, 310, 278, 19232, 12051, 29892, 607, 750, 1316, 1472, 4796, 23915, 29892, 1316, 1472, 13328, 977, 27386, 29899, 845, 11155, 29876, 737, 29892, 322, 1316, 12176, 1383, 11785, 1921, 15681, 373, 278, 528, 2728, 29899, 29907, 3096, 29892, 393, 13229, 896, 17977, 25600, 599, 670, 8570, 29892, 322, 6068, 1075, 694, 16082, 310, 13133, 22857, 438, 10788, 19919, 22372, 10548, 445, 472, 7389, 29892, 322, 25156, 29889, 306, 505, 278, 10657, 310, 1073, 596, 8099, 29892, 19068, 19881, 16560, 586, 2335, 29892, 1497, 12051, 29892, 13587, 714, 670, 2243, 16835, 1361, 411, 967, 1472, 405, 2234, 29889]",736e608e2b80f68655bfe1cb85ab325424d3e26e21766954f3ce61e46c6570e5,4a57046a6bebe2a0169c7cc3283703334e5c98bf1782197d07e5c096662c340f,736e608e2b80f68655bfe1cb85ab325424d3e26e21766954f3ce61e46c6570e5,4a57046a6bebe2a0169c7cc3283703334e5c98bf1782197d07e5c096662c340f,736e608e2b80f68655bfe1cb85ab325424d3e26e21766954f3ce61e46c6570e5,4a57046a6bebe2a0169c7cc3283703334e5c98bf1782197d07e5c096662c340f,True,True,0.01710011251270771,0.016660481691360474,-0.00043963082134723663,11,1,"[65, 67, 73, 77, 78]",[77],True,128,8192,False,True,0.21974223852157593,0.21094828844070435,-0.008793950080871582,0.5384988784790039,0.5391871929168701,0.0006883144378662109,0.004235838532622438,0.0022794412361690775,-0.0019563972964533605,0.007370570740022231,0.005690753721864894,-0.0016798170181573369,0.004235838532622438,0.0022794412361690775,-0.0019563972964533605,0.007370570740022231,0.005690753721864894,-0.0016798170181573369,8192,8192,0,0,0,0,0,neutral,1,True
22,42,17,1,5,"[1, 1334, 756, 1472, 1063, 16120, 366, 29892, 1497, 13981, 29892, 2675, 964, 670, 5716, 322, 27697, 951, 3845, 29915, 29879, 1361, 748, 408, 565, 304, 1510, 393, 1244, 599, 9703, 471, 975, 29889, 376, 29902, 626, 1407, 29892, 1407, 10932, 304, 1074, 366, 1699, 540, 3512, 373, 29889, 376, 5674, 29892, 1128, 526, 366, 29973, 29923, 29882, 29973, 1932, 1258, 366, 2996, 3026, 951, 17960, 471, 17436, 29892, 3063, 472, 278, 9815, 17240, 310, 438, 2204, 1026, 3459, 29915, 29879, 1023, 8119, 414, 29892, 322, 7148, 472, 278, 1361, 310, 278, 19232, 12051, 29892, 607, 750, 1316, 1472, 4796, 23915, 29892, 1316, 1472, 13328, 977, 27386, 29899, 845, 11155, 29876, 737, 29892, 322, 1316, 12176, 1383, 11785, 1921, 15681, 373, 278, 528, 2728, 29899, 29907, 3096, 29892, 393, 13229, 896, 17977, 25600, 599, 670, 8570, 29892, 322, 6068, 1075, 694, 16082, 310, 13133, 22857, 438, 10788, 19919, 22372, 10548, 445, 472, 7389, 29892, 322, 25156, 29889, 306, 505, 278, 10657, 310, 1073, 596, 8099, 29892, 19068, 19881, 16560, 586, 2335, 29892, 1497, 12051, 29892, 13587, 714, 670, 2243, 16835, 1361, 411, 967, 1472, 405, 2234, 29889]","[1, 1334, 756, 1472, 1063, 16120, 366, 29892, 1497, 13981, 29892, 2675, 964, 670, 5716, 322, 27697, 951, 3845, 29915, 29879, 1361, 748, 408, 565, 304, 1510, 393, 1244, 599, 9703, 471, 975, 29889, 376, 29902, 626, 1407, 29892, 1407, 10932, 304, 1074, 366, 1699, 540, 3512, 373, 29889, 376, 5674, 29892, 1128, 526, 366, 29973, 29923, 29882, 29973, 1932, 1258, 366, 2996, 3026, 951, 17960, 471, 17436, 29892, 3063, 472, 278, 9815, 17240, 310, 438, 2204, 1026, 3459, 29915, 29879, 1023, 8119, 14722, 29892, 322, 7148, 472, 278, 1361, 310, 278, 19232, 12051, 29892, 607, 750, 1316, 1472, 4796, 23915, 29892, 1316, 1472, 13328, 977, 27386, 29899, 845, 11155, 29876, 737, 29892, 322, 1316, 12176, 1383, 11785, 1921, 15681, 373, 278, 528, 2728, 29899, 29907, 3096, 29892, 393, 13229, 896, 17977, 25600, 599, 670, 8570, 29892, 322, 6068, 1075, 694, 16082, 310, 13133, 22857, 438, 10788, 19919, 22372, 10548, 445, 472, 7389, 29892, 322, 25156, 29889, 306, 505, 278, 10657, 310, 1073, 596, 8099, 29892, 19068, 19881, 16560, 586, 2335, 29892, 1497, 12051, 29892, 13587, 714, 670, 2243, 16835, 1361, 411, 967, 1472, 405, 2234, 29889]",4a57046a6bebe2a0169c7cc3283703334e5c98bf1782197d07e5c096662c340f,b123b97de81627cf1d54267cd765fc7e0ce98babbc4ebdf6a9ad2a1a9157a6fa,4a57046a6bebe2a0169c7cc3283703334e5c98bf1782197d07e5c096662c340f,b123b97de81627cf1d54267cd765fc7e0ce98babbc4ebdf6a9ad2a1a9157a6fa,4a57046a6bebe2a0169c7cc3283703334e5c98bf1782197d07e5c096662c340f,b123b97de81627cf1d54267cd765fc7e0ce98babbc4ebdf6a9ad2a1a9157a6fa,True,True,0.016660481691360474,0.016653234139084816,-7.247552275657654e-06,7,1,[83],[83],True,128,8192,False,True,0.24331006407737732,0.2387537956237793,-0.0045562684535980225,0.518252968788147,0.5180755853652954,-0.0001773834228515625,0.0018857229588320479,0.0020990573248127475,0.00021333436598069966,0.006373327312758192,0.0065809560037450865,0.00020762869098689407,0.0018857229588320479,0.0020990573248127475,0.00021333436598069966,0.006373327312758192,0.0065809560037450865,0.00020762869098689407,8192,8192,0,0,0,0,0,neutral,1,True
22,42,17,1,8,"[1, 1334, 756, 1472, 1063, 16120, 366, 29892, 1497, 13981, 29892, 2675, 964, 670, 5716, 322, 27697, 951, 3845, 29915, 29879, 1361, 748, 408, 565, 304, 1510, 393, 1244, 599, 9703, 471, 975, 29889, 376, 29902, 626, 1407, 29892, 1407, 10932, 304, 1074, 366, 1699, 540, 3512, 373, 29889, 376, 5674, 29892, 1128, 526, 366, 29973, 29923, 29882, 29973, 1932, 1258, 366, 2996, 3026, 951, 17960, 471, 17436, 29892, 3063, 472, 278, 9815, 17240, 310, 438, 2204, 1026, 3459, 29915, 29879, 1023, 8119, 14722, 29892, 322, 7148, 472, 278, 1361, 310, 278, 19232, 12051, 29892, 607, 750, 1316, 1472, 4796, 23915, 29892, 1316, 1472, 13328, 977, 27386, 29899, 845, 11155, 29876, 737, 29892, 322, 1316, 12176, 1383, 11785, 1921, 15681, 373, 278, 528, 2728, 29899, 29907, 3096, 29892, 393, 13229, 896, 17977, 25600, 599, 670, 8570, 29892, 322, 6068, 1075, 694, 16082, 310, 13133, 22857, 438, 10788, 19919, 22372, 10548, 445, 472, 7389, 29892, 322, 25156, 29889, 306, 505, 278, 10657, 310, 1073, 596, 8099, 29892, 19068, 19881, 16560, 586, 2335, 29892, 1497, 12051, 29892, 13587, 714, 670, 2243, 16835, 1361, 411, 967, 1472, 405, 2234, 29889]","[1, 1334, 756, 1472, 1063, 16120, 366, 29892, 1497, 13981, 29892, 2675, 964, 670, 5716, 322, 27697, 951, 3845, 29915, 29879, 1361, 748, 408, 565, 304, 1510, 393, 1244, 599, 9703, 471, 975, 29889, 376, 29902, 626, 1407, 29892, 1407, 10932, 304, 1074, 366, 1699, 540, 3512, 373, 29889, 376, 5674, 29892, 1128, 526, 366, 29973, 29923, 29882, 29973, 1932, 1258, 366, 2996, 3026, 951, 17960, 471, 17436, 29892, 3063, 472, 278, 9815, 17240, 310, 438, 2204, 1026, 3459, 29915, 29879, 1023, 8119, 14722, 29892, 322, 7148, 472, 278, 1361, 310, 278, 19232, 12051, 29892, 607, 750, 1316, 1472, 4796, 23915, 29892, 1316, 1472, 13328, 977, 27386, 29899, 845, 11155, 29876, 737, 29892, 322, 1316, 12176, 1383, 11785, 1921, 15681, 373, 278, 528, 2728, 29899, 29907, 3096, 29892, 393, 13229, 896, 17977, 2168, 599, 670, 8570, 29892, 322, 6068, 1075, 694, 16082, 310, 2714, 22857, 438, 10788, 19919, 22372, 10548, 445, 472, 7389, 29892, 322, 25156, 29889, 306, 505, 278, 10657, 310, 1073, 596, 8099, 29892, 19068, 19881, 16560, 586, 2335, 29892, 1497, 12051, 29892, 13587, 714, 670, 2243, 16835, 1361, 411, 967, 1472, 405, 2234, 29889]",b123b97de81627cf1d54267cd765fc7e0ce98babbc4ebdf6a9ad2a1a9157a6fa,53151b987461eab0e41ca5f3abb7beab7607b39a2227cd587a716ec60ff4397b,b123b97de81627cf1d54267cd765fc7e0ce98babbc4ebdf6a9ad2a1a9157a6fa,53151b987461eab0e41ca5f3abb7beab7607b39a2227cd587a716ec60ff4397b,b123b97de81627cf1d54267cd765fc7e0ce98babbc4ebdf6a9ad2a1a9157a6fa,53151b987461eab0e41ca5f3abb7beab7607b39a2227cd587a716ec60ff4397b,True,True,0.016653234139084816,0.0164432805031538,-0.00020995363593101501,4,1,"[132, 135, 138, 139, 143]","[132, 143]",True,128,6912,False,True,0.2823784351348877,0.2826286554336548,0.00025022029876708984,0.5451601147651672,0.5442835688591003,-0.0008765459060668945,0.0033996604314004935,0.0027585714641544553,-0.0006410889672460382,0.009830135515787534,0.009360286674496753,-0.00046984884129078197,0.001744668004247024,0.0014474437687277178,-0.0002972242355193061,0.004891661432638918,0.0046332201094741055,-0.0002584413231648125,12416,12416,0,0,1,0,1,positive,2,True
22,42,17,1,9,"[1, 1334, 756, 1472, 1063, 16120, 366, 29892, 1497, 13981, 29892, 2675, 964, 670, 5716, 322, 27697, 951, 3845, 29915, 29879, 1361, 748, 408, 565, 304, 1510, 393, 1244, 599, 9703, 471, 975, 29889, 376, 29902, 626, 1407, 29892, 1407, 10932, 304, 1074, 366, 1699, 540, 3512, 373, 29889, 376, 5674, 29892, 1128, 526, 366, 29973, 29923, 29882, 29973, 1932, 1258, 366, 2996, 3026, 951, 17960, 471, 17436, 29892, 3063, 472, 278, 9815, 17240, 310, 438, 2204, 1026, 3459, 29915, 29879, 1023, 8119, 14722, 29892, 322, 7148, 472, 278, 1361, 310, 278, 19232, 12051, 29892, 607, 750, 1316, 1472, 4796, 23915, 29892, 1316, 1472, 13328, 977, 27386, 29899, 845, 11155, 29876, 737, 29892, 322, 1316, 12176, 1383, 11785, 1921, 15681, 373, 278, 528, 2728, 29899, 29907, 3096, 29892, 393, 13229, 896, 17977, 2168, 599, 670, 8570, 29892, 322, 6068, 1075, 694, 16082, 310, 2714, 22857, 438, 10788, 19919, 22372, 10548, 445, 472, 7389, 29892, 322, 25156, 29889, 306, 505, 278, 10657, 310, 1073, 596, 8099, 29892, 19068, 19881, 16560, 586, 2335, 29892, 1497, 12051, 29892, 13587, 714, 670, 2243, 16835, 1361, 411, 967, 1472, 405, 2234, 29889]","[1, 1334, 756, 1472, 1063, 16120, 366, 29892, 1497, 13981, 29892, 2675, 964, 670, 5716, 322, 27697, 951, 3845, 29915, 29879, 1361, 748, 408, 565, 304, 1510, 393, 1244, 599, 9703, 471, 975, 29889, 376, 29902, 626, 1407, 29892, 1407, 10932, 304, 1074, 366, 1699, 540, 3512, 373, 29889, 376, 5674, 29892, 1128, 526, 366, 29973, 29923, 29882, 29973, 1932, 1258, 366, 2996, 3026, 951, 17960, 471, 17436, 29892, 3063, 472, 278, 9815, 17240, 310, 438, 2204, 1026, 3459, 29915, 29879, 1023, 8119, 14722, 29892, 322, 7148, 472, 278, 1361, 310, 278, 19232, 12051, 29892, 607, 750, 1316, 1472, 4796, 23915, 29892, 1316, 1472, 13328, 977, 27386, 29899, 845, 11155, 29876, 737, 29892, 322, 1316, 12176, 1383, 11785, 1921, 15681, 373, 278, 528, 2728, 29899, 29907, 3096, 29892, 393, 13229, 896, 17977, 2168, 599, 670, 8570, 29892, 322, 6068, 1075, 694, 16082, 310, 2714, 22857, 438, 10788, 8091, 2574, 10548, 445, 472, 7389, 29892, 322, 25156, 29889, 306, 505, 278, 10657, 310, 1073, 596, 8099, 29892, 19068, 19881, 16560, 586, 2335, 29892, 1497, 12051, 29892, 13587, 714, 670, 2243, 16835, 1361, 411, 967, 1472, 405, 2234, 29889]",53151b987461eab0e41ca5f3abb7beab7607b39a2227cd587a716ec60ff4397b,09d78065254f9c18cc964671486a4a148d67762529738edbbdfc6f9957ef8e43,53151b987461eab0e41ca5f3abb7beab7607b39a2227cd587a716ec60ff4397b,09d78065254f9c18cc964671486a4a148d67762529738edbbdfc6f9957ef8e43,53151b987461eab0e41ca5f3abb7beab7607b39a2227cd587a716ec60ff4397b,09d78065254f9c18cc964671486a4a148d67762529738edbbdfc6f9957ef8e43,True,True,0.0164432805031538,0.015512174926698208,-0.0009311055764555931,11,5,"[146, 147, 148, 158]","[147, 148]",True,128,4992,False,True,0.25774091482162476,0.21913088858127594,-0.038610026240348816,0.5398584604263306,0.5398078560829163,-5.060434341430664e-05,0.022348416813959677,0.013624823305946894,-0.008723593508012783,0.024683455160508554,0.01723806948090593,-0.007445385679602623,0.011076205137923553,0.007924919397654858,-0.0031512857402686955,0.0116524968731713,0.008173714657979352,-0.0034787822151919473,9856,9856,0,0,0,0,0,neutral,2,True
22,42,17,1,11,"[1, 1334, 756, 1472, 1063, 16120, 366, 29892, 1497, 13981, 29892, 2675, 964, 670, 5716, 322, 27697, 951, 3845, 29915, 29879, 1361, 748, 408, 565, 304, 1510, 393, 1244, 599, 9703, 471, 975, 29889, 376, 29902, 626, 1407, 29892, 1407, 10932, 304, 1074, 366, 1699, 540, 3512, 373, 29889, 376, 5674, 29892, 1128, 526, 366, 29973, 29923, 29882, 29973, 1932, 1258, 366, 2996, 3026, 951, 17960, 471, 17436, 29892, 3063, 472, 278, 9815, 17240, 310, 438, 2204, 1026, 3459, 29915, 29879, 1023, 8119, 14722, 29892, 322, 7148, 472, 278, 1361, 310, 278, 19232, 12051, 29892, 607, 750, 1316, 1472, 4796, 23915, 29892, 1316, 1472, 13328, 977, 27386, 29899, 845, 11155, 29876, 737, 29892, 322, 1316, 12176, 1383, 11785, 1921, 15681, 373, 278, 528, 2728, 29899, 29907, 3096, 29892, 393, 13229, 896, 17977, 2168, 599, 670, 8570, 29892, 322, 6068, 1075, 694, 16082, 310, 2714, 22857, 438, 10788, 8091, 2574, 10548, 445, 472, 7389, 29892, 322, 25156, 29889, 306, 505, 278, 10657, 310, 1073, 596, 8099, 29892, 19068, 19881, 16560, 586, 2335, 29892, 1497, 12051, 29892, 13587, 714, 670, 2243, 16835, 1361, 411, 967, 1472, 405, 2234, 29889]","[1, 1334, 756, 1472, 1063, 16120, 366, 29892, 1497, 13981, 29892, 2675, 964, 670, 5716, 322, 27697, 951, 3845, 29915, 29879, 1361, 748, 408, 565, 304, 1510, 393, 1244, 599, 9703, 471, 975, 29889, 376, 29902, 626, 1407, 29892, 1407, 10932, 304, 1074, 366, 1699, 540, 3512, 373, 29889, 376, 5674, 29892, 1128, 526, 366, 29973, 29923, 29882, 29973, 1932, 1258, 366, 2996, 3026, 951, 17960, 471, 17436, 29892, 3063, 472, 278, 9815, 17240, 310, 438, 2204, 1026, 3459, 29915, 29879, 1023, 8119, 14722, 29892, 322, 7148, 472, 278, 1361, 310, 278, 19232, 12051, 29892, 607, 750, 1316, 1472, 4796, 23915, 29892, 1316, 1472, 13328, 977, 27386, 29899, 845, 11155, 29876, 737, 29892, 322, 1316, 12176, 1383, 11785, 1921, 15681, 373, 278, 528, 2728, 29899, 29907, 3096, 29892, 393, 13229, 896, 17977, 2168, 599, 670, 8570, 29892, 322, 6068, 1075, 694, 16082, 310, 2714, 22857, 438, 10788, 8091, 2574, 10548, 445, 472, 7389, 29892, 322, 25156, 29889, 306, 505, 278, 10657, 310, 1073, 596, 8099, 29892, 19068, 19881, 16560, 586, 2335, 29892, 1497, 12051, 29892, 13587, 714, 670, 2243, 16835, 1361, 411, 967, 1472, 302, 2234, 29889]",09d78065254f9c18cc964671486a4a148d67762529738edbbdfc6f9957ef8e43,8d5560ab2149ec69d603b008b43c8ddb7495013970f4d955ac0afccc1f82d1a8,09d78065254f9c18cc964671486a4a148d67762529738edbbdfc6f9957ef8e43,8d5560ab2149ec69d603b008b43c8ddb7495013970f4d955ac0afccc1f82d1a8,09d78065254f9c18cc964671486a4a148d67762529738edbbdfc6f9957ef8e43,8d5560ab2149ec69d603b008b43c8ddb7495013970f4d955ac0afccc1f82d1a8,True,True,0.015512174926698208,0.015021897852420807,-0.000490277074277401,3,2,"[179, 184, 185]",[184],True,71,256,False,True,0.1620154082775116,0.1413649618625641,-0.02065044641494751,0.5510151386260986,0.5591363310813904,0.008121192455291748,0.010187573730945587,0.0014196173287928104,-0.008767956402152777,0.01378736924380064,0.006583335809409618,-0.007204033434391022,0.010187573730945587,0.0014196173287928104,-0.008767956402152777,0.01378736924380064,0.006583335809409618,-0.007204033434391022,256,256,0,0,1,0,1,positive,1,True
22,42,17,2,0,"[1, 1334, 756, 1472, 1063, 16120, 366, 29892, 1497, 13981, 29892, 2675, 964, 670, 5716, 322, 27697, 951, 3845, 29915, 29879, 1361, 748, 408, 565, 304, 1510, 393, 1244, 599, 9703, 471, 975, 29889, 376, 29902, 626, 1407, 29892, 1407, 10932, 304, 1074, 366, 1699, 540, 3512, 373, 29889, 376, 5674, 29892, 1128, 526, 366, 29973, 29923, 29882, 29973, 1932, 1258, 366, 2996, 3026, 951, 17960, 471, 17436, 29892, 3063, 472, 278, 9815, 17240, 310, 438, 2204, 1026, 3459, 29915, 29879, 1023, 8119, 14722, 29892, 322, 7148, 472, 278, 1361, 310, 278, 19232, 12051, 29892, 607, 750, 1316, 1472, 4796, 23915, 29892, 1316, 1472, 13328, 977, 27386, 29899, 845, 11155, 29876, 737, 29892, 322, 1316, 12176, 1383, 11785, 1921, 15681, 373, 278, 528, 2728, 29899, 29907, 3096, 29892, 393, 13229, 896, 17977, 2168, 599, 670, 8570, 29892, 322, 6068, 1075, 694, 16082, 310, 2714, 22857, 438, 10788, 8091, 2574, 10548, 445, 472, 7389, 29892, 322, 25156, 29889, 306, 505, 278, 10657, 310, 1073, 596, 8099, 29892, 19068, 19881, 16560, 586, 2335, 29892, 1497, 12051, 29892, 13587, 714, 670, 2243, 16835, 1361, 411, 967, 1472, 302, 2234, 29889]","[1, 1334, 505, 1472, 1063, 16120, 366, 29892, 1497, 13981, 29892, 2675, 964, 670, 5716, 322, 27697, 951, 3845, 29915, 29879, 1361, 748, 408, 565, 304, 1510, 393, 1244, 599, 9703, 471, 975, 29889, 376, 29902, 626, 1407, 29892, 1407, 10932, 304, 1074, 366, 1699, 540, 3512, 373, 29889, 376, 5674, 29892, 1128, 526, 366, 29973, 29923, 29882, 29973, 1932, 1258, 366, 2996, 3026, 951, 17960, 471, 17436, 29892, 3063, 472, 278, 9815, 17240, 310, 438, 2204, 1026, 3459, 29915, 29879, 1023, 8119, 14722, 29892, 322, 7148, 472, 278, 1361, 310, 278, 19232, 12051, 29892, 607, 750, 1316, 1472, 4796, 23915, 29892, 1316, 1472, 13328, 977, 27386, 29899, 845, 11155, 29876, 737, 29892, 322, 1316, 12176, 1383, 11785, 1921, 15681, 373, 278, 528, 2728, 29899, 29907, 3096, 29892, 393, 13229, 896, 17977, 2168, 599, 670, 8570, 29892, 322, 6068, 1075, 694, 16082, 310, 2714, 22857, 438, 10788, 8091, 2574, 10548, 445, 472, 7389, 29892, 322, 25156, 29889, 306, 505, 278, 10657, 310, 1073, 596, 8099, 29892, 19068, 19881, 16560, 586, 2335, 29892, 1497, 12051, 29892, 13587, 714, 670, 2243, 16835, 1361, 411, 967, 1472, 302, 2234, 29889]",8d5560ab2149ec69d603b008b43c8ddb7495013970f4d955ac0afccc1f82d1a8,98c2bd8acebbcaada4dc05a8d4276ec690db915785327cdab81591272087af25,8d5560ab2149ec69d603b008b43c8ddb7495013970f4d955ac0afccc1f82d1a8,98c2bd8acebbcaada4dc05a8d4276ec690db915785327cdab81591272087af25,8d5560ab2149ec69d603b008b43c8ddb7495013970f4d955ac0afccc1f82d1a8,98c2bd8acebbcaada4dc05a8d4276ec690db915785327cdab81591272087af25,True,True,0.015021897852420807,0.013937835581600666,-0.0010840622708201408,12,1,"[2, 4]",[2],True,128,8192,False,True,0.043104223906993866,0.03757345676422119,-0.0055307671427726746,0.4601236581802368,0.46367645263671875,0.0035527944564819336,0.0032925347913987935,0.0001747111018630676,-0.003117823689535726,0.012877674111223314,0.011490054093883373,-0.0013876200173399411,0.0032925347913987935,0.0001747111018630676,-0.003117823689535726,0.012877674111223314,0.011490054093883373,-0.0013876200173399411,8192,8192,0,0,1,0,1,positive,1,True
22,42,17,2,5,"[1, 1334, 505, 1472, 1063, 16120, 366, 29892, 1497, 13981, 29892, 2675, 964, 670, 5716, 322, 27697, 951, 3845, 29915, 29879, 1361, 748, 408, 565, 304, 1510, 393, 1244, 599, 9703, 471, 975, 29889, 376, 29902, 626, 1407, 29892, 1407, 10932, 304, 1074, 366, 1699, 540, 3512, 373, 29889, 376, 5674, 29892, 1128, 526, 366, 29973, 29923, 29882, 29973, 1932, 1258, 366, 2996, 3026, 951, 17960, 471, 17436, 29892, 3063, 472, 278, 9815, 17240, 310, 438, 2204, 1026, 3459, 29915, 29879, 1023, 8119, 14722, 29892, 322, 7148, 472, 278, 1361, 310, 278, 19232, 12051, 29892, 607, 750, 1316, 1472, 4796, 23915, 29892, 1316, 1472, 13328, 977, 27386, 29899, 845, 11155, 29876, 737, 29892, 322, 1316, 12176, 1383, 11785, 1921, 15681, 373, 278, 528, 2728, 29899, 29907, 3096, 29892, 393, 13229, 896, 17977, 2168, 599, 670, 8570, 29892, 322, 6068, 1075, 694, 16082, 310, 2714, 22857, 438, 10788, 8091, 2574, 10548, 445, 472, 7389, 29892, 322, 25156, 29889, 306, 505, 278, 10657, 310, 1073, 596, 8099, 29892, 19068, 19881, 16560, 586, 2335, 29892, 1497, 12051, 29892, 13587, 714, 670, 2243, 16835, 1361, 411, 967, 1472, 302, 2234, 29889]","[1, 1334, 505, 1472, 1063, 16120, 366, 29892, 1497, 13981, 29892, 2675, 964, 670, 5716, 322, 27697, 951, 3845, 29915, 29879, 1361, 748, 408, 565, 304, 1510, 393, 1244, 599, 9703, 471, 975, 29889, 376, 29902, 626, 1407, 29892, 1407, 10932, 304, 1074, 366, 1699, 540, 3512, 373, 29889, 376, 5674, 29892, 1128, 526, 366, 29973, 29923, 29882, 29973, 1932, 1258, 366, 2996, 3026, 951, 17960, 471, 17436, 29892, 3063, 472, 278, 9815, 17240, 310, 438, 2204, 1026, 3459, 29915, 29879, 1023, 8119, 9340, 29892, 322, 7148, 472, 278, 1361, 310, 278, 19232, 12051, 29892, 607, 750, 1316, 1472, 4796, 23915, 29892, 1316, 1472, 13328, 977, 27386, 29899, 845, 11155, 29876, 737, 29892, 322, 1316, 12176, 1383, 11785, 1921, 15681, 373, 278, 528, 2728, 29899, 29907, 3096, 29892, 393, 13229, 896, 17977, 2168, 599, 670, 8570, 29892, 322, 6068, 1075, 694, 16082, 310, 2714, 22857, 438, 10788, 8091, 2574, 10548, 445, 472, 7389, 29892, 322, 25156, 29889, 306, 505, 278, 10657, 310, 1073, 596, 8099, 29892, 19068, 19881, 16560, 586, 2335, 29892, 1497, 12051, 29892, 13587, 714, 670, 2243, 16835, 1361, 411, 967, 1472, 302, 2234, 29889]",98c2bd8acebbcaada4dc05a8d4276ec690db915785327cdab81591272087af25,a403ff5bbf317b8bc2b51ad5529fa22ed498425d3646dea58ab61d4c378b3dbc,98c2bd8acebbcaada4dc05a8d4276ec690db915785327cdab81591272087af25,a403ff5bbf317b8bc2b51ad5529fa22ed498425d3646dea58ab61d4c378b3dbc,98c2bd8acebbcaada4dc05a8d4276ec690db915785327cdab81591272087af25,a403ff5bbf317b8bc2b51ad5529fa22ed498425d3646dea58ab61d4c378b3dbc,True,True,0.013937835581600666,0.013893483206629753,-4.435237497091293e-05,4,1,[83],[83],True,128,8192,False,True,0.2378772497177124,0.23548805713653564,-0.002389192581176758,0.5187214612960815,0.5183825492858887,-0.0003389120101928711,0.0021227665929473005,0.0023366206587525085,0.00021385406580520794,0.006331127078738064,0.005974641979264561,-0.0003564850994735025,0.0021227665929473005,0.0023366206587525085,0.00021385406580520794,0.006331127078738064,0.005974641979264561,-0.0003564850994735025,8192,8192,0,0,0,0,0,neutral,1,True
23,42,17,1,0,"[1, 306, 505, 925, 4133, 515, 263, 1472, 4723, 355, 297, 365, 23427, 14042, 14203, 11340, 373, 2087, 27449, 515, 4517, 402, 271, 11633, 29889, 450, 714, 9917, 16286, 471, 3431, 313, 1181, 9687, 2011, 13504, 892, 263, 2586, 380, 292, 728, 2183, 278, 29871, 29906, 7234, 29871, 29906, 29900, 11015, 16286, 931, 29897, 322, 281, 11977, 4688, 964, 365, 23427, 14042, 13785, 29889, 17446, 4772, 1048, 6974, 18331, 373, 263, 24211, 448, 910, 11182, 304, 278, 4272, 8442, 526, 2846, 322, 2215, 1546, 29889, 306, 9698, 701, 5622, 263, 8818, 29875, 607, 3438, 592, 29871, 29953, 29945, 29900, 29900, 317, 1806, 313, 1048, 10261, 29925, 29871, 29906, 29900, 29897, 13452, 278, 3593, 471, 29871, 29953, 29900, 29900, 317, 1806, 313, 29896, 29889, 29946, 29900, 467, 373, 373, 736, 16286, 3253, 2849, 12611, 19420, 278, 16286, 363, 525, 8364, 16905, 9590, 1642]","[1, 306, 505, 925, 4133, 515, 263, 1472, 4723, 355, 297, 365, 23427, 14042, 16185, 11340, 373, 2087, 27449, 515, 4517, 402, 271, 11633, 29889, 450, 714, 9917, 16286, 471, 3431, 313, 1181, 9687, 2011, 13504, 892, 263, 2586, 380, 292, 728, 2183, 278, 29871, 29906, 7234, 29871, 29906, 29900, 11015, 16286, 931, 29897, 322, 281, 11977, 4688, 964, 365, 23427, 14042, 13785, 29889, 17446, 4772, 1048, 6974, 18331, 373, 263, 24211, 448, 910, 11182, 304, 278, 4272, 8442, 526, 2846, 322, 2215, 1546, 29889, 306, 9698, 701, 5622, 263, 8818, 29875, 607, 3438, 592, 29871, 29953, 29945, 29900, 29900, 317, 1806, 313, 1048, 10261, 29925, 29871, 29906, 29900, 29897, 13452, 278, 3593, 471, 29871, 29953, 29900, 29900, 317, 1806, 313, 29896, 29889, 29946, 29900, 467, 373, 373, 736, 16286, 3253, 2849, 12611, 19420, 278, 16286, 363, 525, 8364, 16905, 9590, 1642]",ec050201dad17b4b3a279fd3035aceebaf094f4792d7179d965e9f99aa42c4f5,5e251ca873f091ca93485bd2464a164079f62c83bc6fd2e87855ba56d0a7c7e6,ec050201dad17b4b3a279fd3035aceebaf094f4792d7179d965e9f99aa42c4f5,5e251ca873f091ca93485bd2464a164079f62c83bc6fd2e87855ba56d0a7c7e6,ec050201dad17b4b3a279fd3035aceebaf094f4792d7179d965e9f99aa42c4f5,5e251ca873f091ca93485bd2464a164079f62c83bc6fd2e87855ba56d0a7c7e6,True,True,0.018837716430425644,0.018775200471282005,-6.251595914363861e-05,2,1,"[12, 14]",[14],True,128,8192,False,True,0.16323065757751465,0.1624976396560669,-0.0007330179214477539,0.41879791021347046,0.4191780686378479,0.0003801584243774414,0.007622637749591377,0.00851968666393077,0.0008970489143393934,0.01196066866395995,0.013758724511717446,0.001798055847757496,0.007622637749591377,0.00851968666393077,0.0008970489143393934,0.01196066866395995,0.013758724511717446,0.001798055847757496,8192,8192,0,0,0,0,0,neutral,1,True
23,42,17,1,2,"[1, 306, 505, 925, 4133, 515, 263, 1472, 4723, 355, 297, 365, 23427, 14042, 16185, 11340, 373, 2087, 27449, 515, 4517, 402, 271, 11633, 29889, 450, 714, 9917, 16286, 471, 3431, 313, 1181, 9687, 2011, 13504, 892, 263, 2586, 380, 292, 728, 2183, 278, 29871, 29906, 7234, 29871, 29906, 29900, 11015, 16286, 931, 29897, 322, 281, 11977, 4688, 964, 365, 23427, 14042, 13785, 29889, 17446, 4772, 1048, 6974, 18331, 373, 263, 24211, 448, 910, 11182, 304, 278, 4272, 8442, 526, 2846, 322, 2215, 1546, 29889, 306, 9698, 701, 5622, 263, 8818, 29875, 607, 3438, 592, 29871, 29953, 29945, 29900, 29900, 317, 1806, 313, 1048, 10261, 29925, 29871, 29906, 29900, 29897, 13452, 278, 3593, 471, 29871, 29953, 29900, 29900, 317, 1806, 313, 29896, 29889, 29946, 29900, 467, 373, 373, 736, 16286, 3253, 2849, 12611, 19420, 278, 16286, 363, 525, 8364, 16905, 9590, 1642]","[1, 306, 505, 925, 4133, 515, 263, 1472, 4723, 355, 297, 365, 23427, 14042, 16185, 11340, 373, 2087, 27449, 515, 4517, 402, 271, 11633, 29889, 450, 714, 9917, 16286, 471, 3431, 313, 1181, 9687, 2011, 26855, 892, 263, 2586, 380, 292, 10880, 2183, 278, 29871, 29906, 7234, 29871, 29906, 29900, 11015, 16286, 931, 29897, 322, 281, 11977, 4688, 964, 365, 23427, 14042, 13785, 29889, 17446, 4772, 1048, 6974, 18331, 373, 263, 24211, 448, 910, 11182, 304, 278, 4272, 8442, 526, 2846, 322, 2215, 1546, 29889, 306, 9698, 701, 5622, 263, 8818, 29875, 607, 3438, 592, 29871, 29953, 29945, 29900, 29900, 317, 1806, 313, 1048, 10261, 29925, 29871, 29906, 29900, 29897, 13452, 278, 3593, 471, 29871, 29953, 29900, 29900, 317, 1806, 313, 29896, 29889, 29946, 29900, 467, 373, 373, 736, 16286, 3253, 2849, 12611, 19420, 278, 16286, 363, 525, 8364, 16905, 9590, 1642]",5e251ca873f091ca93485bd2464a164079f62c83bc6fd2e87855ba56d0a7c7e6,45235f4bdb3230e1f4916bf27f2c8cc37093cc3141af0bc2e7d808289b4daebd,5e251ca873f091ca93485bd2464a164079f62c83bc6fd2e87855ba56d0a7c7e6,45235f4bdb3230e1f4916bf27f2c8cc37093cc3141af0bc2e7d808289b4daebd,5e251ca873f091ca93485bd2464a164079f62c83bc6fd2e87855ba56d0a7c7e6,45235f4bdb3230e1f4916bf27f2c8cc37093cc3141af0bc2e7d808289b4daebd,True,True,0.018775200471282005,0.01793852634727955,-0.0008366741240024567,15,2,"[35, 36, 41]","[35, 41]",True,128,8192,False,True,0.16361424326896667,0.11283190548419952,-0.05078233778476715,0.49819275736808777,0.50672847032547,0.008535712957382202,0.0077212506730575114,0.00653441058966564,-0.0011868400833918713,0.013918839526013471,0.01502462803182425,0.0011057885058107786,0.004237646466029472,0.0032657984544935286,-0.0009718480115359436,0.007289362712534236,0.00783807595382582,0.0005487132412915841,15616,15616,0,0,0,0,0,neutral,2,True
23,42,17,1,4,"[1, 306, 505, 925, 4133, 515, 263, 1472, 4723, 355, 297, 365, 23427, 14042, 16185, 11340, 373, 2087, 27449, 515, 4517, 402, 271, 11633, 29889, 450, 714, 9917, 16286, 471, 3431, 313, 1181, 9687, 2011, 26855, 892, 263, 2586, 380, 292, 10880, 2183, 278, 29871, 29906, 7234, 29871, 29906, 29900, 11015, 16286, 931, 29897, 322, 281, 11977, 4688, 964, 365, 23427, 14042, 13785, 29889, 17446, 4772, 1048, 6974, 18331, 373, 263, 24211, 448, 910, 11182, 304, 278, 4272, 8442, 526, 2846, 322, 2215, 1546, 29889, 306, 9698, 701, 5622, 263, 8818, 29875, 607, 3438, 592, 29871, 29953, 29945, 29900, 29900, 317, 1806, 313, 1048, 10261, 29925, 29871, 29906, 29900, 29897, 13452, 278, 3593, 471, 29871, 29953, 29900, 29900, 317, 1806, 313, 29896, 29889, 29946, 29900, 467, 373, 373, 736, 16286, 3253, 2849, 12611, 19420, 278, 16286, 363, 525, 8364, 16905, 9590, 1642]","[1, 306, 505, 925, 4133, 515, 263, 1472, 4723, 355, 297, 365, 23427, 14042, 16185, 11340, 373, 2087, 27449, 515, 4517, 402, 271, 11633, 29889, 450, 714, 9917, 16286, 471, 3431, 313, 1181, 9687, 2011, 26855, 892, 263, 2586, 380, 292, 10880, 2183, 278, 29871, 29906, 7234, 29871, 29906, 29900, 11015, 16286, 931, 29897, 322, 281, 11977, 4688, 964, 365, 23427, 14042, 13785, 29889, 17446, 16112, 1048, 6974, 18331, 373, 263, 24211, 448, 450, 11182, 304, 278, 4272, 8442, 526, 2846, 322, 2215, 1546, 29889, 306, 9698, 701, 5622, 263, 8818, 29875, 607, 3438, 592, 29871, 29953, 29945, 29900, 29900, 317, 1806, 313, 1048, 10261, 29925, 29871, 29906, 29900, 29897, 13452, 278, 3593, 471, 29871, 29953, 29900, 29900, 317, 1806, 313, 29896, 29889, 29946, 29900, 467, 373, 373, 736, 16286, 3253, 2849, 12611, 19420, 278, 16286, 363, 525, 8364, 16905, 9590, 1642]",45235f4bdb3230e1f4916bf27f2c8cc37093cc3141af0bc2e7d808289b4daebd,93cecca4c4cd2a5e7e2b573f88f1a9efc11930d4459a3e9585bc05d2d882338f,45235f4bdb3230e1f4916bf27f2c8cc37093cc3141af0bc2e7d808289b4daebd,93cecca4c4cd2a5e7e2b573f88f1a9efc11930d4459a3e9585bc05d2d882338f,45235f4bdb3230e1f4916bf27f2c8cc37093cc3141af0bc2e7d808289b4daebd,93cecca4c4cd2a5e7e2b573f88f1a9efc11930d4459a3e9585bc05d2d882338f,True,True,0.01793852634727955,0.015632884576916695,-0.002305641770362854,6,5,"[65, 68, 73]","[65, 73]",True,128,8192,False,True,0.13928136229515076,0.11020031571388245,-0.02908104658126831,0.4772270619869232,0.480502724647522,0.003275662660598755,0.006756520662747789,0.0055919051737873815,-0.0011646154889604077,0.014070392746361904,0.014843788550933823,0.0007733958045719191,0.0037388569947021705,0.003193980521367242,-0.0005448764733349287,0.007477260404266417,0.00787336336604009,0.00039610296177367346,15360,15360,0,0,0,0,0,neutral,2,True
23,42,17,1,7,"[1, 306, 505, 925, 4133, 515, 263, 1472, 4723, 355, 297, 365, 23427, 14042, 16185, 11340, 373, 2087, 27449, 515, 4517, 402, 271, 11633, 29889, 450, 714, 9917, 16286, 471, 3431, 313, 1181, 9687, 2011, 26855, 892, 263, 2586, 380, 292, 10880, 2183, 278, 29871, 29906, 7234, 29871, 29906, 29900, 11015, 16286, 931, 29897, 322, 281, 11977, 4688, 964, 365, 23427, 14042, 13785, 29889, 17446, 16112, 1048, 6974, 18331, 373, 263, 24211, 448, 450, 11182, 304, 278, 4272, 8442, 526, 2846, 322, 2215, 1546, 29889, 306, 9698, 701, 5622, 263, 8818, 29875, 607, 3438, 592, 29871, 29953, 29945, 29900, 29900, 317, 1806, 313, 1048, 10261, 29925, 29871, 29906, 29900, 29897, 13452, 278, 3593, 471, 29871, 29953, 29900, 29900, 317, 1806, 313, 29896, 29889, 29946, 29900, 467, 373, 373, 736, 16286, 3253, 2849, 12611, 19420, 278, 16286, 363, 525, 8364, 16905, 9590, 1642]","[1, 306, 505, 925, 4133, 515, 263, 1472, 4723, 355, 297, 365, 23427, 14042, 16185, 11340, 373, 2087, 27449, 515, 4517, 402, 271, 11633, 29889, 450, 714, 9917, 16286, 471, 3431, 313, 1181, 9687, 2011, 26855, 892, 263, 2586, 380, 292, 10880, 2183, 278, 29871, 29906, 7234, 29871, 29906, 29900, 11015, 16286, 931, 29897, 322, 281, 11977, 4688, 964, 365, 23427, 14042, 13785, 29889, 17446, 16112, 1048, 6974, 18331, 373, 263, 24211, 448, 450, 11182, 304, 278, 4272, 8442, 526, 2846, 322, 2215, 1546, 29889, 306, 9698, 701, 5622, 263, 8818, 29875, 607, 3438, 592, 29871, 29953, 29945, 29900, 29900, 317, 1806, 313, 1048, 10261, 29925, 29871, 29906, 29900, 29897, 13452, 278, 3593, 471, 29871, 29953, 29900, 29900, 317, 23545, 313, 29896, 29889, 29946, 29900, 467, 1551, 278, 736, 16286, 3253, 2849, 12611, 19420, 278, 16286, 363, 525, 8364, 16905, 9590, 1642]",93cecca4c4cd2a5e7e2b573f88f1a9efc11930d4459a3e9585bc05d2d882338f,db6245f29ac052aa38a892dca5dadd59e1196c2fad9c20d7aac01bc9d89b2b0e,93cecca4c4cd2a5e7e2b573f88f1a9efc11930d4459a3e9585bc05d2d882338f,db6245f29ac052aa38a892dca5dadd59e1196c2fad9c20d7aac01bc9d89b2b0e,93cecca4c4cd2a5e7e2b573f88f1a9efc11930d4459a3e9585bc05d2d882338f,db6245f29ac052aa38a892dca5dadd59e1196c2fad9c20d7aac01bc9d89b2b0e,True,True,0.015632884576916695,0.014683978632092476,-0.0009489059448242188,7,4,"[119, 120, 126, 127]","[119, 126, 127]",True,128,2816,False,True,0.1264643371105194,0.09416264295578003,-0.03230169415473938,0.48632726073265076,0.47826728224754333,-0.008059978485107422,0.012450694593346932,0.006473085673695261,-0.005977608919651671,0.027319405164400287,0.024092696226117285,-0.0032267089382830016,0.004537895659678707,0.0025499646058853936,-0.001987931053793313,0.009459312621723203,0.00857166605362413,-0.0008876465680990736,6528,6528,0,0,2,1,1,positive,3,True
23,42,17,1,8,"[1, 306, 505, 925, 4133, 515, 263, 1472, 4723, 355, 297, 365, 23427, 14042, 16185, 11340, 373, 2087, 27449, 515, 4517, 402, 271, 11633, 29889, 450, 714, 9917, 16286, 471, 3431, 313, 1181, 9687, 2011, 26855, 892, 263, 2586, 380, 292, 10880, 2183, 278, 29871, 29906, 7234, 29871, 29906, 29900, 11015, 16286, 931, 29897, 322, 281, 11977, 4688, 964, 365, 23427, 14042, 13785, 29889, 17446, 16112, 1048, 6974, 18331, 373, 263, 24211, 448, 450, 11182, 304, 278, 4272, 8442, 526, 2846, 322, 2215, 1546, 29889, 306, 9698, 701, 5622, 263, 8818, 29875, 607, 3438, 592, 29871, 29953, 29945, 29900, 29900, 317, 1806, 313, 1048, 10261, 29925, 29871, 29906, 29900, 29897, 13452, 278, 3593, 471, 29871, 29953, 29900, 29900, 317, 23545, 313, 29896, 29889, 29946, 29900, 467, 1551, 278, 736, 16286, 3253, 2849, 12611, 19420, 278, 16286, 363, 525, 8364, 16905, 9590, 1642]","[1, 306, 505, 925, 4133, 515, 263, 1472, 4723, 355, 297, 365, 23427, 14042, 16185, 11340, 373, 2087, 27449, 515, 4517, 402, 271, 11633, 29889, 450, 714, 9917, 16286, 471, 3431, 313, 1181, 9687, 2011, 26855, 892, 263, 2586, 380, 292, 10880, 2183, 278, 29871, 29906, 7234, 29871, 29906, 29900, 11015, 16286, 931, 29897, 322, 281, 11977, 4688, 964, 365, 23427, 14042, 13785, 29889, 17446, 16112, 1048, 6974, 18331, 373, 263, 24211, 448, 450, 11182, 304, 278, 4272, 8442, 526, 2846, 322, 2215, 1546, 29889, 306, 9698, 701, 5622, 263, 8818, 29875, 607, 3438, 592, 29871, 29953, 29945, 29900, 29900, 317, 1806, 313, 1048, 10261, 29925, 29871, 29906, 29900, 29897, 13452, 278, 3593, 471, 29871, 29953, 29900, 29900, 317, 23545, 313, 29896, 29889, 29946, 29900, 467, 1551, 278, 736, 16286, 11033, 29718, 12611, 12611, 278, 16286, 363, 525, 8364, 16905, 9590, 8106]",db6245f29ac052aa38a892dca5dadd59e1196c2fad9c20d7aac01bc9d89b2b0e,88c3f61ebccb8112dbcdc026a892030d0537d6c138fed42cd8caaf93ef6a8bd4,db6245f29ac052aa38a892dca5dadd59e1196c2fad9c20d7aac01bc9d89b2b0e,88c3f61ebccb8112dbcdc026a892030d0537d6c138fed42cd8caaf93ef6a8bd4,db6245f29ac052aa38a892dca5dadd59e1196c2fad9c20d7aac01bc9d89b2b0e,88c3f61ebccb8112dbcdc026a892030d0537d6c138fed42cd8caaf93ef6a8bd4,True,True,0.014683978632092476,0.014597690664231777,-8.62879678606987e-05,8,1,"[130, 131, 133, 141]","[130, 131, 133, 141]",True,74,1408,False,True,0.12350034713745117,0.10502686351537704,-0.018473483622074127,0.4896729588508606,0.49180006980895996,0.0021271109580993652,0.034415878101506016,0.032096639021553776,-0.00231923907995224,0.06270421952517195,0.05848230645907196,-0.004221913066099994,0.011703306231005439,0.010374069856158618,-0.0013292363748468213,0.016375929775551475,0.014942147624518337,-0.0014337821510331372,3712,3712,0,0,0,1,-1,harmful,4,True
23,42,17,2,0,"[1, 306, 505, 925, 4133, 515, 263, 1472, 4723, 355, 297, 365, 23427, 14042, 16185, 11340, 373, 2087, 27449, 515, 4517, 402, 271, 11633, 29889, 450, 714, 9917, 16286, 471, 3431, 313, 1181, 9687, 2011, 26855, 892, 263, 2586, 380, 292, 10880, 2183, 278, 29871, 29906, 7234, 29871, 29906, 29900, 11015, 16286, 931, 29897, 322, 281, 11977, 4688, 964, 365, 23427, 14042, 13785, 29889, 17446, 16112, 1048, 6974, 18331, 373, 263, 24211, 448, 450, 11182, 304, 278, 4272, 8442, 526, 2846, 322, 2215, 1546, 29889, 306, 9698, 701, 5622, 263, 8818, 29875, 607, 3438, 592, 29871, 29953, 29945, 29900, 29900, 317, 1806, 313, 1048, 10261, 29925, 29871, 29906, 29900, 29897, 13452, 278, 3593, 471, 29871, 29953, 29900, 29900, 317, 23545, 313, 29896, 29889, 29946, 29900, 467, 1551, 278, 736, 16286, 11033, 29718, 12611, 12611, 278, 16286, 363, 525, 8364, 16905, 9590, 8106]","[1, 306, 505, 925, 4133, 515, 263, 1472, 4723, 355, 297, 365, 23427, 14042, 10835, 11340, 373, 2087, 27449, 515, 4517, 402, 271, 11633, 29889, 450, 714, 9917, 16286, 471, 3431, 313, 1181, 9687, 2011, 26855, 892, 263, 2586, 380, 292, 10880, 2183, 278, 29871, 29906, 7234, 29871, 29906, 29900, 11015, 16286, 931, 29897, 322, 281, 11977, 4688, 964, 365, 23427, 14042, 13785, 29889, 17446, 16112, 1048, 6974, 18331, 373, 263, 24211, 448, 450, 11182, 304, 278, 4272, 8442, 526, 2846, 322, 2215, 1546, 29889, 306, 9698, 701, 5622, 263, 8818, 29875, 607, 3438, 592, 29871, 29953, 29945, 29900, 29900, 317, 1806, 313, 1048, 10261, 29925, 29871, 29906, 29900, 29897, 13452, 278, 3593, 471, 29871, 29953, 29900, 29900, 317, 23545, 313, 29896, 29889, 29946, 29900, 467, 1551, 278, 736, 16286, 11033, 29718, 12611, 12611, 278, 16286, 363, 525, 8364, 16905, 9590, 8106]",88c3f61ebccb8112dbcdc026a892030d0537d6c138fed42cd8caaf93ef6a8bd4,f536f7e22c4c60ac41f862376f3f78b96c748e6391861fc1c201e645904d5caa,88c3f61ebccb8112dbcdc026a892030d0537d6c138fed42cd8caaf93ef6a8bd4,f536f7e22c4c60ac41f862376f3f78b96c748e6391861fc1c201e645904d5caa,88c3f61ebccb8112dbcdc026a892030d0537d6c138fed42cd8caaf93ef6a8bd4,f536f7e22c4c60ac41f862376f3f78b96c748e6391861fc1c201e645904d5caa,True,True,0.014597690664231777,0.013776388950645924,-0.0008213017135858536,4,1,"[12, 14]",[14],True,128,8192,False,True,0.16179853677749634,0.14501520991325378,-0.016783326864242554,0.4267120361328125,0.4295870065689087,0.0028749704360961914,0.008446809006272815,0.005416665619122796,-0.0030301433871500194,0.014701675201649778,0.012295365406316705,-0.0024063097953330725,0.008446809006272815,0.005416665619122796,-0.0030301433871500194,0.014701675201649778,0.012295365406316705,-0.0024063097953330725,8192,8192,0,0,0,0,0,neutral,1,True
23,42,17,2,4,"[1, 306, 505, 925, 4133, 515, 263, 1472, 4723, 355, 297, 365, 23427, 14042, 10835, 11340, 373, 2087, 27449, 515, 4517, 402, 271, 11633, 29889, 450, 714, 9917, 16286, 471, 3431, 313, 1181, 9687, 2011, 26855, 892, 263, 2586, 380, 292, 10880, 2183, 278, 29871, 29906, 7234, 29871, 29906, 29900, 11015, 16286, 931, 29897, 322, 281, 11977, 4688, 964, 365, 23427, 14042, 13785, 29889, 17446, 16112, 1048, 6974, 18331, 373, 263, 24211, 448, 450, 11182, 304, 278, 4272, 8442, 526, 2846, 322, 2215, 1546, 29889, 306, 9698, 701, 5622, 263, 8818, 29875, 607, 3438, 592, 29871, 29953, 29945, 29900, 29900, 317, 1806, 313, 1048, 10261, 29925, 29871, 29906, 29900, 29897, 13452, 278, 3593, 471, 29871, 29953, 29900, 29900, 317, 23545, 313, 29896, 29889, 29946, 29900, 467, 1551, 278, 736, 16286, 11033, 29718, 12611, 12611, 278, 16286, 363, 525, 8364, 16905, 9590, 8106]","[1, 306, 505, 925, 4133, 515, 263, 1472, 4723, 355, 297, 365, 23427, 14042, 10835, 11340, 373, 2087, 27449, 515, 4517, 402, 271, 11633, 29889, 450, 714, 9917, 16286, 471, 3431, 313, 1181, 9687, 2011, 26855, 892, 263, 2586, 380, 292, 10880, 2183, 278, 29871, 29906, 7234, 29871, 29906, 29900, 11015, 16286, 931, 29897, 322, 281, 11977, 4688, 964, 365, 23427, 14042, 13785, 29889, 17446, 16010, 1048, 6974, 18331, 373, 263, 24211, 448, 278, 11182, 304, 278, 4272, 8442, 526, 2846, 322, 2215, 1546, 29889, 306, 9698, 701, 5622, 263, 8818, 29875, 607, 3438, 592, 29871, 29953, 29945, 29900, 29900, 317, 1806, 313, 1048, 10261, 29925, 29871, 29906, 29900, 29897, 13452, 278, 3593, 471, 29871, 29953, 29900, 29900, 317, 23545, 313, 29896, 29889, 29946, 29900, 467, 1551, 278, 736, 16286, 11033, 29718, 12611, 12611, 278, 16286, 363, 525, 8364, 16905, 9590, 8106]",f536f7e22c4c60ac41f862376f3f78b96c748e6391861fc1c201e645904d5caa,4e3e6ce3140fb3a537f121ac43b16f640e449892b97896f2ef5f52b3cd5a49ea,f536f7e22c4c60ac41f862376f3f78b96c748e6391861fc1c201e645904d5caa,4e3e6ce3140fb3a537f121ac43b16f640e449892b97896f2ef5f52b3cd5a49ea,f536f7e22c4c60ac41f862376f3f78b96c748e6391861fc1c201e645904d5caa,4e3e6ce3140fb3a537f121ac43b16f640e449892b97896f2ef5f52b3cd5a49ea,True,True,0.013776388950645924,0.013200380839407444,-0.0005760081112384796,5,2,"[65, 68, 73]","[65, 73]",True,128,8192,False,True,0.09997692704200745,0.09394433349370956,-0.006032593548297882,0.4556543529033661,0.45764198899269104,0.001987636089324951,0.005493698423379101,0.0040815561296767555,-0.0014121422937023453,0.014685285670566373,0.014408497438125778,-0.0002767882324405946,0.0031404109206050633,0.0022535782190971076,-0.0008868327015079556,0.00780549414921552,0.007632771270194402,-0.0001727228790211182,15360,15360,0,0,1,0,1,positive,2,True
23,42,17,2,7,"[1, 306, 505, 925, 4133, 515, 263, 1472, 4723, 355, 297, 365, 23427, 14042, 10835, 11340, 373, 2087, 27449, 515, 4517, 402, 271, 11633, 29889, 450, 714, 9917, 16286, 471, 3431, 313, 1181, 9687, 2011, 26855, 892, 263, 2586, 380, 292, 10880, 2183, 278, 29871, 29906, 7234, 29871, 29906, 29900, 11015, 16286, 931, 29897, 322, 281, 11977, 4688, 964, 365, 23427, 14042, 13785, 29889, 17446, 16010, 1048, 6974, 18331, 373, 263, 24211, 448, 278, 11182, 304, 278, 4272, 8442, 526, 2846, 322, 2215, 1546, 29889, 306, 9698, 701, 5622, 263, 8818, 29875, 607, 3438, 592, 29871, 29953, 29945, 29900, 29900, 317, 1806, 313, 1048, 10261, 29925, 29871, 29906, 29900, 29897, 13452, 278, 3593, 471, 29871, 29953, 29900, 29900, 317, 23545, 313, 29896, 29889, 29946, 29900, 467, 1551, 278, 736, 16286, 11033, 29718, 12611, 12611, 278, 16286, 363, 525, 8364, 16905, 9590, 8106]","[1, 306, 505, 925, 4133, 515, 263, 1472, 4723, 355, 297, 365, 23427, 14042, 10835, 11340, 373, 2087, 27449, 515, 4517, 402, 271, 11633, 29889, 450, 714, 9917, 16286, 471, 3431, 313, 1181, 9687, 2011, 26855, 892, 263, 2586, 380, 292, 10880, 2183, 278, 29871, 29906, 7234, 29871, 29906, 29900, 11015, 16286, 931, 29897, 322, 281, 11977, 4688, 964, 365, 23427, 14042, 13785, 29889, 17446, 16010, 1048, 6974, 18331, 373, 263, 24211, 448, 278, 11182, 304, 278, 4272, 8442, 526, 2846, 322, 2215, 1546, 29889, 306, 9698, 701, 5622, 263, 8818, 29875, 607, 3438, 592, 29871, 29953, 29945, 29900, 29900, 317, 1806, 313, 1048, 10261, 29925, 29871, 29906, 29900, 29897, 13452, 278, 3593, 471, 29871, 29953, 29900, 29900, 317, 277, 313, 29896, 29889, 29946, 29900, 467, 1551, 278, 736, 16286, 11033, 29718, 12611, 12611, 278, 16286, 363, 525, 8364, 16905, 9590, 8106]",4e3e6ce3140fb3a537f121ac43b16f640e449892b97896f2ef5f52b3cd5a49ea,fd3f97f3b754370e1e4dd89f0ea1bf467cf09842995b5fa9ba02b3bc1cb66404,4e3e6ce3140fb3a537f121ac43b16f640e449892b97896f2ef5f52b3cd5a49ea,fd3f97f3b754370e1e4dd89f0ea1bf467cf09842995b5fa9ba02b3bc1cb66404,4e3e6ce3140fb3a537f121ac43b16f640e449892b97896f2ef5f52b3cd5a49ea,fd3f97f3b754370e1e4dd89f0ea1bf467cf09842995b5fa9ba02b3bc1cb66404,True,True,0.013200380839407444,0.013121142983436584,-7.923785597085953e-05,4,1,"[119, 120, 126, 127]",[119],True,128,2816,False,True,0.09080955386161804,0.09011130034923553,-0.0006982535123825073,0.5025888681411743,0.5027127265930176,0.00012385845184326172,0.002803224287080494,0.003394185544245622,0.0005909612571651283,0.007419433783401142,0.007591528945009817,0.00017209516160867494,0.002803224287080494,0.003394185544245622,0.0005909612571651283,0.007419433783401142,0.007591528945009817,0.00017209516160867494,2816,2816,0,0,0,0,0,neutral,1,True
24,42,17,1,1,"[1, 2216, 263, 2107, 7271, 363, 263, 937, 931, 11340, 8750, 310, 8991, 15456, 29718, 29889, 590, 8677, 373, 750, 1818, 367, 7120, 1156, 4206, 29871, 29946, 29899, 29929, 769, 29871, 29896, 29929, 29899, 29906, 29945, 892, 4433, 304, 12590, 29889, 306, 471, 297, 278, 6876, 1948, 29871, 29896, 29941, 322, 727, 29915, 338, 451, 3307, 5716, 363, 8677, 29899, 7804, 363, 29871, 29896, 29900, 1948, 29973, 451, 871, 393, 29892, 366, 14383, 278, 7256, 1948, 988, 777, 2373, 28865, 5146, 5684, 6909, 304, 7845, 901, 13016, 23511, 29889, 8897, 7146, 25409, 306, 471, 297, 12949, 29871, 29896, 29941, 29909, 2750, 278, 3474, 29892, 590, 5075, 1791, 471, 9391, 373, 278, 3474, 2625, 408, 471, 278, 28134, 5742, 592, 29889, 306, 674, 451, 367, 22764, 8991, 4234, 1449, 408, 445, 471, 590, 937, 322, 1833, 10322, 1363, 310, 23381, 8666, 29889]","[1, 2216, 263, 2107, 7271, 363, 263, 937, 931, 11340, 8750, 310, 8991, 15456, 29718, 29889, 1619, 8677, 373, 750, 304, 367, 7120, 1156, 4206, 29871, 29946, 29899, 29929, 769, 29871, 29896, 29929, 29899, 29906, 29945, 892, 4433, 304, 12590, 29889, 306, 471, 297, 278, 6876, 1948, 29871, 29896, 29941, 322, 727, 29915, 338, 451, 3307, 5716, 363, 8677, 29899, 7804, 363, 29871, 29896, 29900, 1948, 29973, 451, 871, 393, 29892, 366, 14383, 278, 7256, 1948, 988, 777, 2373, 28865, 5146, 5684, 6909, 304, 7845, 901, 13016, 23511, 29889, 8897, 7146, 25409, 306, 471, 297, 12949, 29871, 29896, 29941, 29909, 2750, 278, 3474, 29892, 590, 5075, 1791, 471, 9391, 373, 278, 3474, 2625, 408, 471, 278, 28134, 5742, 592, 29889, 306, 674, 451, 367, 22764, 8991, 4234, 1449, 408, 445, 471, 590, 937, 322, 1833, 10322, 1363, 310, 23381, 8666, 29889]",63dfb9e7610fad1931408118113ab197353d96532d3d1aca54e01f8c70f25b9e,a3aeabc159bf2b9f034c9404333d8bcd0631ff1b0e556fc929d3de09887f5755,63dfb9e7610fad1931408118113ab197353d96532d3d1aca54e01f8c70f25b9e,a3aeabc159bf2b9f034c9404333d8bcd0631ff1b0e556fc929d3de09887f5755,63dfb9e7610fad1931408118113ab197353d96532d3d1aca54e01f8c70f25b9e,a3aeabc159bf2b9f034c9404333d8bcd0631ff1b0e556fc929d3de09887f5755,True,True,0.010796762071549892,0.008237611502408981,-0.002559150569140911,9,3,"[16, 20, 24]","[16, 20]",True,128,8192,False,True,0.1554710566997528,0.1470496952533722,-0.008421361446380615,0.46550172567367554,0.46604350209236145,0.0005417764186859131,0.007534479766036384,0.0024479866260662675,-0.005086493139970116,0.01928423569916049,0.017518067186756525,-0.001766168512403965,0.0040050414465968645,0.0013488457658358158,-0.0026561956807610487,0.010887850128534821,0.009755191408217914,-0.0011326587203169067,15872,15872,0,0,2,0,2,positive,2,True
24,42,17,1,3,"[1, 2216, 263, 2107, 7271, 363, 263, 937, 931, 11340, 8750, 310, 8991, 15456, 29718, 29889, 1619, 8677, 373, 750, 304, 367, 7120, 1156, 4206, 29871, 29946, 29899, 29929, 769, 29871, 29896, 29929, 29899, 29906, 29945, 892, 4433, 304, 12590, 29889, 306, 471, 297, 278, 6876, 1948, 29871, 29896, 29941, 322, 727, 29915, 338, 451, 3307, 5716, 363, 8677, 29899, 7804, 363, 29871, 29896, 29900, 1948, 29973, 451, 871, 393, 29892, 366, 14383, 278, 7256, 1948, 988, 777, 2373, 28865, 5146, 5684, 6909, 304, 7845, 901, 13016, 23511, 29889, 8897, 7146, 25409, 306, 471, 297, 12949, 29871, 29896, 29941, 29909, 2750, 278, 3474, 29892, 590, 5075, 1791, 471, 9391, 373, 278, 3474, 2625, 408, 471, 278, 28134, 5742, 592, 29889, 306, 674, 451, 367, 22764, 8991, 4234, 1449, 408, 445, 471, 590, 937, 322, 1833, 10322, 1363, 310, 23381, 8666, 29889]","[1, 2216, 263, 2107, 7271, 363, 263, 937, 931, 11340, 8750, 310, 8991, 15456, 29718, 29889, 1619, 8677, 373, 750, 304, 367, 7120, 1156, 4206, 29871, 29946, 29899, 29929, 769, 29871, 29896, 29929, 29899, 29906, 29945, 892, 4433, 304, 12590, 29889, 306, 471, 297, 278, 6876, 1948, 29871, 29896, 29941, 322, 727, 29915, 8519, 451, 3307, 5716, 363, 8677, 29899, 4410, 363, 29871, 29896, 29900, 1948, 29973, 451, 871, 393, 29892, 366, 14383, 278, 7256, 1948, 988, 777, 2373, 28865, 5146, 5684, 6909, 304, 7845, 901, 13016, 23511, 29889, 8897, 7146, 25409, 306, 471, 297, 12949, 29871, 29896, 29941, 29909, 2750, 278, 3474, 29892, 590, 5075, 1791, 471, 9391, 373, 278, 3474, 2625, 408, 471, 278, 28134, 5742, 592, 29889, 306, 674, 451, 367, 22764, 8991, 4234, 1449, 408, 445, 471, 590, 937, 322, 1833, 10322, 1363, 310, 23381, 8666, 29889]",a3aeabc159bf2b9f034c9404333d8bcd0631ff1b0e556fc929d3de09887f5755,e0a9fec88e1de8ea0aafd79b15d643754b572eb2e862239047eb4151484048a9,a3aeabc159bf2b9f034c9404333d8bcd0631ff1b0e556fc929d3de09887f5755,e0a9fec88e1de8ea0aafd79b15d643754b572eb2e862239047eb4151484048a9,a3aeabc159bf2b9f034c9404333d8bcd0631ff1b0e556fc929d3de09887f5755,e0a9fec88e1de8ea0aafd79b15d643754b572eb2e862239047eb4151484048a9,True,True,0.008237611502408981,0.0075135366059839725,-0.0007240748964250088,8,2,"[53, 60]","[53, 60]",True,128,8192,False,True,0.16589081287384033,0.07735005021095276,-0.08854076266288757,0.4726552963256836,0.4651201665401459,-0.00753512978553772,0.007507862763304729,0.007366927668044809,-0.00014093509525991976,0.013721542600251269,0.016460647333587985,0.002739104733336717,0.003896809221545527,0.0040241745646950626,0.00012736534314953564,0.007475270989758909,0.008979160177005717,0.001503889187246808,15488,15488,0,0,0,0,0,neutral,2,True
24,42,17,1,4,"[1, 2216, 263, 2107, 7271, 363, 263, 937, 931, 11340, 8750, 310, 8991, 15456, 29718, 29889, 1619, 8677, 373, 750, 304, 367, 7120, 1156, 4206, 29871, 29946, 29899, 29929, 769, 29871, 29896, 29929, 29899, 29906, 29945, 892, 4433, 304, 12590, 29889, 306, 471, 297, 278, 6876, 1948, 29871, 29896, 29941, 322, 727, 29915, 8519, 451, 3307, 5716, 363, 8677, 29899, 4410, 363, 29871, 29896, 29900, 1948, 29973, 451, 871, 393, 29892, 366, 14383, 278, 7256, 1948, 988, 777, 2373, 28865, 5146, 5684, 6909, 304, 7845, 901, 13016, 23511, 29889, 8897, 7146, 25409, 306, 471, 297, 12949, 29871, 29896, 29941, 29909, 2750, 278, 3474, 29892, 590, 5075, 1791, 471, 9391, 373, 278, 3474, 2625, 408, 471, 278, 28134, 5742, 592, 29889, 306, 674, 451, 367, 22764, 8991, 4234, 1449, 408, 445, 471, 590, 937, 322, 1833, 10322, 1363, 310, 23381, 8666, 29889]","[1, 2216, 263, 2107, 7271, 363, 263, 937, 931, 11340, 8750, 310, 8991, 15456, 29718, 29889, 1619, 8677, 373, 750, 304, 367, 7120, 1156, 4206, 29871, 29946, 29899, 29929, 769, 29871, 29896, 29929, 29899, 29906, 29945, 892, 4433, 304, 12590, 29889, 306, 471, 297, 278, 6876, 1948, 29871, 29896, 29941, 322, 727, 29915, 8519, 451, 3307, 5716, 363, 8677, 29899, 4410, 363, 29871, 29896, 29900, 4206, 29973, 451, 871, 393, 29892, 366, 14383, 278, 7256, 1948, 988, 777, 2373, 20330, 5146, 5684, 6909, 304, 7845, 901, 13016, 23511, 29889, 8897, 7146, 25409, 306, 471, 297, 12949, 29871, 29896, 29941, 29909, 2750, 278, 3474, 29892, 590, 5075, 1791, 471, 9391, 373, 278, 3474, 2625, 408, 471, 278, 28134, 5742, 592, 29889, 306, 674, 451, 367, 22764, 8991, 4234, 1449, 408, 445, 471, 590, 937, 322, 1833, 10322, 1363, 310, 23381, 8666, 29889]",e0a9fec88e1de8ea0aafd79b15d643754b572eb2e862239047eb4151484048a9,ad0fc0ac8594cc28e34c96027d90a9fc7bbe2bc7c30f4778f0ebca696f007322,e0a9fec88e1de8ea0aafd79b15d643754b572eb2e862239047eb4151484048a9,ad0fc0ac8594cc28e34c96027d90a9fc7bbe2bc7c30f4778f0ebca696f007322,e0a9fec88e1de8ea0aafd79b15d643754b572eb2e862239047eb4151484048a9,ad0fc0ac8594cc28e34c96027d90a9fc7bbe2bc7c30f4778f0ebca696f007322,True,True,0.0075135366059839725,0.0068689812906086445,-0.0006445553153753281,5,2,"[65, 78, 79]","[65, 79]",True,128,8192,False,True,0.11226435005664825,0.09245698153972626,-0.019807368516921997,0.4761764407157898,0.4729173183441162,-0.003259122371673584,0.005568179003603291,0.003409982855373528,-0.002158196148229763,0.013826261965732556,0.012339631510258187,-0.0014866304554743692,0.003106019324868133,0.0018026059321863087,-0.0013034133926818244,0.007637280272319913,0.0067954072361125755,-0.0008418730362073374,14592,14592,0,0,1,0,1,positive,2,True
24,42,17,1,5,"[1, 2216, 263, 2107, 7271, 363, 263, 937, 931, 11340, 8750, 310, 8991, 15456, 29718, 29889, 1619, 8677, 373, 750, 304, 367, 7120, 1156, 4206, 29871, 29946, 29899, 29929, 769, 29871, 29896, 29929, 29899, 29906, 29945, 892, 4433, 304, 12590, 29889, 306, 471, 297, 278, 6876, 1948, 29871, 29896, 29941, 322, 727, 29915, 8519, 451, 3307, 5716, 363, 8677, 29899, 4410, 363, 29871, 29896, 29900, 4206, 29973, 451, 871, 393, 29892, 366, 14383, 278, 7256, 1948, 988, 777, 2373, 20330, 5146, 5684, 6909, 304, 7845, 901, 13016, 23511, 29889, 8897, 7146, 25409, 306, 471, 297, 12949, 29871, 29896, 29941, 29909, 2750, 278, 3474, 29892, 590, 5075, 1791, 471, 9391, 373, 278, 3474, 2625, 408, 471, 278, 28134, 5742, 592, 29889, 306, 674, 451, 367, 22764, 8991, 4234, 1449, 408, 445, 471, 590, 937, 322, 1833, 10322, 1363, 310, 23381, 8666, 29889]","[1, 2216, 263, 2107, 7271, 363, 263, 937, 931, 11340, 8750, 310, 8991, 15456, 29718, 29889, 1619, 8677, 373, 750, 304, 367, 7120, 1156, 4206, 29871, 29946, 29899, 29929, 769, 29871, 29896, 29929, 29899, 29906, 29945, 892, 4433, 304, 12590, 29889, 306, 471, 297, 278, 6876, 1948, 29871, 29896, 29941, 322, 727, 29915, 8519, 451, 3307, 5716, 363, 8677, 29899, 4410, 363, 29871, 29896, 29900, 4206, 29973, 451, 871, 393, 29892, 366, 14383, 278, 7256, 1948, 988, 777, 2373, 20330, 5146, 5684, 6909, 304, 7845, 901, 13016, 23511, 29889, 9208, 2486, 25409, 306, 471, 297, 12949, 29871, 29896, 29941, 29909, 2750, 278, 3474, 29892, 590, 5075, 1791, 471, 9391, 373, 278, 3474, 2625, 408, 471, 278, 28134, 5742, 592, 29889, 306, 674, 451, 367, 22764, 8991, 4234, 1449, 408, 445, 471, 590, 937, 322, 1833, 10322, 1363, 310, 23381, 8666, 29889]",ad0fc0ac8594cc28e34c96027d90a9fc7bbe2bc7c30f4778f0ebca696f007322,246bce835136e76a6808e097dc4ef0408a3226cc37b41cd8a4c8221594d11b1b,ad0fc0ac8594cc28e34c96027d90a9fc7bbe2bc7c30f4778f0ebca696f007322,246bce835136e76a6808e097dc4ef0408a3226cc37b41cd8a4c8221594d11b1b,ad0fc0ac8594cc28e34c96027d90a9fc7bbe2bc7c30f4778f0ebca696f007322,246bce835136e76a6808e097dc4ef0408a3226cc37b41cd8a4c8221594d11b1b,True,True,0.0068689812906086445,0.006193600594997406,-0.0006753806956112385,2,1,"[84, 87, 89, 90, 91]","[89, 90]",True,128,6528,False,True,0.09693948179483414,0.06280171871185303,-0.03413776308298111,0.4935539662837982,0.4912005364894867,-0.0023534297943115234,0.005309352934287459,0.0021923376685556244,-0.0031170152657318344,0.012494121879047039,0.010042503558318405,-0.0024516183207286338,0.002643675469599738,0.0010484061250002077,-0.0015952693445995302,0.006085668344714559,0.0050224486397265795,-0.0010632197049879792,12928,12928,0,0,1,0,1,positive,2,True
24,42,17,2,0,"[1, 2216, 263, 2107, 7271, 363, 263, 937, 931, 11340, 8750, 310, 8991, 15456, 29718, 29889, 1619, 8677, 373, 750, 304, 367, 7120, 1156, 4206, 29871, 29946, 29899, 29929, 769, 29871, 29896, 29929, 29899, 29906, 29945, 892, 4433, 304, 12590, 29889, 306, 471, 297, 278, 6876, 1948, 29871, 29896, 29941, 322, 727, 29915, 8519, 451, 3307, 5716, 363, 8677, 29899, 4410, 363, 29871, 29896, 29900, 4206, 29973, 451, 871, 393, 29892, 366, 14383, 278, 7256, 1948, 988, 777, 2373, 20330, 5146, 5684, 6909, 304, 7845, 901, 13016, 23511, 29889, 9208, 2486, 25409, 306, 471, 297, 12949, 29871, 29896, 29941, 29909, 2750, 278, 3474, 29892, 590, 5075, 1791, 471, 9391, 373, 278, 3474, 2625, 408, 471, 278, 28134, 5742, 592, 29889, 306, 674, 451, 367, 22764, 8991, 4234, 1449, 408, 445, 471, 590, 937, 322, 1833, 10322, 1363, 310, 23381, 8666, 29889]","[1, 2216, 263, 2107, 7271, 363, 263, 937, 931, 11340, 28507, 310, 8991, 4234, 29718, 29889, 1619, 8677, 373, 750, 304, 367, 7120, 1156, 4206, 29871, 29946, 29899, 29929, 769, 29871, 29896, 29929, 29899, 29906, 29945, 892, 4433, 304, 12590, 29889, 306, 471, 297, 278, 6876, 1948, 29871, 29896, 29941, 322, 727, 29915, 8519, 451, 3307, 5716, 363, 8677, 29899, 4410, 363, 29871, 29896, 29900, 4206, 29973, 451, 871, 393, 29892, 366, 14383, 278, 7256, 1948, 988, 777, 2373, 20330, 5146, 5684, 6909, 304, 7845, 901, 13016, 23511, 29889, 9208, 2486, 25409, 306, 471, 297, 12949, 29871, 29896, 29941, 29909, 2750, 278, 3474, 29892, 590, 5075, 1791, 471, 9391, 373, 278, 3474, 2625, 408, 471, 278, 28134, 5742, 592, 29889, 306, 674, 451, 367, 22764, 8991, 4234, 1449, 408, 445, 471, 590, 937, 322, 1833, 10322, 1363, 310, 23381, 8666, 29889]",246bce835136e76a6808e097dc4ef0408a3226cc37b41cd8a4c8221594d11b1b,f99bacbfbf293ca1dd54e62f5183964615c59eb0aae95091d3097d6a70b31f97,246bce835136e76a6808e097dc4ef0408a3226cc37b41cd8a4c8221594d11b1b,f99bacbfbf293ca1dd54e62f5183964615c59eb0aae95091d3097d6a70b31f97,246bce835136e76a6808e097dc4ef0408a3226cc37b41cd8a4c8221594d11b1b,f99bacbfbf293ca1dd54e62f5183964615c59eb0aae95091d3097d6a70b31f97,True,True,0.006193600594997406,0.004515636712312698,-0.0016779638826847076,16,2,"[1, 8, 10, 13, 14, 15]","[10, 13]",True,128,8192,False,True,0.05303741991519928,0.0295027457177639,-0.02353467419743538,0.36585941910743713,0.3657122254371643,-0.00014719367027282715,0.006094342461437918,0.00405728130863281,-0.0020370611528051086,0.02189198617998045,0.021518813919101376,-0.0003731722608790733,0.0033856659904122352,0.0023313877694308757,-0.0010542782209813596,0.011850710351020097,0.011601543389260768,-0.00024916696175932875,16000,16000,0,0,0,1,-1,harmful,2,True
24,42,17,2,2,"[1, 2216, 263, 2107, 7271, 363, 263, 937, 931, 11340, 28507, 310, 8991, 4234, 29718, 29889, 1619, 8677, 373, 750, 304, 367, 7120, 1156, 4206, 29871, 29946, 29899, 29929, 769, 29871, 29896, 29929, 29899, 29906, 29945, 892, 4433, 304, 12590, 29889, 306, 471, 297, 278, 6876, 1948, 29871, 29896, 29941, 322, 727, 29915, 8519, 451, 3307, 5716, 363, 8677, 29899, 4410, 363, 29871, 29896, 29900, 4206, 29973, 451, 871, 393, 29892, 366, 14383, 278, 7256, 1948, 988, 777, 2373, 20330, 5146, 5684, 6909, 304, 7845, 901, 13016, 23511, 29889, 9208, 2486, 25409, 306, 471, 297, 12949, 29871, 29896, 29941, 29909, 2750, 278, 3474, 29892, 590, 5075, 1791, 471, 9391, 373, 278, 3474, 2625, 408, 471, 278, 28134, 5742, 592, 29889, 306, 674, 451, 367, 22764, 8991, 4234, 1449, 408, 445, 471, 590, 937, 322, 1833, 10322, 1363, 310, 23381, 8666, 29889]","[1, 2216, 263, 2107, 7271, 363, 263, 937, 931, 11340, 28507, 310, 8991, 4234, 29718, 29889, 1619, 8677, 373, 750, 304, 367, 7120, 1156, 4206, 29871, 29946, 29899, 29929, 769, 29871, 29896, 29929, 29899, 29906, 29945, 892, 4433, 304, 7613, 29889, 306, 471, 297, 278, 6876, 1948, 29871, 29896, 29941, 322, 727, 29915, 8519, 451, 3307, 5716, 363, 8677, 29899, 4410, 363, 29871, 29896, 29900, 4206, 29973, 451, 871, 393, 29892, 366, 14383, 278, 7256, 1948, 988, 777, 2373, 20330, 5146, 5684, 6909, 304, 7845, 901, 13016, 23511, 29889, 9208, 2486, 25409, 306, 471, 297, 12949, 29871, 29896, 29941, 29909, 2750, 278, 3474, 29892, 590, 5075, 1791, 471, 9391, 373, 278, 3474, 2625, 408, 471, 278, 28134, 5742, 592, 29889, 306, 674, 451, 367, 22764, 8991, 4234, 1449, 408, 445, 471, 590, 937, 322, 1833, 10322, 1363, 310, 23381, 8666, 29889]",f99bacbfbf293ca1dd54e62f5183964615c59eb0aae95091d3097d6a70b31f97,bb90bd2d19a6be3cd6f312e59c87444839e920979c07ca70b3ecee0be2117496,f99bacbfbf293ca1dd54e62f5183964615c59eb0aae95091d3097d6a70b31f97,bb90bd2d19a6be3cd6f312e59c87444839e920979c07ca70b3ecee0be2117496,f99bacbfbf293ca1dd54e62f5183964615c59eb0aae95091d3097d6a70b31f97,bb90bd2d19a6be3cd6f312e59c87444839e920979c07ca70b3ecee0be2117496,True,True,0.004515636712312698,0.004252822604030371,-0.00026281410828232765,9,1,"[35, 36, 37, 39]",[39],True,128,8192,False,True,0.07035522162914276,0.06653021275997162,-0.0038250088691711426,0.4473804235458374,0.4469364881515503,-0.0004439353942871094,0.003678673288959544,0.0013890900154365227,-0.0022895832735230215,0.011725476804713253,0.010433669813210145,-0.0012918069915031083,0.003678673288959544,0.0013890900154365227,-0.0022895832735230215,0.011725476804713253,0.010433669813210145,-0.0012918069915031083,8192,8192,0,0,1,0,1,positive,1,True
24,42,17,2,3,"[1, 2216, 263, 2107, 7271, 363, 263, 937, 931, 11340, 28507, 310, 8991, 4234, 29718, 29889, 1619, 8677, 373, 750, 304, 367, 7120, 1156, 4206, 29871, 29946, 29899, 29929, 769, 29871, 29896, 29929, 29899, 29906, 29945, 892, 4433, 304, 7613, 29889, 306, 471, 297, 278, 6876, 1948, 29871, 29896, 29941, 322, 727, 29915, 8519, 451, 3307, 5716, 363, 8677, 29899, 4410, 363, 29871, 29896, 29900, 4206, 29973, 451, 871, 393, 29892, 366, 14383, 278, 7256, 1948, 988, 777, 2373, 20330, 5146, 5684, 6909, 304, 7845, 901, 13016, 23511, 29889, 9208, 2486, 25409, 306, 471, 297, 12949, 29871, 29896, 29941, 29909, 2750, 278, 3474, 29892, 590, 5075, 1791, 471, 9391, 373, 278, 3474, 2625, 408, 471, 278, 28134, 5742, 592, 29889, 306, 674, 451, 367, 22764, 8991, 4234, 1449, 408, 445, 471, 590, 937, 322, 1833, 10322, 1363, 310, 23381, 8666, 29889]","[1, 2216, 263, 2107, 7271, 363, 263, 937, 931, 11340, 28507, 310, 8991, 4234, 29718, 29889, 1619, 8677, 373, 750, 304, 367, 7120, 1156, 4206, 29871, 29946, 29899, 29929, 769, 29871, 29896, 29929, 29899, 29906, 29945, 892, 4433, 304, 7613, 29889, 306, 471, 297, 278, 6876, 1948, 29871, 29896, 29941, 322, 727, 29915, 338, 451, 3307, 5716, 363, 8677, 29899, 24081, 363, 29871, 29896, 29900, 4206, 29973, 451, 871, 393, 29892, 366, 14383, 278, 7256, 1948, 988, 777, 2373, 20330, 5146, 5684, 6909, 304, 7845, 901, 13016, 23511, 29889, 9208, 2486, 25409, 306, 471, 297, 12949, 29871, 29896, 29941, 29909, 2750, 278, 3474, 29892, 590, 5075, 1791, 471, 9391, 373, 278, 3474, 2625, 408, 471, 278, 28134, 5742, 592, 29889, 306, 674, 451, 367, 22764, 8991, 4234, 1449, 408, 445, 471, 590, 937, 322, 1833, 10322, 1363, 310, 23381, 8666, 29889]",bb90bd2d19a6be3cd6f312e59c87444839e920979c07ca70b3ecee0be2117496,dbf4f30ee6f1f18c85a8ae91202f18b9c0d29c306f1d6752284052e99eef244b,bb90bd2d19a6be3cd6f312e59c87444839e920979c07ca70b3ecee0be2117496,dbf4f30ee6f1f18c85a8ae91202f18b9c0d29c306f1d6752284052e99eef244b,bb90bd2d19a6be3cd6f312e59c87444839e920979c07ca70b3ecee0be2117496,dbf4f30ee6f1f18c85a8ae91202f18b9c0d29c306f1d6752284052e99eef244b,True,True,0.004252822604030371,0.003823888022452593,-0.00042893458157777786,5,3,"[53, 60]","[53, 60]",True,128,8192,False,True,0.06917666643857956,0.052677251398563385,-0.016499415040016174,0.44283097982406616,0.43627431988716125,-0.006556659936904907,0.007235242956085131,0.004720970558992121,-0.002514272397093009,0.016338864152203314,0.01455491751403315,-0.001783946638170164,0.003945123869925737,0.002603441176643549,-0.0013416826932821885,0.008932376499788081,0.00794287584722042,-0.0009895006525676604,15488,15488,0,0,0,0,0,neutral,2,True
25,42,17,1,0,"[1, 4517, 7813, 6669, 29899, 263, 9193, 25549, 29899, 25852, 404, 29088, 265, 20310, 29889, 2748, 1449, 5998, 28830, 7271, 411, 445, 4799, 29718, 338, 1781, 1423, 1423, 8197, 1889, 2444, 304, 367, 967, 8062, 1298, 29889, 2379, 16286, 5840, 25619, 7813, 13510, 373, 931, 541, 925, 1434, 25325, 472, 9193, 9193, 306, 1855, 16387, 393, 306, 947, 451, 505, 263, 12590, 28397, 1209, 363, 278, 16791, 16286, 29889, 306, 12707, 304, 28830, 17616, 1048, 372, 541, 896, 6140, 1185, 9543, 310, 738, 2228, 29914, 1889, 10174, 322, 3763, 12992, 592, 304, 278, 16791, 16286, 553, 18296, 472, 278, 4799, 18117, 29889, 1932, 306, 2355, 727, 445, 471, 12522, 29889, 727, 471, 694, 23196, 3625, 515, 278, 4799, 29718, 2845, 322, 306, 1095, 701, 7726, 304, 4799, 18117, 6993, 29889, 306, 471, 5429, 393, 306, 756, 304, 2041, 714, 310, 278, 4799, 18117, 6993, 20704, 4038, 15486, 1423, 297, 599, 975, 1449, 19888, 679, 278, 7613, 28397, 7129, 322, 393, 445, 338, 263, 3918, 8792, 1584, 5998, 289, 18341, 679, 6782, 373, 11480, 2446, 16286, 6336, 29889, 727, 471, 263, 9521, 515, 23927, 472, 1423, 29899, 262, 607, 2444, 15621, 367, 278, 6056, 363, 319, 26103, 273, 29889, 306, 505, 2360, 1063, 4433, 310, 1423, 297, 8951, 472, 4799, 18117, 363, 16791, 1652, 16286, 29889, 910, 769, 8581, 4828, 411, 590, 4799, 18117, 17394, 8454, 451, 2805, 1549, 6993, 322, 306, 750, 304, 5839, 701, 590, 19548, 337, 337, 18744, 322, 1361, 297, 1449, 29889, 910, 20789, 263, 1472, 322, 931, 29899, 2138, 19390, 1889, 22049, 701, 322, 1623, 278, 4799, 637, 29915, 29879, 1422, 5685, 11904, 2992, 29889, 1632, 5962, 15351, 892, 8004, 322, 947, 1009, 1900, 304, 1371, 541, 727, 338, 694, 1023, 5307, 1048, 372, 29901, 445, 471, 263, 1407, 6460, 1532, 376, 2894, 24788, 22912, 5901, 16286, 29889, 306, 2665, 263, 883, 304, 11962, 2669, 304, 6843, 7420, 541, 896, 925, 1497, 393, 278, 1108, 338, 472, 7813, 16470, 322, 393, 896, 756, 7705, 24114, 372, 29889, 306, 4433, 920, 896, 505, 7705, 17786, 372, 541, 896, 925, 10049, 7699, 491, 12312, 278, 1021, 29889, 306, 526, 3763, 25617, 29889, 319, 298, 27558, 280, 29899, 3889, 16286, 411, 319, 26103, 5063, 2444, 9301, 322, 278, 12463, 7271, 947, 451, 16161, 304, 825, 366, 5146, 29889, 306, 723, 451, 6907, 29889, 1551, 278, 982, 1250, 411, 5593, 5115, 16791, 472, 270, 1558, 21538, 29196, 1258, 451, 2367, 738, 1108, 322, 471, 263, 15377, 304, 6686, 4940, 278, 319, 26103, 16162, 4870, 4870, 1423, 29899, 797, 4038, 13797, 306, 3282, 29915, 451, 505, 18876, 26565, 372, 11180]","[1, 4517, 7813, 28836, 29899, 19437, 5593, 25200, 29899, 1349, 16796, 12549, 265, 3230, 29889, 26222, 1449, 5998, 28830, 7271, 411, 445, 4799, 29718, 338, 1781, 1423, 1423, 8197, 1889, 2444, 304, 367, 967, 8062, 1298, 29889, 2379, 16286, 5840, 25619, 7813, 13510, 373, 931, 541, 925, 1434, 25325, 472, 9193, 9193, 306, 1855, 16387, 393, 306, 947, 451, 505, 263, 12590, 28397, 1209, 363, 278, 16791, 16286, 29889, 306, 12707, 304, 28830, 17616, 1048, 372, 541, 896, 6140, 1185, 9543, 310, 738, 2228, 29914, 1889, 10174, 322, 3763, 12992, 592, 304, 278, 16791, 16286, 553, 18296, 472, 278, 4799, 18117, 29889, 1932, 306, 2355, 727, 445, 471, 12522, 29889, 727, 471, 694, 23196, 3625, 515, 278, 4799, 29718, 2845, 322, 306, 1095, 701, 7726, 304, 4799, 18117, 6993, 29889, 306, 471, 5429, 393, 306, 756, 304, 2041, 714, 310, 278, 4799, 18117, 6993, 20704, 4038, 15486, 1423, 297, 599, 975, 1449, 19888, 679, 278, 7613, 28397, 7129, 322, 393, 445, 338, 263, 3918, 8792, 1584, 5998, 289, 18341, 679, 6782, 373, 11480, 2446, 16286, 6336, 29889, 727, 471, 263, 9521, 515, 23927, 472, 1423, 29899, 262, 607, 2444, 15621, 367, 278, 6056, 363, 319, 26103, 273, 29889, 306, 505, 2360, 1063, 4433, 310, 1423, 297, 8951, 472, 4799, 18117, 363, 16791, 1652, 16286, 29889, 910, 769, 8581, 4828, 411, 590, 4799, 18117, 17394, 8454, 451, 2805, 1549, 6993, 322, 306, 750, 304, 5839, 701, 590, 19548, 337, 337, 18744, 322, 1361, 297, 1449, 29889, 910, 20789, 263, 1472, 322, 931, 29899, 2138, 19390, 1889, 22049, 701, 322, 1623, 278, 4799, 637, 29915, 29879, 1422, 5685, 11904, 2992, 29889, 1632, 5962, 15351, 892, 8004, 322, 947, 1009, 1900, 304, 1371, 541, 727, 338, 694, 1023, 5307, 1048, 372, 29901, 445, 471, 263, 1407, 6460, 1532, 376, 2894, 24788, 22912, 5901, 16286, 29889, 306, 2665, 263, 883, 304, 11962, 2669, 304, 6843, 7420, 541, 896, 925, 1497, 393, 278, 1108, 338, 472, 7813, 16470, 322, 393, 896, 756, 7705, 24114, 372, 29889, 306, 4433, 920, 896, 505, 7705, 17786, 372, 541, 896, 925, 10049, 7699, 491, 12312, 278, 1021, 29889, 306, 526, 3763, 25617, 29889, 319, 298, 27558, 280, 29899, 3889, 16286, 411, 319, 26103, 5063, 2444, 9301, 322, 278, 12463, 7271, 947, 451, 16161, 304, 825, 366, 5146, 29889, 306, 723, 451, 6907, 29889, 1551, 278, 982, 1250, 411, 5593, 5115, 16791, 472, 270, 1558, 21538, 29196, 1258, 451, 2367, 738, 1108, 322, 471, 263, 15377, 304, 6686, 4940, 278, 319, 26103, 16162, 4870, 4870, 1423, 29899, 797, 4038, 13797, 306, 3282, 29915, 451, 505, 18876, 26565, 372, 11180]",397d840fcc5d7dc29166c6dd3c581f3f3c81de0e9a4664e150c9f08d29afa435,1b1c871abab43a988877a73d018889a7932296f1b2efeb3be909d5cdece7550b,397d840fcc5d7dc29166c6dd3c581f3f3c81de0e9a4664e150c9f08d29afa435,1b1c871abab43a988877a73d018889a7932296f1b2efeb3be909d5cdece7550b,397d840fcc5d7dc29166c6dd3c581f3f3c81de0e9a4664e150c9f08d29afa435,1b1c871abab43a988877a73d018889a7932296f1b2efeb3be909d5cdece7550b,True,True,0.02565687708556652,0.02408207766711712,-0.0015747994184494019,27,23,"[3, 5, 6, 7, 9, 10, 11, 13, 15]","[3, 5, 6, 7, 9, 10, 11, 13, 15]",True,128,8192,False,True,0.20986253023147583,0.19024047255516052,-0.019622057676315308,0.3943951725959778,0.4014430344104767,0.007047861814498901,0.0433555248673656,0.029549441482231487,-0.013806083385134116,0.0792004024333437,0.0734563290970982,-0.005744073336245492,0.006059872988924271,0.004621064100229672,-0.0014388088886945986,0.012409387708229247,0.011108183955155199,-0.0013012037530740483,67072,67072,0,0,1,1,0,neutral,9,True
25,42,17,1,1,"[1, 4517, 7813, 28836, 29899, 19437, 5593, 25200, 29899, 1349, 16796, 12549, 265, 3230, 29889, 26222, 1449, 5998, 28830, 7271, 411, 445, 4799, 29718, 338, 1781, 1423, 1423, 8197, 1889, 2444, 304, 367, 967, 8062, 1298, 29889, 2379, 16286, 5840, 25619, 7813, 13510, 373, 931, 541, 925, 1434, 25325, 472, 9193, 9193, 306, 1855, 16387, 393, 306, 947, 451, 505, 263, 12590, 28397, 1209, 363, 278, 16791, 16286, 29889, 306, 12707, 304, 28830, 17616, 1048, 372, 541, 896, 6140, 1185, 9543, 310, 738, 2228, 29914, 1889, 10174, 322, 3763, 12992, 592, 304, 278, 16791, 16286, 553, 18296, 472, 278, 4799, 18117, 29889, 1932, 306, 2355, 727, 445, 471, 12522, 29889, 727, 471, 694, 23196, 3625, 515, 278, 4799, 29718, 2845, 322, 306, 1095, 701, 7726, 304, 4799, 18117, 6993, 29889, 306, 471, 5429, 393, 306, 756, 304, 2041, 714, 310, 278, 4799, 18117, 6993, 20704, 4038, 15486, 1423, 297, 599, 975, 1449, 19888, 679, 278, 7613, 28397, 7129, 322, 393, 445, 338, 263, 3918, 8792, 1584, 5998, 289, 18341, 679, 6782, 373, 11480, 2446, 16286, 6336, 29889, 727, 471, 263, 9521, 515, 23927, 472, 1423, 29899, 262, 607, 2444, 15621, 367, 278, 6056, 363, 319, 26103, 273, 29889, 306, 505, 2360, 1063, 4433, 310, 1423, 297, 8951, 472, 4799, 18117, 363, 16791, 1652, 16286, 29889, 910, 769, 8581, 4828, 411, 590, 4799, 18117, 17394, 8454, 451, 2805, 1549, 6993, 322, 306, 750, 304, 5839, 701, 590, 19548, 337, 337, 18744, 322, 1361, 297, 1449, 29889, 910, 20789, 263, 1472, 322, 931, 29899, 2138, 19390, 1889, 22049, 701, 322, 1623, 278, 4799, 637, 29915, 29879, 1422, 5685, 11904, 2992, 29889, 1632, 5962, 15351, 892, 8004, 322, 947, 1009, 1900, 304, 1371, 541, 727, 338, 694, 1023, 5307, 1048, 372, 29901, 445, 471, 263, 1407, 6460, 1532, 376, 2894, 24788, 22912, 5901, 16286, 29889, 306, 2665, 263, 883, 304, 11962, 2669, 304, 6843, 7420, 541, 896, 925, 1497, 393, 278, 1108, 338, 472, 7813, 16470, 322, 393, 896, 756, 7705, 24114, 372, 29889, 306, 4433, 920, 896, 505, 7705, 17786, 372, 541, 896, 925, 10049, 7699, 491, 12312, 278, 1021, 29889, 306, 526, 3763, 25617, 29889, 319, 298, 27558, 280, 29899, 3889, 16286, 411, 319, 26103, 5063, 2444, 9301, 322, 278, 12463, 7271, 947, 451, 16161, 304, 825, 366, 5146, 29889, 306, 723, 451, 6907, 29889, 1551, 278, 982, 1250, 411, 5593, 5115, 16791, 472, 270, 1558, 21538, 29196, 1258, 451, 2367, 738, 1108, 322, 471, 263, 15377, 304, 6686, 4940, 278, 319, 26103, 16162, 4870, 4870, 1423, 29899, 797, 4038, 13797, 306, 3282, 29915, 451, 505, 18876, 26565, 372, 11180]","[1, 4517, 7813, 28836, 29899, 19437, 5593, 25200, 29899, 1349, 16796, 12549, 265, 3230, 29889, 26222, 1449, 5998, 28830, 7271, 411, 445, 4799, 29718, 338, 1781, 1423, 1423, 797, 1889, 2444, 304, 367, 967, 8062, 1298, 29889, 2379, 16286, 5840, 25619, 7813, 13510, 373, 931, 541, 925, 1434, 25325, 472, 9193, 9193, 306, 1855, 16387, 393, 306, 947, 451, 505, 263, 12590, 28397, 1209, 363, 278, 16791, 16286, 29889, 306, 12707, 304, 28830, 17616, 1048, 372, 541, 896, 6140, 1185, 9543, 310, 738, 2228, 29914, 1889, 10174, 322, 3763, 12992, 592, 304, 278, 16791, 16286, 553, 18296, 472, 278, 4799, 18117, 29889, 1932, 306, 2355, 727, 445, 471, 12522, 29889, 727, 471, 694, 23196, 3625, 515, 278, 4799, 29718, 2845, 322, 306, 1095, 701, 7726, 304, 4799, 18117, 6993, 29889, 306, 471, 5429, 393, 306, 756, 304, 2041, 714, 310, 278, 4799, 18117, 6993, 20704, 4038, 15486, 1423, 297, 599, 975, 1449, 19888, 679, 278, 7613, 28397, 7129, 322, 393, 445, 338, 263, 3918, 8792, 1584, 5998, 289, 18341, 679, 6782, 373, 11480, 2446, 16286, 6336, 29889, 727, 471, 263, 9521, 515, 23927, 472, 1423, 29899, 262, 607, 2444, 15621, 367, 278, 6056, 363, 319, 26103, 273, 29889, 306, 505, 2360, 1063, 4433, 310, 1423, 297, 8951, 472, 4799, 18117, 363, 16791, 1652, 16286, 29889, 910, 769, 8581, 4828, 411, 590, 4799, 18117, 17394, 8454, 451, 2805, 1549, 6993, 322, 306, 750, 304, 5839, 701, 590, 19548, 337, 337, 18744, 322, 1361, 297, 1449, 29889, 910, 20789, 263, 1472, 322, 931, 29899, 2138, 19390, 1889, 22049, 701, 322, 1623, 278, 4799, 637, 29915, 29879, 1422, 5685, 11904, 2992, 29889, 1632, 5962, 15351, 892, 8004, 322, 947, 1009, 1900, 304, 1371, 541, 727, 338, 694, 1023, 5307, 1048, 372, 29901, 445, 471, 263, 1407, 6460, 1532, 376, 2894, 24788, 22912, 5901, 16286, 29889, 306, 2665, 263, 883, 304, 11962, 2669, 304, 6843, 7420, 541, 896, 925, 1497, 393, 278, 1108, 338, 472, 7813, 16470, 322, 393, 896, 756, 7705, 24114, 372, 29889, 306, 4433, 920, 896, 505, 7705, 17786, 372, 541, 896, 925, 10049, 7699, 491, 12312, 278, 1021, 29889, 306, 526, 3763, 25617, 29889, 319, 298, 27558, 280, 29899, 3889, 16286, 411, 319, 26103, 5063, 2444, 9301, 322, 278, 12463, 7271, 947, 451, 16161, 304, 825, 366, 5146, 29889, 306, 723, 451, 6907, 29889, 1551, 278, 982, 1250, 411, 5593, 5115, 16791, 472, 270, 1558, 21538, 29196, 1258, 451, 2367, 738, 1108, 322, 471, 263, 15377, 304, 6686, 4940, 278, 319, 26103, 16162, 4870, 4870, 1423, 29899, 797, 4038, 13797, 306, 3282, 29915, 451, 505, 18876, 26565, 372, 11180]",1b1c871abab43a988877a73d018889a7932296f1b2efeb3be909d5cdece7550b,2f3f77c693d6218ce68022bdc72ec1160a619fd8fc4b7b0120990dc886f1ca4c,1b1c871abab43a988877a73d018889a7932296f1b2efeb3be909d5cdece7550b,2f3f77c693d6218ce68022bdc72ec1160a619fd8fc4b7b0120990dc886f1ca4c,1b1c871abab43a988877a73d018889a7932296f1b2efeb3be909d5cdece7550b,2f3f77c693d6218ce68022bdc72ec1160a619fd8fc4b7b0120990dc886f1ca4c,True,True,0.02408207766711712,0.023267429322004318,-0.0008146483451128006,17,7,"[23, 27, 28]",[28],True,128,8192,False,True,0.2109840214252472,0.14063510298728943,-0.07034891843795776,0.45139652490615845,0.4388875365257263,-0.012508988380432129,0.016918638793868013,0.004020098771434277,-0.012898540022433735,0.01900069630210055,0.009649256644479465,-0.009351439657621086,0.016918638793868013,0.004020098771434277,-0.012898540022433735,0.01900069630210055,0.009649256644479465,-0.009351439657621086,8192,8192,0,0,0,0,0,neutral,1,True
25,42,17,1,2,"[1, 4517, 7813, 28836, 29899, 19437, 5593, 25200, 29899, 1349, 16796, 12549, 265, 3230, 29889, 26222, 1449, 5998, 28830, 7271, 411, 445, 4799, 29718, 338, 1781, 1423, 1423, 797, 1889, 2444, 304, 367, 967, 8062, 1298, 29889, 2379, 16286, 5840, 25619, 7813, 13510, 373, 931, 541, 925, 1434, 25325, 472, 9193, 9193, 306, 1855, 16387, 393, 306, 947, 451, 505, 263, 12590, 28397, 1209, 363, 278, 16791, 16286, 29889, 306, 12707, 304, 28830, 17616, 1048, 372, 541, 896, 6140, 1185, 9543, 310, 738, 2228, 29914, 1889, 10174, 322, 3763, 12992, 592, 304, 278, 16791, 16286, 553, 18296, 472, 278, 4799, 18117, 29889, 1932, 306, 2355, 727, 445, 471, 12522, 29889, 727, 471, 694, 23196, 3625, 515, 278, 4799, 29718, 2845, 322, 306, 1095, 701, 7726, 304, 4799, 18117, 6993, 29889, 306, 471, 5429, 393, 306, 756, 304, 2041, 714, 310, 278, 4799, 18117, 6993, 20704, 4038, 15486, 1423, 297, 599, 975, 1449, 19888, 679, 278, 7613, 28397, 7129, 322, 393, 445, 338, 263, 3918, 8792, 1584, 5998, 289, 18341, 679, 6782, 373, 11480, 2446, 16286, 6336, 29889, 727, 471, 263, 9521, 515, 23927, 472, 1423, 29899, 262, 607, 2444, 15621, 367, 278, 6056, 363, 319, 26103, 273, 29889, 306, 505, 2360, 1063, 4433, 310, 1423, 297, 8951, 472, 4799, 18117, 363, 16791, 1652, 16286, 29889, 910, 769, 8581, 4828, 411, 590, 4799, 18117, 17394, 8454, 451, 2805, 1549, 6993, 322, 306, 750, 304, 5839, 701, 590, 19548, 337, 337, 18744, 322, 1361, 297, 1449, 29889, 910, 20789, 263, 1472, 322, 931, 29899, 2138, 19390, 1889, 22049, 701, 322, 1623, 278, 4799, 637, 29915, 29879, 1422, 5685, 11904, 2992, 29889, 1632, 5962, 15351, 892, 8004, 322, 947, 1009, 1900, 304, 1371, 541, 727, 338, 694, 1023, 5307, 1048, 372, 29901, 445, 471, 263, 1407, 6460, 1532, 376, 2894, 24788, 22912, 5901, 16286, 29889, 306, 2665, 263, 883, 304, 11962, 2669, 304, 6843, 7420, 541, 896, 925, 1497, 393, 278, 1108, 338, 472, 7813, 16470, 322, 393, 896, 756, 7705, 24114, 372, 29889, 306, 4433, 920, 896, 505, 7705, 17786, 372, 541, 896, 925, 10049, 7699, 491, 12312, 278, 1021, 29889, 306, 526, 3763, 25617, 29889, 319, 298, 27558, 280, 29899, 3889, 16286, 411, 319, 26103, 5063, 2444, 9301, 322, 278, 12463, 7271, 947, 451, 16161, 304, 825, 366, 5146, 29889, 306, 723, 451, 6907, 29889, 1551, 278, 982, 1250, 411, 5593, 5115, 16791, 472, 270, 1558, 21538, 29196, 1258, 451, 2367, 738, 1108, 322, 471, 263, 15377, 304, 6686, 4940, 278, 319, 26103, 16162, 4870, 4870, 1423, 29899, 797, 4038, 13797, 306, 3282, 29915, 451, 505, 18876, 26565, 372, 11180]","[1, 4517, 7813, 28836, 29899, 19437, 5593, 25200, 29899, 1349, 16796, 12549, 265, 3230, 29889, 26222, 1449, 5998, 28830, 7271, 411, 445, 4799, 29718, 338, 1781, 1423, 1423, 797, 1889, 2444, 304, 1522, 967, 8062, 1298, 29889, 2379, 16286, 5840, 19092, 7813, 13510, 373, 931, 541, 925, 1434, 25325, 472, 9193, 9193, 306, 1855, 16387, 393, 306, 947, 451, 505, 263, 12590, 28397, 1209, 363, 278, 16791, 16286, 29889, 306, 12707, 304, 28830, 17616, 1048, 372, 541, 896, 6140, 1185, 9543, 310, 738, 2228, 29914, 1889, 10174, 322, 3763, 12992, 592, 304, 278, 16791, 16286, 553, 18296, 472, 278, 4799, 18117, 29889, 1932, 306, 2355, 727, 445, 471, 12522, 29889, 727, 471, 694, 23196, 3625, 515, 278, 4799, 29718, 2845, 322, 306, 1095, 701, 7726, 304, 4799, 18117, 6993, 29889, 306, 471, 5429, 393, 306, 756, 304, 2041, 714, 310, 278, 4799, 18117, 6993, 20704, 4038, 15486, 1423, 297, 599, 975, 1449, 19888, 679, 278, 7613, 28397, 7129, 322, 393, 445, 338, 263, 3918, 8792, 1584, 5998, 289, 18341, 679, 6782, 373, 11480, 2446, 16286, 6336, 29889, 727, 471, 263, 9521, 515, 23927, 472, 1423, 29899, 262, 607, 2444, 15621, 367, 278, 6056, 363, 319, 26103, 273, 29889, 306, 505, 2360, 1063, 4433, 310, 1423, 297, 8951, 472, 4799, 18117, 363, 16791, 1652, 16286, 29889, 910, 769, 8581, 4828, 411, 590, 4799, 18117, 17394, 8454, 451, 2805, 1549, 6993, 322, 306, 750, 304, 5839, 701, 590, 19548, 337, 337, 18744, 322, 1361, 297, 1449, 29889, 910, 20789, 263, 1472, 322, 931, 29899, 2138, 19390, 1889, 22049, 701, 322, 1623, 278, 4799, 637, 29915, 29879, 1422, 5685, 11904, 2992, 29889, 1632, 5962, 15351, 892, 8004, 322, 947, 1009, 1900, 304, 1371, 541, 727, 338, 694, 1023, 5307, 1048, 372, 29901, 445, 471, 263, 1407, 6460, 1532, 376, 2894, 24788, 22912, 5901, 16286, 29889, 306, 2665, 263, 883, 304, 11962, 2669, 304, 6843, 7420, 541, 896, 925, 1497, 393, 278, 1108, 338, 472, 7813, 16470, 322, 393, 896, 756, 7705, 24114, 372, 29889, 306, 4433, 920, 896, 505, 7705, 17786, 372, 541, 896, 925, 10049, 7699, 491, 12312, 278, 1021, 29889, 306, 526, 3763, 25617, 29889, 319, 298, 27558, 280, 29899, 3889, 16286, 411, 319, 26103, 5063, 2444, 9301, 322, 278, 12463, 7271, 947, 451, 16161, 304, 825, 366, 5146, 29889, 306, 723, 451, 6907, 29889, 1551, 278, 982, 1250, 411, 5593, 5115, 16791, 472, 270, 1558, 21538, 29196, 1258, 451, 2367, 738, 1108, 322, 471, 263, 15377, 304, 6686, 4940, 278, 319, 26103, 16162, 4870, 4870, 1423, 29899, 797, 4038, 13797, 306, 3282, 29915, 451, 505, 18876, 26565, 372, 11180]",2f3f77c693d6218ce68022bdc72ec1160a619fd8fc4b7b0120990dc886f1ca4c,bf70b374fd14e189d0a9e4d34c2cc84558bd80c5e5447037dfeaea40844ab0aa,2f3f77c693d6218ce68022bdc72ec1160a619fd8fc4b7b0120990dc886f1ca4c,bf70b374fd14e189d0a9e4d34c2cc84558bd80c5e5447037dfeaea40844ab0aa,2f3f77c693d6218ce68022bdc72ec1160a619fd8fc4b7b0120990dc886f1ca4c,bf70b374fd14e189d0a9e4d34c2cc84558bd80c5e5447037dfeaea40844ab0aa,True,True,0.023267429322004318,0.02316560037434101,-0.00010182894766330719,8,1,"[32, 40, 41, 42]","[32, 40]",True,128,8192,False,True,0.15798163414001465,0.1719377189874649,0.013956084847450256,0.4310511350631714,0.4296460449695587,-0.001405090093612671,0.007285224950464908,0.017134485511633102,0.009849260561168194,0.015173897554632276,0.020374612402520142,0.005200714847887866,0.0034117131067129473,0.009339754621032625,0.005928041514319677,0.008239209364789227,0.01136932016039888,0.003130110795609653,15360,15360,0,0,0,1,-1,harmful,2,True
25,42,17,1,9,"[1, 4517, 7813, 28836, 29899, 19437, 5593, 25200, 29899, 1349, 16796, 12549, 265, 3230, 29889, 26222, 1449, 5998, 28830, 7271, 411, 445, 4799, 29718, 338, 1781, 1423, 1423, 797, 1889, 2444, 304, 1522, 967, 8062, 1298, 29889, 2379, 16286, 5840, 19092, 7813, 13510, 373, 931, 541, 925, 1434, 25325, 472, 9193, 9193, 306, 1855, 16387, 393, 306, 947, 451, 505, 263, 12590, 28397, 1209, 363, 278, 16791, 16286, 29889, 306, 12707, 304, 28830, 17616, 1048, 372, 541, 896, 6140, 1185, 9543, 310, 738, 2228, 29914, 1889, 10174, 322, 3763, 12992, 592, 304, 278, 16791, 16286, 553, 18296, 472, 278, 4799, 18117, 29889, 1932, 306, 2355, 727, 445, 471, 12522, 29889, 727, 471, 694, 23196, 3625, 515, 278, 4799, 29718, 2845, 322, 306, 1095, 701, 7726, 304, 4799, 18117, 6993, 29889, 306, 471, 5429, 393, 306, 756, 304, 2041, 714, 310, 278, 4799, 18117, 6993, 20704, 4038, 15486, 1423, 297, 599, 975, 1449, 19888, 679, 278, 7613, 28397, 7129, 322, 393, 445, 338, 263, 3918, 8792, 1584, 5998, 289, 18341, 679, 6782, 373, 11480, 2446, 16286, 6336, 29889, 727, 471, 263, 9521, 515, 23927, 472, 1423, 29899, 262, 607, 2444, 15621, 367, 278, 6056, 363, 319, 26103, 273, 29889, 306, 505, 2360, 1063, 4433, 310, 1423, 297, 8951, 472, 4799, 18117, 363, 16791, 1652, 16286, 29889, 910, 769, 8581, 4828, 411, 590, 4799, 18117, 17394, 8454, 451, 2805, 1549, 6993, 322, 306, 750, 304, 5839, 701, 590, 19548, 337, 337, 18744, 322, 1361, 297, 1449, 29889, 910, 20789, 263, 1472, 322, 931, 29899, 2138, 19390, 1889, 22049, 701, 322, 1623, 278, 4799, 637, 29915, 29879, 1422, 5685, 11904, 2992, 29889, 1632, 5962, 15351, 892, 8004, 322, 947, 1009, 1900, 304, 1371, 541, 727, 338, 694, 1023, 5307, 1048, 372, 29901, 445, 471, 263, 1407, 6460, 1532, 376, 2894, 24788, 22912, 5901, 16286, 29889, 306, 2665, 263, 883, 304, 11962, 2669, 304, 6843, 7420, 541, 896, 925, 1497, 393, 278, 1108, 338, 472, 7813, 16470, 322, 393, 896, 756, 7705, 24114, 372, 29889, 306, 4433, 920, 896, 505, 7705, 17786, 372, 541, 896, 925, 10049, 7699, 491, 12312, 278, 1021, 29889, 306, 526, 3763, 25617, 29889, 319, 298, 27558, 280, 29899, 3889, 16286, 411, 319, 26103, 5063, 2444, 9301, 322, 278, 12463, 7271, 947, 451, 16161, 304, 825, 366, 5146, 29889, 306, 723, 451, 6907, 29889, 1551, 278, 982, 1250, 411, 5593, 5115, 16791, 472, 270, 1558, 21538, 29196, 1258, 451, 2367, 738, 1108, 322, 471, 263, 15377, 304, 6686, 4940, 278, 319, 26103, 16162, 4870, 4870, 1423, 29899, 797, 4038, 13797, 306, 3282, 29915, 451, 505, 18876, 26565, 372, 11180]","[1, 4517, 7813, 28836, 29899, 19437, 5593, 25200, 29899, 1349, 16796, 12549, 265, 3230, 29889, 26222, 1449, 5998, 28830, 7271, 411, 445, 4799, 29718, 338, 1781, 1423, 1423, 797, 1889, 2444, 304, 1522, 967, 8062, 1298, 29889, 2379, 16286, 5840, 19092, 7813, 13510, 373, 931, 541, 925, 1434, 25325, 472, 9193, 9193, 306, 1855, 16387, 393, 306, 947, 451, 505, 263, 12590, 28397, 1209, 363, 278, 16791, 16286, 29889, 306, 12707, 304, 28830, 17616, 1048, 372, 541, 896, 6140, 1185, 9543, 310, 738, 2228, 29914, 1889, 10174, 322, 3763, 12992, 592, 304, 278, 16791, 16286, 553, 18296, 472, 278, 4799, 18117, 29889, 1932, 306, 2355, 727, 445, 471, 12522, 29889, 727, 471, 694, 23196, 3625, 515, 278, 4799, 29718, 2845, 322, 306, 1095, 701, 7726, 304, 4799, 18117, 6993, 29889, 306, 471, 5429, 393, 306, 756, 304, 2041, 714, 310, 278, 4799, 18117, 6993, 20704, 25114, 19538, 1423, 297, 599, 975, 1449, 304, 679, 278, 7613, 7754, 6978, 322, 393, 445, 338, 263, 3918, 8792, 1584, 5998, 289, 18341, 679, 6782, 373, 11480, 2446, 16286, 6336, 29889, 727, 471, 263, 9521, 515, 23927, 472, 1423, 29899, 262, 607, 2444, 15621, 367, 278, 6056, 363, 319, 26103, 273, 29889, 306, 505, 2360, 1063, 4433, 310, 1423, 297, 8951, 472, 4799, 18117, 363, 16791, 1652, 16286, 29889, 910, 769, 8581, 4828, 411, 590, 4799, 18117, 17394, 8454, 451, 2805, 1549, 6993, 322, 306, 750, 304, 5839, 701, 590, 19548, 337, 337, 18744, 322, 1361, 297, 1449, 29889, 910, 20789, 263, 1472, 322, 931, 29899, 2138, 19390, 1889, 22049, 701, 322, 1623, 278, 4799, 637, 29915, 29879, 1422, 5685, 11904, 2992, 29889, 1632, 5962, 15351, 892, 8004, 322, 947, 1009, 1900, 304, 1371, 541, 727, 338, 694, 1023, 5307, 1048, 372, 29901, 445, 471, 263, 1407, 6460, 1532, 376, 2894, 24788, 22912, 5901, 16286, 29889, 306, 2665, 263, 883, 304, 11962, 2669, 304, 6843, 7420, 541, 896, 925, 1497, 393, 278, 1108, 338, 472, 7813, 16470, 322, 393, 896, 756, 7705, 24114, 372, 29889, 306, 4433, 920, 896, 505, 7705, 17786, 372, 541, 896, 925, 10049, 7699, 491, 12312, 278, 1021, 29889, 306, 526, 3763, 25617, 29889, 319, 298, 27558, 280, 29899, 3889, 16286, 411, 319, 26103, 5063, 2444, 9301, 322, 278, 12463, 7271, 947, 451, 16161, 304, 825, 366, 5146, 29889, 306, 723, 451, 6907, 29889, 1551, 278, 982, 1250, 411, 5593, 5115, 16791, 472, 270, 1558, 21538, 29196, 1258, 451, 2367, 738, 1108, 322, 471, 263, 15377, 304, 6686, 4940, 278, 319, 26103, 16162, 4870, 4870, 1423, 29899, 797, 4038, 13797, 306, 3282, 29915, 451, 505, 18876, 26565, 372, 11180]",bf70b374fd14e189d0a9e4d34c2cc84558bd80c5e5447037dfeaea40844ab0aa,1fe01b33deb8d80b2859e55e62ba0d2cbf820c08252ea4417770c920b070e5ee,bf70b374fd14e189d0a9e4d34c2cc84558bd80c5e5447037dfeaea40844ab0aa,1fe01b33deb8d80b2859e55e62ba0d2cbf820c08252ea4417770c920b070e5ee,bf70b374fd14e189d0a9e4d34c2cc84558bd80c5e5447037dfeaea40844ab0aa,1fe01b33deb8d80b2859e55e62ba0d2cbf820c08252ea4417770c920b070e5ee,True,True,0.02316560037434101,0.022382747381925583,-0.0007828529924154282,21,8,"[145, 146, 152, 156, 157]","[145, 146, 152, 156, 157]",True,128,8192,False,True,0.24127081036567688,0.16568905115127563,-0.07558175921440125,0.49269017577171326,0.49438631534576416,0.0016961395740509033,0.019230782156228088,0.01629674204014009,-0.002934040116087999,0.02914707823219942,0.02813657684600912,-0.001010501386190299,0.004340750110499999,0.003656923740290131,-0.0006838263702098678,0.0064129958905692125,0.006227346291849357,-0.00018564959871985535,36992,36992,0,0,1,1,0,neutral,5,True
25,42,17,1,12,"[1, 4517, 7813, 28836, 29899, 19437, 5593, 25200, 29899, 1349, 16796, 12549, 265, 3230, 29889, 26222, 1449, 5998, 28830, 7271, 411, 445, 4799, 29718, 338, 1781, 1423, 1423, 797, 1889, 2444, 304, 1522, 967, 8062, 1298, 29889, 2379, 16286, 5840, 19092, 7813, 13510, 373, 931, 541, 925, 1434, 25325, 472, 9193, 9193, 306, 1855, 16387, 393, 306, 947, 451, 505, 263, 12590, 28397, 1209, 363, 278, 16791, 16286, 29889, 306, 12707, 304, 28830, 17616, 1048, 372, 541, 896, 6140, 1185, 9543, 310, 738, 2228, 29914, 1889, 10174, 322, 3763, 12992, 592, 304, 278, 16791, 16286, 553, 18296, 472, 278, 4799, 18117, 29889, 1932, 306, 2355, 727, 445, 471, 12522, 29889, 727, 471, 694, 23196, 3625, 515, 278, 4799, 29718, 2845, 322, 306, 1095, 701, 7726, 304, 4799, 18117, 6993, 29889, 306, 471, 5429, 393, 306, 756, 304, 2041, 714, 310, 278, 4799, 18117, 6993, 20704, 25114, 19538, 1423, 297, 599, 975, 1449, 304, 679, 278, 7613, 7754, 6978, 322, 393, 445, 338, 263, 3918, 8792, 1584, 5998, 289, 18341, 679, 6782, 373, 11480, 2446, 16286, 6336, 29889, 727, 471, 263, 9521, 515, 23927, 472, 1423, 29899, 262, 607, 2444, 15621, 367, 278, 6056, 363, 319, 26103, 273, 29889, 306, 505, 2360, 1063, 4433, 310, 1423, 297, 8951, 472, 4799, 18117, 363, 16791, 1652, 16286, 29889, 910, 769, 8581, 4828, 411, 590, 4799, 18117, 17394, 8454, 451, 2805, 1549, 6993, 322, 306, 750, 304, 5839, 701, 590, 19548, 337, 337, 18744, 322, 1361, 297, 1449, 29889, 910, 20789, 263, 1472, 322, 931, 29899, 2138, 19390, 1889, 22049, 701, 322, 1623, 278, 4799, 637, 29915, 29879, 1422, 5685, 11904, 2992, 29889, 1632, 5962, 15351, 892, 8004, 322, 947, 1009, 1900, 304, 1371, 541, 727, 338, 694, 1023, 5307, 1048, 372, 29901, 445, 471, 263, 1407, 6460, 1532, 376, 2894, 24788, 22912, 5901, 16286, 29889, 306, 2665, 263, 883, 304, 11962, 2669, 304, 6843, 7420, 541, 896, 925, 1497, 393, 278, 1108, 338, 472, 7813, 16470, 322, 393, 896, 756, 7705, 24114, 372, 29889, 306, 4433, 920, 896, 505, 7705, 17786, 372, 541, 896, 925, 10049, 7699, 491, 12312, 278, 1021, 29889, 306, 526, 3763, 25617, 29889, 319, 298, 27558, 280, 29899, 3889, 16286, 411, 319, 26103, 5063, 2444, 9301, 322, 278, 12463, 7271, 947, 451, 16161, 304, 825, 366, 5146, 29889, 306, 723, 451, 6907, 29889, 1551, 278, 982, 1250, 411, 5593, 5115, 16791, 472, 270, 1558, 21538, 29196, 1258, 451, 2367, 738, 1108, 322, 471, 263, 15377, 304, 6686, 4940, 278, 319, 26103, 16162, 4870, 4870, 1423, 29899, 797, 4038, 13797, 306, 3282, 29915, 451, 505, 18876, 26565, 372, 11180]","[1, 4517, 7813, 28836, 29899, 19437, 5593, 25200, 29899, 1349, 16796, 12549, 265, 3230, 29889, 26222, 1449, 5998, 28830, 7271, 411, 445, 4799, 29718, 338, 1781, 1423, 1423, 797, 1889, 2444, 304, 1522, 967, 8062, 1298, 29889, 2379, 16286, 5840, 19092, 7813, 13510, 373, 931, 541, 925, 1434, 25325, 472, 9193, 9193, 306, 1855, 16387, 393, 306, 947, 451, 505, 263, 12590, 28397, 1209, 363, 278, 16791, 16286, 29889, 306, 12707, 304, 28830, 17616, 1048, 372, 541, 896, 6140, 1185, 9543, 310, 738, 2228, 29914, 1889, 10174, 322, 3763, 12992, 592, 304, 278, 16791, 16286, 553, 18296, 472, 278, 4799, 18117, 29889, 1932, 306, 2355, 727, 445, 471, 12522, 29889, 727, 471, 694, 23196, 3625, 515, 278, 4799, 29718, 2845, 322, 306, 1095, 701, 7726, 304, 4799, 18117, 6993, 29889, 306, 471, 5429, 393, 306, 756, 304, 2041, 714, 310, 278, 4799, 18117, 6993, 20704, 25114, 19538, 1423, 297, 599, 975, 1449, 304, 679, 278, 7613, 7754, 6978, 322, 393, 445, 338, 263, 3918, 8792, 1584, 5998, 289, 18341, 679, 6782, 373, 11480, 2446, 16286, 6336, 29889, 727, 471, 263, 9521, 515, 23927, 472, 1423, 29899, 262, 607, 2444, 15621, 367, 278, 6056, 363, 319, 26103, 273, 29889, 306, 505, 2360, 1063, 4433, 304, 1423, 297, 8951, 472, 4799, 18117, 363, 16791, 1652, 16286, 29889, 910, 769, 8581, 4828, 411, 590, 4799, 18117, 17394, 8454, 451, 2805, 1549, 6993, 322, 306, 750, 304, 5839, 701, 590, 19548, 337, 337, 18744, 322, 1361, 297, 1449, 29889, 910, 20789, 263, 1472, 322, 931, 29899, 2138, 19390, 1889, 22049, 701, 322, 1623, 278, 4799, 637, 29915, 29879, 1422, 5685, 11904, 2992, 29889, 1632, 5962, 15351, 892, 8004, 322, 947, 1009, 1900, 304, 1371, 541, 727, 338, 694, 1023, 5307, 1048, 372, 29901, 445, 471, 263, 1407, 6460, 1532, 376, 2894, 24788, 22912, 5901, 16286, 29889, 306, 2665, 263, 883, 304, 11962, 2669, 304, 6843, 7420, 541, 896, 925, 1497, 393, 278, 1108, 338, 472, 7813, 16470, 322, 393, 896, 756, 7705, 24114, 372, 29889, 306, 4433, 920, 896, 505, 7705, 17786, 372, 541, 896, 925, 10049, 7699, 491, 12312, 278, 1021, 29889, 306, 526, 3763, 25617, 29889, 319, 298, 27558, 280, 29899, 3889, 16286, 411, 319, 26103, 5063, 2444, 9301, 322, 278, 12463, 7271, 947, 451, 16161, 304, 825, 366, 5146, 29889, 306, 723, 451, 6907, 29889, 1551, 278, 982, 1250, 411, 5593, 5115, 16791, 472, 270, 1558, 21538, 29196, 1258, 451, 2367, 738, 1108, 322, 471, 263, 15377, 304, 6686, 4940, 278, 319, 26103, 16162, 4870, 4870, 1423, 29899, 797, 4038, 13797, 306, 3282, 29915, 451, 505, 18876, 26565, 372, 11180]",1fe01b33deb8d80b2859e55e62ba0d2cbf820c08252ea4417770c920b070e5ee,8503e9231ed5e034f5e8e42218d336b07b57fb3d82f9ed713df8d31bf7ed07e8,1fe01b33deb8d80b2859e55e62ba0d2cbf820c08252ea4417770c920b070e5ee,8503e9231ed5e034f5e8e42218d336b07b57fb3d82f9ed713df8d31bf7ed07e8,1fe01b33deb8d80b2859e55e62ba0d2cbf820c08252ea4417770c920b070e5ee,8503e9231ed5e034f5e8e42218d336b07b57fb3d82f9ed713df8d31bf7ed07e8,True,True,0.022382747381925583,0.022073974832892418,-0.000308772549033165,2,1,"[194, 203]",[203],True,128,8192,False,True,0.2011641263961792,0.15955501794815063,-0.041609108448028564,0.4910474419593811,0.4982401132583618,0.007192671298980713,0.001945843017892912,0.0006769364554202184,-0.0012689065624726936,0.0036104661849094555,0.0034949653927469626,-0.00011550079216249287,0.001945843017892912,0.0006769364554202184,-0.0012689065624726936,0.0036104661849094555,0.0034949653927469626,-0.00011550079216249287,8192,8192,0,0,1,0,1,positive,1,True
25,42,17,1,15,"[1, 4517, 7813, 28836, 29899, 19437, 5593, 25200, 29899, 1349, 16796, 12549, 265, 3230, 29889, 26222, 1449, 5998, 28830, 7271, 411, 445, 4799, 29718, 338, 1781, 1423, 1423, 797, 1889, 2444, 304, 1522, 967, 8062, 1298, 29889, 2379, 16286, 5840, 19092, 7813, 13510, 373, 931, 541, 925, 1434, 25325, 472, 9193, 9193, 306, 1855, 16387, 393, 306, 947, 451, 505, 263, 12590, 28397, 1209, 363, 278, 16791, 16286, 29889, 306, 12707, 304, 28830, 17616, 1048, 372, 541, 896, 6140, 1185, 9543, 310, 738, 2228, 29914, 1889, 10174, 322, 3763, 12992, 592, 304, 278, 16791, 16286, 553, 18296, 472, 278, 4799, 18117, 29889, 1932, 306, 2355, 727, 445, 471, 12522, 29889, 727, 471, 694, 23196, 3625, 515, 278, 4799, 29718, 2845, 322, 306, 1095, 701, 7726, 304, 4799, 18117, 6993, 29889, 306, 471, 5429, 393, 306, 756, 304, 2041, 714, 310, 278, 4799, 18117, 6993, 20704, 25114, 19538, 1423, 297, 599, 975, 1449, 304, 679, 278, 7613, 7754, 6978, 322, 393, 445, 338, 263, 3918, 8792, 1584, 5998, 289, 18341, 679, 6782, 373, 11480, 2446, 16286, 6336, 29889, 727, 471, 263, 9521, 515, 23927, 472, 1423, 29899, 262, 607, 2444, 15621, 367, 278, 6056, 363, 319, 26103, 273, 29889, 306, 505, 2360, 1063, 4433, 304, 1423, 297, 8951, 472, 4799, 18117, 363, 16791, 1652, 16286, 29889, 910, 769, 8581, 4828, 411, 590, 4799, 18117, 17394, 8454, 451, 2805, 1549, 6993, 322, 306, 750, 304, 5839, 701, 590, 19548, 337, 337, 18744, 322, 1361, 297, 1449, 29889, 910, 20789, 263, 1472, 322, 931, 29899, 2138, 19390, 1889, 22049, 701, 322, 1623, 278, 4799, 637, 29915, 29879, 1422, 5685, 11904, 2992, 29889, 1632, 5962, 15351, 892, 8004, 322, 947, 1009, 1900, 304, 1371, 541, 727, 338, 694, 1023, 5307, 1048, 372, 29901, 445, 471, 263, 1407, 6460, 1532, 376, 2894, 24788, 22912, 5901, 16286, 29889, 306, 2665, 263, 883, 304, 11962, 2669, 304, 6843, 7420, 541, 896, 925, 1497, 393, 278, 1108, 338, 472, 7813, 16470, 322, 393, 896, 756, 7705, 24114, 372, 29889, 306, 4433, 920, 896, 505, 7705, 17786, 372, 541, 896, 925, 10049, 7699, 491, 12312, 278, 1021, 29889, 306, 526, 3763, 25617, 29889, 319, 298, 27558, 280, 29899, 3889, 16286, 411, 319, 26103, 5063, 2444, 9301, 322, 278, 12463, 7271, 947, 451, 16161, 304, 825, 366, 5146, 29889, 306, 723, 451, 6907, 29889, 1551, 278, 982, 1250, 411, 5593, 5115, 16791, 472, 270, 1558, 21538, 29196, 1258, 451, 2367, 738, 1108, 322, 471, 263, 15377, 304, 6686, 4940, 278, 319, 26103, 16162, 4870, 4870, 1423, 29899, 797, 4038, 13797, 306, 3282, 29915, 451, 505, 18876, 26565, 372, 11180]","[1, 4517, 7813, 28836, 29899, 19437, 5593, 25200, 29899, 1349, 16796, 12549, 265, 3230, 29889, 26222, 1449, 5998, 28830, 7271, 411, 445, 4799, 29718, 338, 1781, 1423, 1423, 797, 1889, 2444, 304, 1522, 967, 8062, 1298, 29889, 2379, 16286, 5840, 19092, 7813, 13510, 373, 931, 541, 925, 1434, 25325, 472, 9193, 9193, 306, 1855, 16387, 393, 306, 947, 451, 505, 263, 12590, 28397, 1209, 363, 278, 16791, 16286, 29889, 306, 12707, 304, 28830, 17616, 1048, 372, 541, 896, 6140, 1185, 9543, 310, 738, 2228, 29914, 1889, 10174, 322, 3763, 12992, 592, 304, 278, 16791, 16286, 553, 18296, 472, 278, 4799, 18117, 29889, 1932, 306, 2355, 727, 445, 471, 12522, 29889, 727, 471, 694, 23196, 3625, 515, 278, 4799, 29718, 2845, 322, 306, 1095, 701, 7726, 304, 4799, 18117, 6993, 29889, 306, 471, 5429, 393, 306, 756, 304, 2041, 714, 310, 278, 4799, 18117, 6993, 20704, 25114, 19538, 1423, 297, 599, 975, 1449, 304, 679, 278, 7613, 7754, 6978, 322, 393, 445, 338, 263, 3918, 8792, 1584, 5998, 289, 18341, 679, 6782, 373, 11480, 2446, 16286, 6336, 29889, 727, 471, 263, 9521, 515, 23927, 472, 1423, 29899, 262, 607, 2444, 15621, 367, 278, 6056, 363, 319, 26103, 273, 29889, 306, 505, 2360, 1063, 4433, 304, 1423, 297, 8951, 472, 4799, 18117, 363, 16791, 1652, 16286, 29889, 910, 769, 8581, 4828, 411, 590, 4799, 18117, 17394, 8454, 451, 2805, 1549, 6993, 322, 306, 750, 304, 5839, 701, 590, 19548, 337, 337, 18744, 322, 1361, 297, 1449, 29889, 910, 20789, 263, 1472, 322, 931, 29899, 1136, 19390, 1889, 22049, 701, 322, 1623, 278, 4799, 637, 29915, 29879, 1422, 5685, 11904, 2992, 29889, 1632, 5962, 15351, 892, 8004, 322, 947, 1009, 1900, 304, 1371, 541, 727, 338, 694, 1023, 5307, 1048, 372, 29901, 445, 471, 263, 1407, 6460, 1532, 376, 2894, 24788, 22912, 5901, 16286, 29889, 306, 2665, 263, 883, 304, 11962, 2669, 304, 6843, 7420, 541, 896, 925, 1497, 393, 278, 1108, 338, 472, 7813, 16470, 322, 393, 896, 756, 7705, 24114, 372, 29889, 306, 4433, 920, 896, 505, 7705, 17786, 372, 541, 896, 925, 10049, 7699, 491, 12312, 278, 1021, 29889, 306, 526, 3763, 25617, 29889, 319, 298, 27558, 280, 29899, 3889, 16286, 411, 319, 26103, 5063, 2444, 9301, 322, 278, 12463, 7271, 947, 451, 16161, 304, 825, 366, 5146, 29889, 306, 723, 451, 6907, 29889, 1551, 278, 982, 1250, 411, 5593, 5115, 16791, 472, 270, 1558, 21538, 29196, 1258, 451, 2367, 738, 1108, 322, 471, 263, 15377, 304, 6686, 4940, 278, 319, 26103, 16162, 4870, 4870, 1423, 29899, 797, 4038, 13797, 306, 3282, 29915, 451, 505, 18876, 26565, 372, 11180]",8503e9231ed5e034f5e8e42218d336b07b57fb3d82f9ed713df8d31bf7ed07e8,7aa8afb180bd10addd8dadb82bebf8909de130a5f2410d640240181fb77fd73d,8503e9231ed5e034f5e8e42218d336b07b57fb3d82f9ed713df8d31bf7ed07e8,7aa8afb180bd10addd8dadb82bebf8909de130a5f2410d640240181fb77fd73d,8503e9231ed5e034f5e8e42218d336b07b57fb3d82f9ed713df8d31bf7ed07e8,7aa8afb180bd10addd8dadb82bebf8909de130a5f2410d640240181fb77fd73d,True,True,0.022073974832892418,0.021625695750117302,-0.00044827908277511597,3,2,"[245, 252, 253]",[252],True,128,8192,False,True,0.23990343511104584,0.21657297015190125,-0.023330464959144592,0.5162124037742615,0.5128881931304932,-0.0033242106437683105,0.004460650401597377,0.0005706587107852101,-0.0038899916908121668,0.005535722943022847,0.0020529630928649567,-0.0034827598501578905,0.004460650401597377,0.0005706587107852101,-0.0038899916908121668,0.005535722943022847,0.0020529630928649567,-0.0034827598501578905,8192,8192,0,0,1,0,1,positive,1,True
25,42,17,1,16,"[1, 4517, 7813, 28836, 29899, 19437, 5593, 25200, 29899, 1349, 16796, 12549, 265, 3230, 29889, 26222, 1449, 5998, 28830, 7271, 411, 445, 4799, 29718, 338, 1781, 1423, 1423, 797, 1889, 2444, 304, 1522, 967, 8062, 1298, 29889, 2379, 16286, 5840, 19092, 7813, 13510, 373, 931, 541, 925, 1434, 25325, 472, 9193, 9193, 306, 1855, 16387, 393, 306, 947, 451, 505, 263, 12590, 28397, 1209, 363, 278, 16791, 16286, 29889, 306, 12707, 304, 28830, 17616, 1048, 372, 541, 896, 6140, 1185, 9543, 310, 738, 2228, 29914, 1889, 10174, 322, 3763, 12992, 592, 304, 278, 16791, 16286, 553, 18296, 472, 278, 4799, 18117, 29889, 1932, 306, 2355, 727, 445, 471, 12522, 29889, 727, 471, 694, 23196, 3625, 515, 278, 4799, 29718, 2845, 322, 306, 1095, 701, 7726, 304, 4799, 18117, 6993, 29889, 306, 471, 5429, 393, 306, 756, 304, 2041, 714, 310, 278, 4799, 18117, 6993, 20704, 25114, 19538, 1423, 297, 599, 975, 1449, 304, 679, 278, 7613, 7754, 6978, 322, 393, 445, 338, 263, 3918, 8792, 1584, 5998, 289, 18341, 679, 6782, 373, 11480, 2446, 16286, 6336, 29889, 727, 471, 263, 9521, 515, 23927, 472, 1423, 29899, 262, 607, 2444, 15621, 367, 278, 6056, 363, 319, 26103, 273, 29889, 306, 505, 2360, 1063, 4433, 304, 1423, 297, 8951, 472, 4799, 18117, 363, 16791, 1652, 16286, 29889, 910, 769, 8581, 4828, 411, 590, 4799, 18117, 17394, 8454, 451, 2805, 1549, 6993, 322, 306, 750, 304, 5839, 701, 590, 19548, 337, 337, 18744, 322, 1361, 297, 1449, 29889, 910, 20789, 263, 1472, 322, 931, 29899, 1136, 19390, 1889, 22049, 701, 322, 1623, 278, 4799, 637, 29915, 29879, 1422, 5685, 11904, 2992, 29889, 1632, 5962, 15351, 892, 8004, 322, 947, 1009, 1900, 304, 1371, 541, 727, 338, 694, 1023, 5307, 1048, 372, 29901, 445, 471, 263, 1407, 6460, 1532, 376, 2894, 24788, 22912, 5901, 16286, 29889, 306, 2665, 263, 883, 304, 11962, 2669, 304, 6843, 7420, 541, 896, 925, 1497, 393, 278, 1108, 338, 472, 7813, 16470, 322, 393, 896, 756, 7705, 24114, 372, 29889, 306, 4433, 920, 896, 505, 7705, 17786, 372, 541, 896, 925, 10049, 7699, 491, 12312, 278, 1021, 29889, 306, 526, 3763, 25617, 29889, 319, 298, 27558, 280, 29899, 3889, 16286, 411, 319, 26103, 5063, 2444, 9301, 322, 278, 12463, 7271, 947, 451, 16161, 304, 825, 366, 5146, 29889, 306, 723, 451, 6907, 29889, 1551, 278, 982, 1250, 411, 5593, 5115, 16791, 472, 270, 1558, 21538, 29196, 1258, 451, 2367, 738, 1108, 322, 471, 263, 15377, 304, 6686, 4940, 278, 319, 26103, 16162, 4870, 4870, 1423, 29899, 797, 4038, 13797, 306, 3282, 29915, 451, 505, 18876, 26565, 372, 11180]","[1, 4517, 7813, 28836, 29899, 19437, 5593, 25200, 29899, 1349, 16796, 12549, 265, 3230, 29889, 26222, 1449, 5998, 28830, 7271, 411, 445, 4799, 29718, 338, 1781, 1423, 1423, 797, 1889, 2444, 304, 1522, 967, 8062, 1298, 29889, 2379, 16286, 5840, 19092, 7813, 13510, 373, 931, 541, 925, 1434, 25325, 472, 9193, 9193, 306, 1855, 16387, 393, 306, 947, 451, 505, 263, 12590, 28397, 1209, 363, 278, 16791, 16286, 29889, 306, 12707, 304, 28830, 17616, 1048, 372, 541, 896, 6140, 1185, 9543, 310, 738, 2228, 29914, 1889, 10174, 322, 3763, 12992, 592, 304, 278, 16791, 16286, 553, 18296, 472, 278, 4799, 18117, 29889, 1932, 306, 2355, 727, 445, 471, 12522, 29889, 727, 471, 694, 23196, 3625, 515, 278, 4799, 29718, 2845, 322, 306, 1095, 701, 7726, 304, 4799, 18117, 6993, 29889, 306, 471, 5429, 393, 306, 756, 304, 2041, 714, 310, 278, 4799, 18117, 6993, 20704, 25114, 19538, 1423, 297, 599, 975, 1449, 304, 679, 278, 7613, 7754, 6978, 322, 393, 445, 338, 263, 3918, 8792, 1584, 5998, 289, 18341, 679, 6782, 373, 11480, 2446, 16286, 6336, 29889, 727, 471, 263, 9521, 515, 23927, 472, 1423, 29899, 262, 607, 2444, 15621, 367, 278, 6056, 363, 319, 26103, 273, 29889, 306, 505, 2360, 1063, 4433, 304, 1423, 297, 8951, 472, 4799, 18117, 363, 16791, 1652, 16286, 29889, 910, 769, 8581, 4828, 411, 590, 4799, 18117, 17394, 8454, 451, 2805, 1549, 6993, 322, 306, 750, 304, 5839, 701, 590, 19548, 337, 337, 18744, 322, 1361, 297, 1449, 29889, 910, 20789, 263, 1472, 322, 931, 29899, 1136, 19390, 1889, 22049, 701, 322, 1623, 278, 4799, 637, 29915, 29879, 1422, 5685, 11904, 2992, 29889, 1632, 5962, 13925, 892, 8004, 322, 947, 1009, 1900, 304, 1371, 541, 727, 338, 694, 1023, 5307, 1048, 372, 29901, 445, 471, 263, 1407, 6460, 1532, 376, 2894, 24788, 22912, 5901, 16286, 29889, 306, 2665, 263, 883, 304, 11962, 2669, 304, 6843, 7420, 541, 896, 925, 1497, 393, 278, 1108, 338, 472, 7813, 16470, 322, 393, 896, 756, 7705, 24114, 372, 29889, 306, 4433, 920, 896, 505, 7705, 17786, 372, 541, 896, 925, 10049, 7699, 491, 12312, 278, 1021, 29889, 306, 526, 3763, 25617, 29889, 319, 298, 27558, 280, 29899, 3889, 16286, 411, 319, 26103, 5063, 2444, 9301, 322, 278, 12463, 7271, 947, 451, 16161, 304, 825, 366, 5146, 29889, 306, 723, 451, 6907, 29889, 1551, 278, 982, 1250, 411, 5593, 5115, 16791, 472, 270, 1558, 21538, 29196, 1258, 451, 2367, 738, 1108, 322, 471, 263, 15377, 304, 6686, 4940, 278, 319, 26103, 16162, 4870, 4870, 1423, 29899, 797, 4038, 13797, 306, 3282, 29915, 451, 505, 18876, 26565, 372, 11180]",7aa8afb180bd10addd8dadb82bebf8909de130a5f2410d640240181fb77fd73d,dae667dc20bd03921d37dcd4582369522bc0dcfeaf7125f9811a0c1236104150,7aa8afb180bd10addd8dadb82bebf8909de130a5f2410d640240181fb77fd73d,dae667dc20bd03921d37dcd4582369522bc0dcfeaf7125f9811a0c1236104150,7aa8afb180bd10addd8dadb82bebf8909de130a5f2410d640240181fb77fd73d,dae667dc20bd03921d37dcd4582369522bc0dcfeaf7125f9811a0c1236104150,True,True,0.021625695750117302,0.021613288670778275,-1.2407079339027405e-05,4,1,"[265, 271]",[271],True,128,8192,False,True,0.2307295799255371,0.22922414541244507,-0.001505434513092041,0.5060073733329773,0.5054084658622742,-0.000598907470703125,0.001798780562239699,0.0014531896958942525,-0.00034559086634544656,0.004972632377757691,0.004619954830559436,-0.0003526775471982546,0.001798780562239699,0.0014531896958942525,-0.00034559086634544656,0.004972632377757691,0.004619954830559436,-0.0003526775471982546,8192,8192,0,0,1,0,1,positive,1,True
25,42,17,1,17,"[1, 4517, 7813, 28836, 29899, 19437, 5593, 25200, 29899, 1349, 16796, 12549, 265, 3230, 29889, 26222, 1449, 5998, 28830, 7271, 411, 445, 4799, 29718, 338, 1781, 1423, 1423, 797, 1889, 2444, 304, 1522, 967, 8062, 1298, 29889, 2379, 16286, 5840, 19092, 7813, 13510, 373, 931, 541, 925, 1434, 25325, 472, 9193, 9193, 306, 1855, 16387, 393, 306, 947, 451, 505, 263, 12590, 28397, 1209, 363, 278, 16791, 16286, 29889, 306, 12707, 304, 28830, 17616, 1048, 372, 541, 896, 6140, 1185, 9543, 310, 738, 2228, 29914, 1889, 10174, 322, 3763, 12992, 592, 304, 278, 16791, 16286, 553, 18296, 472, 278, 4799, 18117, 29889, 1932, 306, 2355, 727, 445, 471, 12522, 29889, 727, 471, 694, 23196, 3625, 515, 278, 4799, 29718, 2845, 322, 306, 1095, 701, 7726, 304, 4799, 18117, 6993, 29889, 306, 471, 5429, 393, 306, 756, 304, 2041, 714, 310, 278, 4799, 18117, 6993, 20704, 25114, 19538, 1423, 297, 599, 975, 1449, 304, 679, 278, 7613, 7754, 6978, 322, 393, 445, 338, 263, 3918, 8792, 1584, 5998, 289, 18341, 679, 6782, 373, 11480, 2446, 16286, 6336, 29889, 727, 471, 263, 9521, 515, 23927, 472, 1423, 29899, 262, 607, 2444, 15621, 367, 278, 6056, 363, 319, 26103, 273, 29889, 306, 505, 2360, 1063, 4433, 304, 1423, 297, 8951, 472, 4799, 18117, 363, 16791, 1652, 16286, 29889, 910, 769, 8581, 4828, 411, 590, 4799, 18117, 17394, 8454, 451, 2805, 1549, 6993, 322, 306, 750, 304, 5839, 701, 590, 19548, 337, 337, 18744, 322, 1361, 297, 1449, 29889, 910, 20789, 263, 1472, 322, 931, 29899, 1136, 19390, 1889, 22049, 701, 322, 1623, 278, 4799, 637, 29915, 29879, 1422, 5685, 11904, 2992, 29889, 1632, 5962, 13925, 892, 8004, 322, 947, 1009, 1900, 304, 1371, 541, 727, 338, 694, 1023, 5307, 1048, 372, 29901, 445, 471, 263, 1407, 6460, 1532, 376, 2894, 24788, 22912, 5901, 16286, 29889, 306, 2665, 263, 883, 304, 11962, 2669, 304, 6843, 7420, 541, 896, 925, 1497, 393, 278, 1108, 338, 472, 7813, 16470, 322, 393, 896, 756, 7705, 24114, 372, 29889, 306, 4433, 920, 896, 505, 7705, 17786, 372, 541, 896, 925, 10049, 7699, 491, 12312, 278, 1021, 29889, 306, 526, 3763, 25617, 29889, 319, 298, 27558, 280, 29899, 3889, 16286, 411, 319, 26103, 5063, 2444, 9301, 322, 278, 12463, 7271, 947, 451, 16161, 304, 825, 366, 5146, 29889, 306, 723, 451, 6907, 29889, 1551, 278, 982, 1250, 411, 5593, 5115, 16791, 472, 270, 1558, 21538, 29196, 1258, 451, 2367, 738, 1108, 322, 471, 263, 15377, 304, 6686, 4940, 278, 319, 26103, 16162, 4870, 4870, 1423, 29899, 797, 4038, 13797, 306, 3282, 29915, 451, 505, 18876, 26565, 372, 11180]","[1, 4517, 7813, 28836, 29899, 19437, 5593, 25200, 29899, 1349, 16796, 12549, 265, 3230, 29889, 26222, 1449, 5998, 28830, 7271, 411, 445, 4799, 29718, 338, 1781, 1423, 1423, 797, 1889, 2444, 304, 1522, 967, 8062, 1298, 29889, 2379, 16286, 5840, 19092, 7813, 13510, 373, 931, 541, 925, 1434, 25325, 472, 9193, 9193, 306, 1855, 16387, 393, 306, 947, 451, 505, 263, 12590, 28397, 1209, 363, 278, 16791, 16286, 29889, 306, 12707, 304, 28830, 17616, 1048, 372, 541, 896, 6140, 1185, 9543, 310, 738, 2228, 29914, 1889, 10174, 322, 3763, 12992, 592, 304, 278, 16791, 16286, 553, 18296, 472, 278, 4799, 18117, 29889, 1932, 306, 2355, 727, 445, 471, 12522, 29889, 727, 471, 694, 23196, 3625, 515, 278, 4799, 29718, 2845, 322, 306, 1095, 701, 7726, 304, 4799, 18117, 6993, 29889, 306, 471, 5429, 393, 306, 756, 304, 2041, 714, 310, 278, 4799, 18117, 6993, 20704, 25114, 19538, 1423, 297, 599, 975, 1449, 304, 679, 278, 7613, 7754, 6978, 322, 393, 445, 338, 263, 3918, 8792, 1584, 5998, 289, 18341, 679, 6782, 373, 11480, 2446, 16286, 6336, 29889, 727, 471, 263, 9521, 515, 23927, 472, 1423, 29899, 262, 607, 2444, 15621, 367, 278, 6056, 363, 319, 26103, 273, 29889, 306, 505, 2360, 1063, 4433, 304, 1423, 297, 8951, 472, 4799, 18117, 363, 16791, 1652, 16286, 29889, 910, 769, 8581, 4828, 411, 590, 4799, 18117, 17394, 8454, 451, 2805, 1549, 6993, 322, 306, 750, 304, 5839, 701, 590, 19548, 337, 337, 18744, 322, 1361, 297, 1449, 29889, 910, 20789, 263, 1472, 322, 931, 29899, 1136, 19390, 1889, 22049, 701, 322, 1623, 278, 4799, 637, 29915, 29879, 1422, 5685, 11904, 2992, 29889, 1632, 5962, 13925, 892, 8004, 322, 947, 1009, 1900, 304, 1371, 541, 727, 338, 694, 1023, 982, 1048, 372, 29901, 445, 471, 263, 1407, 6460, 1532, 376, 2894, 24788, 22912, 5901, 16286, 29889, 306, 2665, 263, 883, 304, 11962, 2669, 304, 6843, 7420, 541, 896, 925, 1497, 393, 278, 1108, 338, 472, 7813, 16470, 322, 393, 896, 756, 7705, 24114, 372, 29889, 306, 4433, 920, 896, 505, 7705, 17786, 372, 541, 896, 925, 10049, 7699, 491, 12312, 278, 1021, 29889, 306, 526, 3763, 25617, 29889, 319, 298, 27558, 280, 29899, 3889, 16286, 411, 319, 26103, 5063, 2444, 9301, 322, 278, 12463, 7271, 947, 451, 16161, 304, 825, 366, 5146, 29889, 306, 723, 451, 6907, 29889, 1551, 278, 982, 1250, 411, 5593, 5115, 16791, 472, 270, 1558, 21538, 29196, 1258, 451, 2367, 738, 1108, 322, 471, 263, 15377, 304, 6686, 4940, 278, 319, 26103, 16162, 4870, 4870, 1423, 29899, 797, 4038, 13797, 306, 3282, 29915, 451, 505, 18876, 26565, 372, 11180]",dae667dc20bd03921d37dcd4582369522bc0dcfeaf7125f9811a0c1236104150,ab062fed7b3291f45981258a01c38e9006ad3d3dd6f241f9879b1c85128b9ef6,dae667dc20bd03921d37dcd4582369522bc0dcfeaf7125f9811a0c1236104150,ab062fed7b3291f45981258a01c38e9006ad3d3dd6f241f9879b1c85128b9ef6,dae667dc20bd03921d37dcd4582369522bc0dcfeaf7125f9811a0c1236104150,ab062fed7b3291f45981258a01c38e9006ad3d3dd6f241f9879b1c85128b9ef6,True,True,0.021613288670778275,0.021460944786667824,-0.00015234388411045074,2,1,[285],[285],True,128,8192,False,True,0.23118796944618225,0.22869467735290527,-0.0024932920932769775,0.5078883171081543,0.5065352916717529,-0.0013530254364013672,0.0015704713805462234,0.000998523762973491,-0.0005719476175727323,0.0032243441892205738,0.0026795000667334534,-0.0005448441224871203,0.0015704713805462234,0.000998523762973491,-0.0005719476175727323,0.0032243441892205738,0.0026795000667334534,-0.0005448441224871203,8192,8192,0,0,0,0,0,neutral,1,True
25,42,17,1,18,"[1, 4517, 7813, 28836, 29899, 19437, 5593, 25200, 29899, 1349, 16796, 12549, 265, 3230, 29889, 26222, 1449, 5998, 28830, 7271, 411, 445, 4799, 29718, 338, 1781, 1423, 1423, 797, 1889, 2444, 304, 1522, 967, 8062, 1298, 29889, 2379, 16286, 5840, 19092, 7813, 13510, 373, 931, 541, 925, 1434, 25325, 472, 9193, 9193, 306, 1855, 16387, 393, 306, 947, 451, 505, 263, 12590, 28397, 1209, 363, 278, 16791, 16286, 29889, 306, 12707, 304, 28830, 17616, 1048, 372, 541, 896, 6140, 1185, 9543, 310, 738, 2228, 29914, 1889, 10174, 322, 3763, 12992, 592, 304, 278, 16791, 16286, 553, 18296, 472, 278, 4799, 18117, 29889, 1932, 306, 2355, 727, 445, 471, 12522, 29889, 727, 471, 694, 23196, 3625, 515, 278, 4799, 29718, 2845, 322, 306, 1095, 701, 7726, 304, 4799, 18117, 6993, 29889, 306, 471, 5429, 393, 306, 756, 304, 2041, 714, 310, 278, 4799, 18117, 6993, 20704, 25114, 19538, 1423, 297, 599, 975, 1449, 304, 679, 278, 7613, 7754, 6978, 322, 393, 445, 338, 263, 3918, 8792, 1584, 5998, 289, 18341, 679, 6782, 373, 11480, 2446, 16286, 6336, 29889, 727, 471, 263, 9521, 515, 23927, 472, 1423, 29899, 262, 607, 2444, 15621, 367, 278, 6056, 363, 319, 26103, 273, 29889, 306, 505, 2360, 1063, 4433, 304, 1423, 297, 8951, 472, 4799, 18117, 363, 16791, 1652, 16286, 29889, 910, 769, 8581, 4828, 411, 590, 4799, 18117, 17394, 8454, 451, 2805, 1549, 6993, 322, 306, 750, 304, 5839, 701, 590, 19548, 337, 337, 18744, 322, 1361, 297, 1449, 29889, 910, 20789, 263, 1472, 322, 931, 29899, 1136, 19390, 1889, 22049, 701, 322, 1623, 278, 4799, 637, 29915, 29879, 1422, 5685, 11904, 2992, 29889, 1632, 5962, 13925, 892, 8004, 322, 947, 1009, 1900, 304, 1371, 541, 727, 338, 694, 1023, 982, 1048, 372, 29901, 445, 471, 263, 1407, 6460, 1532, 376, 2894, 24788, 22912, 5901, 16286, 29889, 306, 2665, 263, 883, 304, 11962, 2669, 304, 6843, 7420, 541, 896, 925, 1497, 393, 278, 1108, 338, 472, 7813, 16470, 322, 393, 896, 756, 7705, 24114, 372, 29889, 306, 4433, 920, 896, 505, 7705, 17786, 372, 541, 896, 925, 10049, 7699, 491, 12312, 278, 1021, 29889, 306, 526, 3763, 25617, 29889, 319, 298, 27558, 280, 29899, 3889, 16286, 411, 319, 26103, 5063, 2444, 9301, 322, 278, 12463, 7271, 947, 451, 16161, 304, 825, 366, 5146, 29889, 306, 723, 451, 6907, 29889, 1551, 278, 982, 1250, 411, 5593, 5115, 16791, 472, 270, 1558, 21538, 29196, 1258, 451, 2367, 738, 1108, 322, 471, 263, 15377, 304, 6686, 4940, 278, 319, 26103, 16162, 4870, 4870, 1423, 29899, 797, 4038, 13797, 306, 3282, 29915, 451, 505, 18876, 26565, 372, 11180]","[1, 4517, 7813, 28836, 29899, 19437, 5593, 25200, 29899, 1349, 16796, 12549, 265, 3230, 29889, 26222, 1449, 5998, 28830, 7271, 411, 445, 4799, 29718, 338, 1781, 1423, 1423, 797, 1889, 2444, 304, 1522, 967, 8062, 1298, 29889, 2379, 16286, 5840, 19092, 7813, 13510, 373, 931, 541, 925, 1434, 25325, 472, 9193, 9193, 306, 1855, 16387, 393, 306, 947, 451, 505, 263, 12590, 28397, 1209, 363, 278, 16791, 16286, 29889, 306, 12707, 304, 28830, 17616, 1048, 372, 541, 896, 6140, 1185, 9543, 310, 738, 2228, 29914, 1889, 10174, 322, 3763, 12992, 592, 304, 278, 16791, 16286, 553, 18296, 472, 278, 4799, 18117, 29889, 1932, 306, 2355, 727, 445, 471, 12522, 29889, 727, 471, 694, 23196, 3625, 515, 278, 4799, 29718, 2845, 322, 306, 1095, 701, 7726, 304, 4799, 18117, 6993, 29889, 306, 471, 5429, 393, 306, 756, 304, 2041, 714, 310, 278, 4799, 18117, 6993, 20704, 25114, 19538, 1423, 297, 599, 975, 1449, 304, 679, 278, 7613, 7754, 6978, 322, 393, 445, 338, 263, 3918, 8792, 1584, 5998, 289, 18341, 679, 6782, 373, 11480, 2446, 16286, 6336, 29889, 727, 471, 263, 9521, 515, 23927, 472, 1423, 29899, 262, 607, 2444, 15621, 367, 278, 6056, 363, 319, 26103, 273, 29889, 306, 505, 2360, 1063, 4433, 304, 1423, 297, 8951, 472, 4799, 18117, 363, 16791, 1652, 16286, 29889, 910, 769, 8581, 4828, 411, 590, 4799, 18117, 17394, 8454, 451, 2805, 1549, 6993, 322, 306, 750, 304, 5839, 701, 590, 19548, 337, 337, 18744, 322, 1361, 297, 1449, 29889, 910, 20789, 263, 1472, 322, 931, 29899, 1136, 19390, 1889, 22049, 701, 322, 1623, 278, 4799, 637, 29915, 29879, 1422, 5685, 11904, 2992, 29889, 1632, 5962, 13925, 892, 8004, 322, 947, 1009, 1900, 304, 1371, 541, 727, 338, 694, 1023, 982, 1048, 372, 29901, 910, 471, 263, 1407, 6460, 1532, 376, 13013, 20452, 20917, 16791, 16286, 29889, 306, 2665, 263, 883, 304, 11962, 2669, 304, 6843, 7420, 541, 896, 925, 1497, 393, 278, 1108, 338, 472, 7813, 16470, 322, 393, 896, 756, 7705, 24114, 372, 29889, 306, 4433, 920, 896, 505, 7705, 17786, 372, 541, 896, 925, 10049, 7699, 491, 12312, 278, 1021, 29889, 306, 526, 3763, 25617, 29889, 319, 298, 27558, 280, 29899, 3889, 16286, 411, 319, 26103, 5063, 2444, 9301, 322, 278, 12463, 7271, 947, 451, 16161, 304, 825, 366, 5146, 29889, 306, 723, 451, 6907, 29889, 1551, 278, 982, 1250, 411, 5593, 5115, 16791, 472, 270, 1558, 21538, 29196, 1258, 451, 2367, 738, 1108, 322, 471, 263, 15377, 304, 6686, 4940, 278, 319, 26103, 16162, 4870, 4870, 1423, 29899, 797, 4038, 13797, 306, 3282, 29915, 451, 505, 18876, 26565, 372, 11180]",ab062fed7b3291f45981258a01c38e9006ad3d3dd6f241f9879b1c85128b9ef6,113f0c15bc2ee8fc1026df36663e619801a7dc3d344f450aaf64f5337b249dae,ab062fed7b3291f45981258a01c38e9006ad3d3dd6f241f9879b1c85128b9ef6,113f0c15bc2ee8fc1026df36663e619801a7dc3d344f450aaf64f5337b249dae,ab062fed7b3291f45981258a01c38e9006ad3d3dd6f241f9879b1c85128b9ef6,113f0c15bc2ee8fc1026df36663e619801a7dc3d344f450aaf64f5337b249dae,True,True,0.021460944786667824,0.02094733528792858,-0.0005136094987392426,13,8,"[289, 296, 297, 298, 299]","[289, 296, 297, 298, 299]",True,128,8192,False,True,0.23751884698867798,0.13371101021766663,-0.10380783677101135,0.5099708437919617,0.5190815925598145,0.009110748767852783,0.014741391991265118,0.009147510034381412,-0.005593881956883706,0.023256481261341833,0.02042653194803279,-0.0028299493133090436,0.003433273760015731,0.002390690527244152,-0.001042583232771579,0.004745073575800011,0.004110694423291858,-0.0006343791525081528,36608,36608,0,0,1,1,0,neutral,5,True
25,42,17,1,19,"[1, 4517, 7813, 28836, 29899, 19437, 5593, 25200, 29899, 1349, 16796, 12549, 265, 3230, 29889, 26222, 1449, 5998, 28830, 7271, 411, 445, 4799, 29718, 338, 1781, 1423, 1423, 797, 1889, 2444, 304, 1522, 967, 8062, 1298, 29889, 2379, 16286, 5840, 19092, 7813, 13510, 373, 931, 541, 925, 1434, 25325, 472, 9193, 9193, 306, 1855, 16387, 393, 306, 947, 451, 505, 263, 12590, 28397, 1209, 363, 278, 16791, 16286, 29889, 306, 12707, 304, 28830, 17616, 1048, 372, 541, 896, 6140, 1185, 9543, 310, 738, 2228, 29914, 1889, 10174, 322, 3763, 12992, 592, 304, 278, 16791, 16286, 553, 18296, 472, 278, 4799, 18117, 29889, 1932, 306, 2355, 727, 445, 471, 12522, 29889, 727, 471, 694, 23196, 3625, 515, 278, 4799, 29718, 2845, 322, 306, 1095, 701, 7726, 304, 4799, 18117, 6993, 29889, 306, 471, 5429, 393, 306, 756, 304, 2041, 714, 310, 278, 4799, 18117, 6993, 20704, 25114, 19538, 1423, 297, 599, 975, 1449, 304, 679, 278, 7613, 7754, 6978, 322, 393, 445, 338, 263, 3918, 8792, 1584, 5998, 289, 18341, 679, 6782, 373, 11480, 2446, 16286, 6336, 29889, 727, 471, 263, 9521, 515, 23927, 472, 1423, 29899, 262, 607, 2444, 15621, 367, 278, 6056, 363, 319, 26103, 273, 29889, 306, 505, 2360, 1063, 4433, 304, 1423, 297, 8951, 472, 4799, 18117, 363, 16791, 1652, 16286, 29889, 910, 769, 8581, 4828, 411, 590, 4799, 18117, 17394, 8454, 451, 2805, 1549, 6993, 322, 306, 750, 304, 5839, 701, 590, 19548, 337, 337, 18744, 322, 1361, 297, 1449, 29889, 910, 20789, 263, 1472, 322, 931, 29899, 1136, 19390, 1889, 22049, 701, 322, 1623, 278, 4799, 637, 29915, 29879, 1422, 5685, 11904, 2992, 29889, 1632, 5962, 13925, 892, 8004, 322, 947, 1009, 1900, 304, 1371, 541, 727, 338, 694, 1023, 982, 1048, 372, 29901, 910, 471, 263, 1407, 6460, 1532, 376, 13013, 20452, 20917, 16791, 16286, 29889, 306, 2665, 263, 883, 304, 11962, 2669, 304, 6843, 7420, 541, 896, 925, 1497, 393, 278, 1108, 338, 472, 7813, 16470, 322, 393, 896, 756, 7705, 24114, 372, 29889, 306, 4433, 920, 896, 505, 7705, 17786, 372, 541, 896, 925, 10049, 7699, 491, 12312, 278, 1021, 29889, 306, 526, 3763, 25617, 29889, 319, 298, 27558, 280, 29899, 3889, 16286, 411, 319, 26103, 5063, 2444, 9301, 322, 278, 12463, 7271, 947, 451, 16161, 304, 825, 366, 5146, 29889, 306, 723, 451, 6907, 29889, 1551, 278, 982, 1250, 411, 5593, 5115, 16791, 472, 270, 1558, 21538, 29196, 1258, 451, 2367, 738, 1108, 322, 471, 263, 15377, 304, 6686, 4940, 278, 319, 26103, 16162, 4870, 4870, 1423, 29899, 797, 4038, 13797, 306, 3282, 29915, 451, 505, 18876, 26565, 372, 11180]","[1, 4517, 7813, 28836, 29899, 19437, 5593, 25200, 29899, 1349, 16796, 12549, 265, 3230, 29889, 26222, 1449, 5998, 28830, 7271, 411, 445, 4799, 29718, 338, 1781, 1423, 1423, 797, 1889, 2444, 304, 1522, 967, 8062, 1298, 29889, 2379, 16286, 5840, 19092, 7813, 13510, 373, 931, 541, 925, 1434, 25325, 472, 9193, 9193, 306, 1855, 16387, 393, 306, 947, 451, 505, 263, 12590, 28397, 1209, 363, 278, 16791, 16286, 29889, 306, 12707, 304, 28830, 17616, 1048, 372, 541, 896, 6140, 1185, 9543, 310, 738, 2228, 29914, 1889, 10174, 322, 3763, 12992, 592, 304, 278, 16791, 16286, 553, 18296, 472, 278, 4799, 18117, 29889, 1932, 306, 2355, 727, 445, 471, 12522, 29889, 727, 471, 694, 23196, 3625, 515, 278, 4799, 29718, 2845, 322, 306, 1095, 701, 7726, 304, 4799, 18117, 6993, 29889, 306, 471, 5429, 393, 306, 756, 304, 2041, 714, 310, 278, 4799, 18117, 6993, 20704, 25114, 19538, 1423, 297, 599, 975, 1449, 304, 679, 278, 7613, 7754, 6978, 322, 393, 445, 338, 263, 3918, 8792, 1584, 5998, 289, 18341, 679, 6782, 373, 11480, 2446, 16286, 6336, 29889, 727, 471, 263, 9521, 515, 23927, 472, 1423, 29899, 262, 607, 2444, 15621, 367, 278, 6056, 363, 319, 26103, 273, 29889, 306, 505, 2360, 1063, 4433, 304, 1423, 297, 8951, 472, 4799, 18117, 363, 16791, 1652, 16286, 29889, 910, 769, 8581, 4828, 411, 590, 4799, 18117, 17394, 8454, 451, 2805, 1549, 6993, 322, 306, 750, 304, 5839, 701, 590, 19548, 337, 337, 18744, 322, 1361, 297, 1449, 29889, 910, 20789, 263, 1472, 322, 931, 29899, 1136, 19390, 1889, 22049, 701, 322, 1623, 278, 4799, 637, 29915, 29879, 1422, 5685, 11904, 2992, 29889, 1632, 5962, 13925, 892, 8004, 322, 947, 1009, 1900, 304, 1371, 541, 727, 338, 694, 1023, 982, 1048, 372, 29901, 910, 471, 263, 1407, 6460, 1532, 376, 13013, 20452, 20917, 16791, 16286, 29889, 306, 2665, 263, 883, 304, 11962, 2669, 304, 6843, 7420, 541, 896, 925, 1497, 393, 278, 1108, 471, 472, 7813, 16470, 322, 393, 896, 756, 7705, 24114, 372, 29889, 306, 4433, 920, 896, 505, 7705, 17786, 372, 541, 896, 925, 10049, 7699, 491, 12312, 278, 1021, 29889, 306, 526, 3763, 25617, 29889, 319, 298, 27558, 280, 29899, 3889, 16286, 411, 319, 26103, 5063, 2444, 9301, 322, 278, 12463, 7271, 947, 451, 16161, 304, 825, 366, 5146, 29889, 306, 723, 451, 6907, 29889, 1551, 278, 982, 1250, 411, 5593, 5115, 16791, 472, 270, 1558, 21538, 29196, 1258, 451, 2367, 738, 1108, 322, 471, 263, 15377, 304, 6686, 4940, 278, 319, 26103, 16162, 4870, 4870, 1423, 29899, 797, 4038, 13797, 306, 3282, 29915, 451, 505, 18876, 26565, 372, 11180]",113f0c15bc2ee8fc1026df36663e619801a7dc3d344f450aaf64f5337b249dae,046c1912f0efe4cc56a76ec7a6986d1f460aac4bee982a546f2523ff4254f6b4,113f0c15bc2ee8fc1026df36663e619801a7dc3d344f450aaf64f5337b249dae,046c1912f0efe4cc56a76ec7a6986d1f460aac4bee982a546f2523ff4254f6b4,113f0c15bc2ee8fc1026df36663e619801a7dc3d344f450aaf64f5337b249dae,046c1912f0efe4cc56a76ec7a6986d1f460aac4bee982a546f2523ff4254f6b4,True,True,0.02094733528792858,0.020883431658148766,-6.390362977981567e-05,12,1,"[308, 310, 311, 315, 319]",[319],True,128,8192,False,True,0.19500026106834412,0.19436432421207428,-0.0006359368562698364,0.5323779582977295,0.5320795774459839,-0.00029838085174560547,0.0011145965763716958,0.0008610107906861231,-0.0002535857856855728,0.0036298472696216777,0.003360649054229725,-0.00026919821539195254,0.0011145965763716958,0.0008610107906861231,-0.0002535857856855728,0.0036298472696216777,0.003360649054229725,-0.00026919821539195254,8192,8192,0,0,1,0,1,positive,1,True
25,42,17,1,20,"[1, 4517, 7813, 28836, 29899, 19437, 5593, 25200, 29899, 1349, 16796, 12549, 265, 3230, 29889, 26222, 1449, 5998, 28830, 7271, 411, 445, 4799, 29718, 338, 1781, 1423, 1423, 797, 1889, 2444, 304, 1522, 967, 8062, 1298, 29889, 2379, 16286, 5840, 19092, 7813, 13510, 373, 931, 541, 925, 1434, 25325, 472, 9193, 9193, 306, 1855, 16387, 393, 306, 947, 451, 505, 263, 12590, 28397, 1209, 363, 278, 16791, 16286, 29889, 306, 12707, 304, 28830, 17616, 1048, 372, 541, 896, 6140, 1185, 9543, 310, 738, 2228, 29914, 1889, 10174, 322, 3763, 12992, 592, 304, 278, 16791, 16286, 553, 18296, 472, 278, 4799, 18117, 29889, 1932, 306, 2355, 727, 445, 471, 12522, 29889, 727, 471, 694, 23196, 3625, 515, 278, 4799, 29718, 2845, 322, 306, 1095, 701, 7726, 304, 4799, 18117, 6993, 29889, 306, 471, 5429, 393, 306, 756, 304, 2041, 714, 310, 278, 4799, 18117, 6993, 20704, 25114, 19538, 1423, 297, 599, 975, 1449, 304, 679, 278, 7613, 7754, 6978, 322, 393, 445, 338, 263, 3918, 8792, 1584, 5998, 289, 18341, 679, 6782, 373, 11480, 2446, 16286, 6336, 29889, 727, 471, 263, 9521, 515, 23927, 472, 1423, 29899, 262, 607, 2444, 15621, 367, 278, 6056, 363, 319, 26103, 273, 29889, 306, 505, 2360, 1063, 4433, 304, 1423, 297, 8951, 472, 4799, 18117, 363, 16791, 1652, 16286, 29889, 910, 769, 8581, 4828, 411, 590, 4799, 18117, 17394, 8454, 451, 2805, 1549, 6993, 322, 306, 750, 304, 5839, 701, 590, 19548, 337, 337, 18744, 322, 1361, 297, 1449, 29889, 910, 20789, 263, 1472, 322, 931, 29899, 1136, 19390, 1889, 22049, 701, 322, 1623, 278, 4799, 637, 29915, 29879, 1422, 5685, 11904, 2992, 29889, 1632, 5962, 13925, 892, 8004, 322, 947, 1009, 1900, 304, 1371, 541, 727, 338, 694, 1023, 982, 1048, 372, 29901, 910, 471, 263, 1407, 6460, 1532, 376, 13013, 20452, 20917, 16791, 16286, 29889, 306, 2665, 263, 883, 304, 11962, 2669, 304, 6843, 7420, 541, 896, 925, 1497, 393, 278, 1108, 471, 472, 7813, 16470, 322, 393, 896, 756, 7705, 24114, 372, 29889, 306, 4433, 920, 896, 505, 7705, 17786, 372, 541, 896, 925, 10049, 7699, 491, 12312, 278, 1021, 29889, 306, 526, 3763, 25617, 29889, 319, 298, 27558, 280, 29899, 3889, 16286, 411, 319, 26103, 5063, 2444, 9301, 322, 278, 12463, 7271, 947, 451, 16161, 304, 825, 366, 5146, 29889, 306, 723, 451, 6907, 29889, 1551, 278, 982, 1250, 411, 5593, 5115, 16791, 472, 270, 1558, 21538, 29196, 1258, 451, 2367, 738, 1108, 322, 471, 263, 15377, 304, 6686, 4940, 278, 319, 26103, 16162, 4870, 4870, 1423, 29899, 797, 4038, 13797, 306, 3282, 29915, 451, 505, 18876, 26565, 372, 11180]","[1, 4517, 7813, 28836, 29899, 19437, 5593, 25200, 29899, 1349, 16796, 12549, 265, 3230, 29889, 26222, 1449, 5998, 28830, 7271, 411, 445, 4799, 29718, 338, 1781, 1423, 1423, 797, 1889, 2444, 304, 1522, 967, 8062, 1298, 29889, 2379, 16286, 5840, 19092, 7813, 13510, 373, 931, 541, 925, 1434, 25325, 472, 9193, 9193, 306, 1855, 16387, 393, 306, 947, 451, 505, 263, 12590, 28397, 1209, 363, 278, 16791, 16286, 29889, 306, 12707, 304, 28830, 17616, 1048, 372, 541, 896, 6140, 1185, 9543, 310, 738, 2228, 29914, 1889, 10174, 322, 3763, 12992, 592, 304, 278, 16791, 16286, 553, 18296, 472, 278, 4799, 18117, 29889, 1932, 306, 2355, 727, 445, 471, 12522, 29889, 727, 471, 694, 23196, 3625, 515, 278, 4799, 29718, 2845, 322, 306, 1095, 701, 7726, 304, 4799, 18117, 6993, 29889, 306, 471, 5429, 393, 306, 756, 304, 2041, 714, 310, 278, 4799, 18117, 6993, 20704, 25114, 19538, 1423, 297, 599, 975, 1449, 304, 679, 278, 7613, 7754, 6978, 322, 393, 445, 338, 263, 3918, 8792, 1584, 5998, 289, 18341, 679, 6782, 373, 11480, 2446, 16286, 6336, 29889, 727, 471, 263, 9521, 515, 23927, 472, 1423, 29899, 262, 607, 2444, 15621, 367, 278, 6056, 363, 319, 26103, 273, 29889, 306, 505, 2360, 1063, 4433, 304, 1423, 297, 8951, 472, 4799, 18117, 363, 16791, 1652, 16286, 29889, 910, 769, 8581, 4828, 411, 590, 4799, 18117, 17394, 8454, 451, 2805, 1549, 6993, 322, 306, 750, 304, 5839, 701, 590, 19548, 337, 337, 18744, 322, 1361, 297, 1449, 29889, 910, 20789, 263, 1472, 322, 931, 29899, 1136, 19390, 1889, 22049, 701, 322, 1623, 278, 4799, 637, 29915, 29879, 1422, 5685, 11904, 2992, 29889, 1632, 5962, 13925, 892, 8004, 322, 947, 1009, 1900, 304, 1371, 541, 727, 338, 694, 1023, 982, 1048, 372, 29901, 910, 471, 263, 1407, 6460, 1532, 376, 13013, 20452, 20917, 16791, 16286, 29889, 306, 2665, 263, 883, 304, 11962, 2669, 304, 6843, 7420, 541, 896, 925, 1497, 393, 278, 1108, 471, 472, 7813, 16470, 322, 393, 896, 505, 7705, 24114, 372, 29889, 306, 4433, 920, 896, 505, 7705, 17786, 372, 541, 896, 925, 10049, 7699, 491, 12312, 278, 1021, 29889, 306, 526, 3763, 25617, 29889, 319, 298, 27558, 280, 29899, 3889, 16286, 411, 319, 26103, 5063, 2444, 9301, 322, 278, 12463, 7271, 947, 451, 16161, 304, 825, 366, 5146, 29889, 306, 723, 451, 6907, 29889, 1551, 278, 982, 1250, 411, 5593, 5115, 16791, 472, 270, 1558, 21538, 29196, 1258, 451, 2367, 738, 1108, 322, 471, 263, 15377, 304, 6686, 4940, 278, 319, 26103, 16162, 4870, 4870, 1423, 29899, 797, 4038, 13797, 306, 3282, 29915, 451, 505, 18876, 26565, 372, 11180]",046c1912f0efe4cc56a76ec7a6986d1f460aac4bee982a546f2523ff4254f6b4,34f7aaf515df7454a1435be99fdfb2f582abae9487635e3105f805442e496dac,046c1912f0efe4cc56a76ec7a6986d1f460aac4bee982a546f2523ff4254f6b4,34f7aaf515df7454a1435be99fdfb2f582abae9487635e3105f805442e496dac,046c1912f0efe4cc56a76ec7a6986d1f460aac4bee982a546f2523ff4254f6b4,34f7aaf515df7454a1435be99fdfb2f582abae9487635e3105f805442e496dac,True,True,0.020883431658148766,0.0207993034273386,-8.41282308101654e-05,8,1,"[322, 326, 328]",[326],True,128,8192,False,True,0.19723215699195862,0.1961979866027832,-0.001034170389175415,0.5319420099258423,0.5328076481819153,0.000865638256072998,0.0014391806835192256,0.0008161458099493757,-0.0006230348735698499,0.0031667169896536507,0.0028776857507182285,-0.00028903123893542215,0.0014391806835192256,0.0008161458099493757,-0.0006230348735698499,0.0031667169896536507,0.0028776857507182285,-0.00028903123893542215,8192,8192,0,0,1,0,1,positive,1,True
25,42,17,1,21,"[1, 4517, 7813, 28836, 29899, 19437, 5593, 25200, 29899, 1349, 16796, 12549, 265, 3230, 29889, 26222, 1449, 5998, 28830, 7271, 411, 445, 4799, 29718, 338, 1781, 1423, 1423, 797, 1889, 2444, 304, 1522, 967, 8062, 1298, 29889, 2379, 16286, 5840, 19092, 7813, 13510, 373, 931, 541, 925, 1434, 25325, 472, 9193, 9193, 306, 1855, 16387, 393, 306, 947, 451, 505, 263, 12590, 28397, 1209, 363, 278, 16791, 16286, 29889, 306, 12707, 304, 28830, 17616, 1048, 372, 541, 896, 6140, 1185, 9543, 310, 738, 2228, 29914, 1889, 10174, 322, 3763, 12992, 592, 304, 278, 16791, 16286, 553, 18296, 472, 278, 4799, 18117, 29889, 1932, 306, 2355, 727, 445, 471, 12522, 29889, 727, 471, 694, 23196, 3625, 515, 278, 4799, 29718, 2845, 322, 306, 1095, 701, 7726, 304, 4799, 18117, 6993, 29889, 306, 471, 5429, 393, 306, 756, 304, 2041, 714, 310, 278, 4799, 18117, 6993, 20704, 25114, 19538, 1423, 297, 599, 975, 1449, 304, 679, 278, 7613, 7754, 6978, 322, 393, 445, 338, 263, 3918, 8792, 1584, 5998, 289, 18341, 679, 6782, 373, 11480, 2446, 16286, 6336, 29889, 727, 471, 263, 9521, 515, 23927, 472, 1423, 29899, 262, 607, 2444, 15621, 367, 278, 6056, 363, 319, 26103, 273, 29889, 306, 505, 2360, 1063, 4433, 304, 1423, 297, 8951, 472, 4799, 18117, 363, 16791, 1652, 16286, 29889, 910, 769, 8581, 4828, 411, 590, 4799, 18117, 17394, 8454, 451, 2805, 1549, 6993, 322, 306, 750, 304, 5839, 701, 590, 19548, 337, 337, 18744, 322, 1361, 297, 1449, 29889, 910, 20789, 263, 1472, 322, 931, 29899, 1136, 19390, 1889, 22049, 701, 322, 1623, 278, 4799, 637, 29915, 29879, 1422, 5685, 11904, 2992, 29889, 1632, 5962, 13925, 892, 8004, 322, 947, 1009, 1900, 304, 1371, 541, 727, 338, 694, 1023, 982, 1048, 372, 29901, 910, 471, 263, 1407, 6460, 1532, 376, 13013, 20452, 20917, 16791, 16286, 29889, 306, 2665, 263, 883, 304, 11962, 2669, 304, 6843, 7420, 541, 896, 925, 1497, 393, 278, 1108, 471, 472, 7813, 16470, 322, 393, 896, 505, 7705, 24114, 372, 29889, 306, 4433, 920, 896, 505, 7705, 17786, 372, 541, 896, 925, 10049, 7699, 491, 12312, 278, 1021, 29889, 306, 526, 3763, 25617, 29889, 319, 298, 27558, 280, 29899, 3889, 16286, 411, 319, 26103, 5063, 2444, 9301, 322, 278, 12463, 7271, 947, 451, 16161, 304, 825, 366, 5146, 29889, 306, 723, 451, 6907, 29889, 1551, 278, 982, 1250, 411, 5593, 5115, 16791, 472, 270, 1558, 21538, 29196, 1258, 451, 2367, 738, 1108, 322, 471, 263, 15377, 304, 6686, 4940, 278, 319, 26103, 16162, 4870, 4870, 1423, 29899, 797, 4038, 13797, 306, 3282, 29915, 451, 505, 18876, 26565, 372, 11180]","[1, 4517, 7813, 28836, 29899, 19437, 5593, 25200, 29899, 1349, 16796, 12549, 265, 3230, 29889, 26222, 1449, 5998, 28830, 7271, 411, 445, 4799, 29718, 338, 1781, 1423, 1423, 797, 1889, 2444, 304, 1522, 967, 8062, 1298, 29889, 2379, 16286, 5840, 19092, 7813, 13510, 373, 931, 541, 925, 1434, 25325, 472, 9193, 9193, 306, 1855, 16387, 393, 306, 947, 451, 505, 263, 12590, 28397, 1209, 363, 278, 16791, 16286, 29889, 306, 12707, 304, 28830, 17616, 1048, 372, 541, 896, 6140, 1185, 9543, 310, 738, 2228, 29914, 1889, 10174, 322, 3763, 12992, 592, 304, 278, 16791, 16286, 553, 18296, 472, 278, 4799, 18117, 29889, 1932, 306, 2355, 727, 445, 471, 12522, 29889, 727, 471, 694, 23196, 3625, 515, 278, 4799, 29718, 2845, 322, 306, 1095, 701, 7726, 304, 4799, 18117, 6993, 29889, 306, 471, 5429, 393, 306, 756, 304, 2041, 714, 310, 278, 4799, 18117, 6993, 20704, 25114, 19538, 1423, 297, 599, 975, 1449, 304, 679, 278, 7613, 7754, 6978, 322, 393, 445, 338, 263, 3918, 8792, 1584, 5998, 289, 18341, 679, 6782, 373, 11480, 2446, 16286, 6336, 29889, 727, 471, 263, 9521, 515, 23927, 472, 1423, 29899, 262, 607, 2444, 15621, 367, 278, 6056, 363, 319, 26103, 273, 29889, 306, 505, 2360, 1063, 4433, 304, 1423, 297, 8951, 472, 4799, 18117, 363, 16791, 1652, 16286, 29889, 910, 769, 8581, 4828, 411, 590, 4799, 18117, 17394, 8454, 451, 2805, 1549, 6993, 322, 306, 750, 304, 5839, 701, 590, 19548, 337, 337, 18744, 322, 1361, 297, 1449, 29889, 910, 20789, 263, 1472, 322, 931, 29899, 1136, 19390, 1889, 22049, 701, 322, 1623, 278, 4799, 637, 29915, 29879, 1422, 5685, 11904, 2992, 29889, 1632, 5962, 13925, 892, 8004, 322, 947, 1009, 1900, 304, 1371, 541, 727, 338, 694, 1023, 982, 1048, 372, 29901, 910, 471, 263, 1407, 6460, 1532, 376, 13013, 20452, 20917, 16791, 16286, 29889, 306, 2665, 263, 883, 304, 11962, 2669, 304, 6843, 7420, 541, 896, 925, 1497, 393, 278, 1108, 471, 472, 7813, 16470, 322, 393, 896, 505, 7705, 24114, 372, 29889, 306, 4433, 920, 896, 505, 7705, 11517, 372, 541, 896, 925, 10049, 5890, 491, 12312, 278, 1021, 29889, 306, 338, 451, 25617, 29889, 319, 298, 27558, 280, 29899, 3889, 16286, 411, 319, 26103, 5063, 2444, 9301, 322, 278, 12463, 7271, 947, 451, 16161, 304, 825, 366, 5146, 29889, 306, 723, 451, 6907, 29889, 1551, 278, 982, 1250, 411, 5593, 5115, 16791, 472, 270, 1558, 21538, 29196, 1258, 451, 2367, 738, 1108, 322, 471, 263, 15377, 304, 6686, 4940, 278, 319, 26103, 16162, 4870, 4870, 1423, 29899, 797, 4038, 13797, 306, 3282, 29915, 451, 505, 18876, 26565, 372, 11180]",34f7aaf515df7454a1435be99fdfb2f582abae9487635e3105f805442e496dac,346999d3d0c4436a37d946d3d2ddfbbac8d9cb0a9ceff3d68445e01bf7625cfb,34f7aaf515df7454a1435be99fdfb2f582abae9487635e3105f805442e496dac,346999d3d0c4436a37d946d3d2ddfbbac8d9cb0a9ceff3d68445e01bf7625cfb,34f7aaf515df7454a1435be99fdfb2f582abae9487635e3105f805442e496dac,346999d3d0c4436a37d946d3d2ddfbbac8d9cb0a9ceff3d68445e01bf7625cfb,True,True,0.0207993034273386,0.020057206973433495,-0.0007420964539051056,6,4,"[337, 343, 350, 351]","[337, 343, 350, 351]",True,128,8192,False,True,0.19376882910728455,0.12676280736923218,-0.06700602173805237,0.5355137586593628,0.5416114330291748,0.006097674369812012,0.007385623386653606,0.005423028575023636,-0.0019625948116299696,0.013974691690236796,0.012879649308160879,-0.001095042382075917,0.0018515631873912341,0.0012878411002624195,-0.0005637220871288146,0.0033397262147523365,0.003044385082952912,-0.0002953411317994244,28544,28544,0,0,1,0,1,positive,4,True
25,42,17,1,24,"[1, 4517, 7813, 28836, 29899, 19437, 5593, 25200, 29899, 1349, 16796, 12549, 265, 3230, 29889, 26222, 1449, 5998, 28830, 7271, 411, 445, 4799, 29718, 338, 1781, 1423, 1423, 797, 1889, 2444, 304, 1522, 967, 8062, 1298, 29889, 2379, 16286, 5840, 19092, 7813, 13510, 373, 931, 541, 925, 1434, 25325, 472, 9193, 9193, 306, 1855, 16387, 393, 306, 947, 451, 505, 263, 12590, 28397, 1209, 363, 278, 16791, 16286, 29889, 306, 12707, 304, 28830, 17616, 1048, 372, 541, 896, 6140, 1185, 9543, 310, 738, 2228, 29914, 1889, 10174, 322, 3763, 12992, 592, 304, 278, 16791, 16286, 553, 18296, 472, 278, 4799, 18117, 29889, 1932, 306, 2355, 727, 445, 471, 12522, 29889, 727, 471, 694, 23196, 3625, 515, 278, 4799, 29718, 2845, 322, 306, 1095, 701, 7726, 304, 4799, 18117, 6993, 29889, 306, 471, 5429, 393, 306, 756, 304, 2041, 714, 310, 278, 4799, 18117, 6993, 20704, 25114, 19538, 1423, 297, 599, 975, 1449, 304, 679, 278, 7613, 7754, 6978, 322, 393, 445, 338, 263, 3918, 8792, 1584, 5998, 289, 18341, 679, 6782, 373, 11480, 2446, 16286, 6336, 29889, 727, 471, 263, 9521, 515, 23927, 472, 1423, 29899, 262, 607, 2444, 15621, 367, 278, 6056, 363, 319, 26103, 273, 29889, 306, 505, 2360, 1063, 4433, 304, 1423, 297, 8951, 472, 4799, 18117, 363, 16791, 1652, 16286, 29889, 910, 769, 8581, 4828, 411, 590, 4799, 18117, 17394, 8454, 451, 2805, 1549, 6993, 322, 306, 750, 304, 5839, 701, 590, 19548, 337, 337, 18744, 322, 1361, 297, 1449, 29889, 910, 20789, 263, 1472, 322, 931, 29899, 1136, 19390, 1889, 22049, 701, 322, 1623, 278, 4799, 637, 29915, 29879, 1422, 5685, 11904, 2992, 29889, 1632, 5962, 13925, 892, 8004, 322, 947, 1009, 1900, 304, 1371, 541, 727, 338, 694, 1023, 982, 1048, 372, 29901, 910, 471, 263, 1407, 6460, 1532, 376, 13013, 20452, 20917, 16791, 16286, 29889, 306, 2665, 263, 883, 304, 11962, 2669, 304, 6843, 7420, 541, 896, 925, 1497, 393, 278, 1108, 471, 472, 7813, 16470, 322, 393, 896, 505, 7705, 24114, 372, 29889, 306, 4433, 920, 896, 505, 7705, 11517, 372, 541, 896, 925, 10049, 5890, 491, 12312, 278, 1021, 29889, 306, 338, 451, 25617, 29889, 319, 298, 27558, 280, 29899, 3889, 16286, 411, 319, 26103, 5063, 2444, 9301, 322, 278, 12463, 7271, 947, 451, 16161, 304, 825, 366, 5146, 29889, 306, 723, 451, 6907, 29889, 1551, 278, 982, 1250, 411, 5593, 5115, 16791, 472, 270, 1558, 21538, 29196, 1258, 451, 2367, 738, 1108, 322, 471, 263, 15377, 304, 6686, 4940, 278, 319, 26103, 16162, 4870, 4870, 1423, 29899, 797, 4038, 13797, 306, 3282, 29915, 451, 505, 18876, 26565, 372, 11180]","[1, 4517, 7813, 28836, 29899, 19437, 5593, 25200, 29899, 1349, 16796, 12549, 265, 3230, 29889, 26222, 1449, 5998, 28830, 7271, 411, 445, 4799, 29718, 338, 1781, 1423, 1423, 797, 1889, 2444, 304, 1522, 967, 8062, 1298, 29889, 2379, 16286, 5840, 19092, 7813, 13510, 373, 931, 541, 925, 1434, 25325, 472, 9193, 9193, 306, 1855, 16387, 393, 306, 947, 451, 505, 263, 12590, 28397, 1209, 363, 278, 16791, 16286, 29889, 306, 12707, 304, 28830, 17616, 1048, 372, 541, 896, 6140, 1185, 9543, 310, 738, 2228, 29914, 1889, 10174, 322, 3763, 12992, 592, 304, 278, 16791, 16286, 553, 18296, 472, 278, 4799, 18117, 29889, 1932, 306, 2355, 727, 445, 471, 12522, 29889, 727, 471, 694, 23196, 3625, 515, 278, 4799, 29718, 2845, 322, 306, 1095, 701, 7726, 304, 4799, 18117, 6993, 29889, 306, 471, 5429, 393, 306, 756, 304, 2041, 714, 310, 278, 4799, 18117, 6993, 20704, 25114, 19538, 1423, 297, 599, 975, 1449, 304, 679, 278, 7613, 7754, 6978, 322, 393, 445, 338, 263, 3918, 8792, 1584, 5998, 289, 18341, 679, 6782, 373, 11480, 2446, 16286, 6336, 29889, 727, 471, 263, 9521, 515, 23927, 472, 1423, 29899, 262, 607, 2444, 15621, 367, 278, 6056, 363, 319, 26103, 273, 29889, 306, 505, 2360, 1063, 4433, 304, 1423, 297, 8951, 472, 4799, 18117, 363, 16791, 1652, 16286, 29889, 910, 769, 8581, 4828, 411, 590, 4799, 18117, 17394, 8454, 451, 2805, 1549, 6993, 322, 306, 750, 304, 5839, 701, 590, 19548, 337, 337, 18744, 322, 1361, 297, 1449, 29889, 910, 20789, 263, 1472, 322, 931, 29899, 1136, 19390, 1889, 22049, 701, 322, 1623, 278, 4799, 637, 29915, 29879, 1422, 5685, 11904, 2992, 29889, 1632, 5962, 13925, 892, 8004, 322, 947, 1009, 1900, 304, 1371, 541, 727, 338, 694, 1023, 982, 1048, 372, 29901, 910, 471, 263, 1407, 6460, 1532, 376, 13013, 20452, 20917, 16791, 16286, 29889, 306, 2665, 263, 883, 304, 11962, 2669, 304, 6843, 7420, 541, 896, 925, 1497, 393, 278, 1108, 471, 472, 7813, 16470, 322, 393, 896, 505, 7705, 24114, 372, 29889, 306, 4433, 920, 896, 505, 7705, 11517, 372, 541, 896, 925, 10049, 5890, 491, 12312, 278, 1021, 29889, 306, 338, 451, 25617, 29889, 319, 298, 27558, 280, 29899, 3889, 16286, 411, 319, 26103, 5063, 2444, 9301, 322, 278, 12463, 7271, 947, 451, 16161, 304, 825, 366, 5146, 29889, 306, 723, 451, 6907, 29889, 1551, 278, 982, 1250, 411, 5593, 5115, 16791, 472, 360, 1558, 19521, 7638, 1258, 451, 2367, 738, 1108, 322, 471, 263, 15377, 304, 6686, 4940, 278, 319, 26103, 16162, 4870, 4870, 1423, 29899, 797, 4038, 13797, 306, 3282, 29915, 451, 505, 18876, 26565, 372, 11180]",346999d3d0c4436a37d946d3d2ddfbbac8d9cb0a9ceff3d68445e01bf7625cfb,bd1f261a286aa071c04d916e8fcf39f857d3158543d7c04bdbdc7a726177b596,346999d3d0c4436a37d946d3d2ddfbbac8d9cb0a9ceff3d68445e01bf7625cfb,bd1f261a286aa071c04d916e8fcf39f857d3158543d7c04bdbdc7a726177b596,346999d3d0c4436a37d946d3d2ddfbbac8d9cb0a9ceff3d68445e01bf7625cfb,bd1f261a286aa071c04d916e8fcf39f857d3158543d7c04bdbdc7a726177b596,True,True,0.020057206973433495,0.019981035962700844,-7.617101073265076e-05,9,3,"[384, 389, 390, 393, 395, 396]","[393, 395, 396]",True,128,4480,False,True,0.2616412341594696,0.25699713826179504,-0.0046440958976745605,0.5215790271759033,0.5206847190856934,-0.0008943080902099609,0.008930547907948495,0.007639241790665048,-0.0012913061172834467,0.017441350181720088,0.012038342441831317,-0.005403007739888771,0.003083259090781212,0.0026979471603408457,-0.0003853119304403664,0.00512653287500143,0.003469856488518417,-0.0016566763864830133,12800,12800,0,0,1,0,1,positive,3,True
25,42,17,1,25,"[1, 4517, 7813, 28836, 29899, 19437, 5593, 25200, 29899, 1349, 16796, 12549, 265, 3230, 29889, 26222, 1449, 5998, 28830, 7271, 411, 445, 4799, 29718, 338, 1781, 1423, 1423, 797, 1889, 2444, 304, 1522, 967, 8062, 1298, 29889, 2379, 16286, 5840, 19092, 7813, 13510, 373, 931, 541, 925, 1434, 25325, 472, 9193, 9193, 306, 1855, 16387, 393, 306, 947, 451, 505, 263, 12590, 28397, 1209, 363, 278, 16791, 16286, 29889, 306, 12707, 304, 28830, 17616, 1048, 372, 541, 896, 6140, 1185, 9543, 310, 738, 2228, 29914, 1889, 10174, 322, 3763, 12992, 592, 304, 278, 16791, 16286, 553, 18296, 472, 278, 4799, 18117, 29889, 1932, 306, 2355, 727, 445, 471, 12522, 29889, 727, 471, 694, 23196, 3625, 515, 278, 4799, 29718, 2845, 322, 306, 1095, 701, 7726, 304, 4799, 18117, 6993, 29889, 306, 471, 5429, 393, 306, 756, 304, 2041, 714, 310, 278, 4799, 18117, 6993, 20704, 25114, 19538, 1423, 297, 599, 975, 1449, 304, 679, 278, 7613, 7754, 6978, 322, 393, 445, 338, 263, 3918, 8792, 1584, 5998, 289, 18341, 679, 6782, 373, 11480, 2446, 16286, 6336, 29889, 727, 471, 263, 9521, 515, 23927, 472, 1423, 29899, 262, 607, 2444, 15621, 367, 278, 6056, 363, 319, 26103, 273, 29889, 306, 505, 2360, 1063, 4433, 304, 1423, 297, 8951, 472, 4799, 18117, 363, 16791, 1652, 16286, 29889, 910, 769, 8581, 4828, 411, 590, 4799, 18117, 17394, 8454, 451, 2805, 1549, 6993, 322, 306, 750, 304, 5839, 701, 590, 19548, 337, 337, 18744, 322, 1361, 297, 1449, 29889, 910, 20789, 263, 1472, 322, 931, 29899, 1136, 19390, 1889, 22049, 701, 322, 1623, 278, 4799, 637, 29915, 29879, 1422, 5685, 11904, 2992, 29889, 1632, 5962, 13925, 892, 8004, 322, 947, 1009, 1900, 304, 1371, 541, 727, 338, 694, 1023, 982, 1048, 372, 29901, 910, 471, 263, 1407, 6460, 1532, 376, 13013, 20452, 20917, 16791, 16286, 29889, 306, 2665, 263, 883, 304, 11962, 2669, 304, 6843, 7420, 541, 896, 925, 1497, 393, 278, 1108, 471, 472, 7813, 16470, 322, 393, 896, 505, 7705, 24114, 372, 29889, 306, 4433, 920, 896, 505, 7705, 11517, 372, 541, 896, 925, 10049, 5890, 491, 12312, 278, 1021, 29889, 306, 338, 451, 25617, 29889, 319, 298, 27558, 280, 29899, 3889, 16286, 411, 319, 26103, 5063, 2444, 9301, 322, 278, 12463, 7271, 947, 451, 16161, 304, 825, 366, 5146, 29889, 306, 723, 451, 6907, 29889, 1551, 278, 982, 1250, 411, 5593, 5115, 16791, 472, 360, 1558, 19521, 7638, 1258, 451, 2367, 738, 1108, 322, 471, 263, 15377, 304, 6686, 4940, 278, 319, 26103, 16162, 4870, 4870, 1423, 29899, 797, 4038, 13797, 306, 3282, 29915, 451, 505, 18876, 26565, 372, 11180]","[1, 4517, 7813, 28836, 29899, 19437, 5593, 25200, 29899, 1349, 16796, 12549, 265, 3230, 29889, 26222, 1449, 5998, 28830, 7271, 411, 445, 4799, 29718, 338, 1781, 1423, 1423, 797, 1889, 2444, 304, 1522, 967, 8062, 1298, 29889, 2379, 16286, 5840, 19092, 7813, 13510, 373, 931, 541, 925, 1434, 25325, 472, 9193, 9193, 306, 1855, 16387, 393, 306, 947, 451, 505, 263, 12590, 28397, 1209, 363, 278, 16791, 16286, 29889, 306, 12707, 304, 28830, 17616, 1048, 372, 541, 896, 6140, 1185, 9543, 310, 738, 2228, 29914, 1889, 10174, 322, 3763, 12992, 592, 304, 278, 16791, 16286, 553, 18296, 472, 278, 4799, 18117, 29889, 1932, 306, 2355, 727, 445, 471, 12522, 29889, 727, 471, 694, 23196, 3625, 515, 278, 4799, 29718, 2845, 322, 306, 1095, 701, 7726, 304, 4799, 18117, 6993, 29889, 306, 471, 5429, 393, 306, 756, 304, 2041, 714, 310, 278, 4799, 18117, 6993, 20704, 25114, 19538, 1423, 297, 599, 975, 1449, 304, 679, 278, 7613, 7754, 6978, 322, 393, 445, 338, 263, 3918, 8792, 1584, 5998, 289, 18341, 679, 6782, 373, 11480, 2446, 16286, 6336, 29889, 727, 471, 263, 9521, 515, 23927, 472, 1423, 29899, 262, 607, 2444, 15621, 367, 278, 6056, 363, 319, 26103, 273, 29889, 306, 505, 2360, 1063, 4433, 304, 1423, 297, 8951, 472, 4799, 18117, 363, 16791, 1652, 16286, 29889, 910, 769, 8581, 4828, 411, 590, 4799, 18117, 17394, 8454, 451, 2805, 1549, 6993, 322, 306, 750, 304, 5839, 701, 590, 19548, 337, 337, 18744, 322, 1361, 297, 1449, 29889, 910, 20789, 263, 1472, 322, 931, 29899, 1136, 19390, 1889, 22049, 701, 322, 1623, 278, 4799, 637, 29915, 29879, 1422, 5685, 11904, 2992, 29889, 1632, 5962, 13925, 892, 8004, 322, 947, 1009, 1900, 304, 1371, 541, 727, 338, 694, 1023, 982, 1048, 372, 29901, 910, 471, 263, 1407, 6460, 1532, 376, 13013, 20452, 20917, 16791, 16286, 29889, 306, 2665, 263, 883, 304, 11962, 2669, 304, 6843, 7420, 541, 896, 925, 1497, 393, 278, 1108, 471, 472, 7813, 16470, 322, 393, 896, 505, 7705, 24114, 372, 29889, 306, 4433, 920, 896, 505, 7705, 11517, 372, 541, 896, 925, 10049, 5890, 491, 12312, 278, 1021, 29889, 306, 338, 451, 25617, 29889, 319, 298, 27558, 280, 29899, 3889, 16286, 411, 319, 26103, 5063, 2444, 9301, 322, 278, 12463, 7271, 947, 451, 16161, 304, 825, 366, 5146, 29889, 306, 723, 451, 6907, 29889, 1551, 278, 982, 1250, 411, 5593, 5115, 16791, 472, 360, 1558, 19521, 7638, 1258, 451, 2367, 738, 1108, 322, 471, 263, 15377, 304, 6686, 4940, 278, 319, 26103, 20021, 4870, 4870, 1423, 29899, 797, 4038, 13797, 306, 3282, 29915, 451, 505, 18876, 26565, 372, 11180]",bd1f261a286aa071c04d916e8fcf39f857d3158543d7c04bdbdc7a726177b596,81d31cb554f9e81d091228e73c24a5ee1c7d30aa70f8a164e6fb3293d34ee04e,bd1f261a286aa071c04d916e8fcf39f857d3158543d7c04bdbdc7a726177b596,81d31cb554f9e81d091228e73c24a5ee1c7d30aa70f8a164e6fb3293d34ee04e,bd1f261a286aa071c04d916e8fcf39f857d3158543d7c04bdbdc7a726177b596,81d31cb554f9e81d091228e73c24a5ee1c7d30aa70f8a164e6fb3293d34ee04e,True,True,0.019981035962700844,0.0199075099080801,-7.35260546207428e-05,3,1,"[411, 412]",[412],True,128,2048,False,True,0.249963641166687,0.24995501339435577,-8.627772331237793e-06,0.5163090229034424,0.5154204964637756,-0.000888526439666748,0.0062538137135561556,0.006623281020438299,0.000369467306882143,0.011438854155130684,0.012997056997846812,0.0015582028427161276,0.0062538137135561556,0.006623281020438299,0.000369467306882143,0.011438854155130684,0.012997056997846812,0.0015582028427161276,2048,2048,0,0,0,0,0,neutral,1,True
25,42,17,1,26,"[1, 4517, 7813, 28836, 29899, 19437, 5593, 25200, 29899, 1349, 16796, 12549, 265, 3230, 29889, 26222, 1449, 5998, 28830, 7271, 411, 445, 4799, 29718, 338, 1781, 1423, 1423, 797, 1889, 2444, 304, 1522, 967, 8062, 1298, 29889, 2379, 16286, 5840, 19092, 7813, 13510, 373, 931, 541, 925, 1434, 25325, 472, 9193, 9193, 306, 1855, 16387, 393, 306, 947, 451, 505, 263, 12590, 28397, 1209, 363, 278, 16791, 16286, 29889, 306, 12707, 304, 28830, 17616, 1048, 372, 541, 896, 6140, 1185, 9543, 310, 738, 2228, 29914, 1889, 10174, 322, 3763, 12992, 592, 304, 278, 16791, 16286, 553, 18296, 472, 278, 4799, 18117, 29889, 1932, 306, 2355, 727, 445, 471, 12522, 29889, 727, 471, 694, 23196, 3625, 515, 278, 4799, 29718, 2845, 322, 306, 1095, 701, 7726, 304, 4799, 18117, 6993, 29889, 306, 471, 5429, 393, 306, 756, 304, 2041, 714, 310, 278, 4799, 18117, 6993, 20704, 25114, 19538, 1423, 297, 599, 975, 1449, 304, 679, 278, 7613, 7754, 6978, 322, 393, 445, 338, 263, 3918, 8792, 1584, 5998, 289, 18341, 679, 6782, 373, 11480, 2446, 16286, 6336, 29889, 727, 471, 263, 9521, 515, 23927, 472, 1423, 29899, 262, 607, 2444, 15621, 367, 278, 6056, 363, 319, 26103, 273, 29889, 306, 505, 2360, 1063, 4433, 304, 1423, 297, 8951, 472, 4799, 18117, 363, 16791, 1652, 16286, 29889, 910, 769, 8581, 4828, 411, 590, 4799, 18117, 17394, 8454, 451, 2805, 1549, 6993, 322, 306, 750, 304, 5839, 701, 590, 19548, 337, 337, 18744, 322, 1361, 297, 1449, 29889, 910, 20789, 263, 1472, 322, 931, 29899, 1136, 19390, 1889, 22049, 701, 322, 1623, 278, 4799, 637, 29915, 29879, 1422, 5685, 11904, 2992, 29889, 1632, 5962, 13925, 892, 8004, 322, 947, 1009, 1900, 304, 1371, 541, 727, 338, 694, 1023, 982, 1048, 372, 29901, 910, 471, 263, 1407, 6460, 1532, 376, 13013, 20452, 20917, 16791, 16286, 29889, 306, 2665, 263, 883, 304, 11962, 2669, 304, 6843, 7420, 541, 896, 925, 1497, 393, 278, 1108, 471, 472, 7813, 16470, 322, 393, 896, 505, 7705, 24114, 372, 29889, 306, 4433, 920, 896, 505, 7705, 11517, 372, 541, 896, 925, 10049, 5890, 491, 12312, 278, 1021, 29889, 306, 338, 451, 25617, 29889, 319, 298, 27558, 280, 29899, 3889, 16286, 411, 319, 26103, 5063, 2444, 9301, 322, 278, 12463, 7271, 947, 451, 16161, 304, 825, 366, 5146, 29889, 306, 723, 451, 6907, 29889, 1551, 278, 982, 1250, 411, 5593, 5115, 16791, 472, 360, 1558, 19521, 7638, 1258, 451, 2367, 738, 1108, 322, 471, 263, 15377, 304, 6686, 4940, 278, 319, 26103, 20021, 4870, 4870, 1423, 29899, 797, 4038, 13797, 306, 3282, 29915, 451, 505, 18876, 26565, 372, 11180]","[1, 4517, 7813, 28836, 29899, 19437, 5593, 25200, 29899, 1349, 16796, 12549, 265, 3230, 29889, 26222, 1449, 5998, 28830, 7271, 411, 445, 4799, 29718, 338, 1781, 1423, 1423, 797, 1889, 2444, 304, 1522, 967, 8062, 1298, 29889, 2379, 16286, 5840, 19092, 7813, 13510, 373, 931, 541, 925, 1434, 25325, 472, 9193, 9193, 306, 1855, 16387, 393, 306, 947, 451, 505, 263, 12590, 28397, 1209, 363, 278, 16791, 16286, 29889, 306, 12707, 304, 28830, 17616, 1048, 372, 541, 896, 6140, 1185, 9543, 310, 738, 2228, 29914, 1889, 10174, 322, 3763, 12992, 592, 304, 278, 16791, 16286, 553, 18296, 472, 278, 4799, 18117, 29889, 1932, 306, 2355, 727, 445, 471, 12522, 29889, 727, 471, 694, 23196, 3625, 515, 278, 4799, 29718, 2845, 322, 306, 1095, 701, 7726, 304, 4799, 18117, 6993, 29889, 306, 471, 5429, 393, 306, 756, 304, 2041, 714, 310, 278, 4799, 18117, 6993, 20704, 25114, 19538, 1423, 297, 599, 975, 1449, 304, 679, 278, 7613, 7754, 6978, 322, 393, 445, 338, 263, 3918, 8792, 1584, 5998, 289, 18341, 679, 6782, 373, 11480, 2446, 16286, 6336, 29889, 727, 471, 263, 9521, 515, 23927, 472, 1423, 29899, 262, 607, 2444, 15621, 367, 278, 6056, 363, 319, 26103, 273, 29889, 306, 505, 2360, 1063, 4433, 304, 1423, 297, 8951, 472, 4799, 18117, 363, 16791, 1652, 16286, 29889, 910, 769, 8581, 4828, 411, 590, 4799, 18117, 17394, 8454, 451, 2805, 1549, 6993, 322, 306, 750, 304, 5839, 701, 590, 19548, 337, 337, 18744, 322, 1361, 297, 1449, 29889, 910, 20789, 263, 1472, 322, 931, 29899, 1136, 19390, 1889, 22049, 701, 322, 1623, 278, 4799, 637, 29915, 29879, 1422, 5685, 11904, 2992, 29889, 1632, 5962, 13925, 892, 8004, 322, 947, 1009, 1900, 304, 1371, 541, 727, 338, 694, 1023, 982, 1048, 372, 29901, 910, 471, 263, 1407, 6460, 1532, 376, 13013, 20452, 20917, 16791, 16286, 29889, 306, 2665, 263, 883, 304, 11962, 2669, 304, 6843, 7420, 541, 896, 925, 1497, 393, 278, 1108, 471, 472, 7813, 16470, 322, 393, 896, 505, 7705, 24114, 372, 29889, 306, 4433, 920, 896, 505, 7705, 11517, 372, 541, 896, 925, 10049, 5890, 491, 12312, 278, 1021, 29889, 306, 338, 451, 25617, 29889, 319, 298, 27558, 280, 29899, 3889, 16286, 411, 319, 26103, 5063, 2444, 9301, 322, 278, 12463, 7271, 947, 451, 16161, 304, 825, 366, 5146, 29889, 306, 723, 451, 6907, 29889, 1551, 278, 982, 1250, 411, 5593, 5115, 16791, 472, 360, 1558, 19521, 7638, 1258, 451, 2367, 738, 1108, 322, 471, 263, 15377, 304, 6686, 4940, 278, 319, 26103, 20021, 4870, 4870, 1423, 1423, 297, 4038, 13797, 306, 3282, 29915, 451, 505, 304, 26565, 372, 11180]",81d31cb554f9e81d091228e73c24a5ee1c7d30aa70f8a164e6fb3293d34ee04e,7004db252abd69fcac6eabacc41d46b031cc5b8d163dcbd43127b82b387c1b9a,81d31cb554f9e81d091228e73c24a5ee1c7d30aa70f8a164e6fb3293d34ee04e,7004db252abd69fcac6eabacc41d46b031cc5b8d163dcbd43127b82b387c1b9a,81d31cb554f9e81d091228e73c24a5ee1c7d30aa70f8a164e6fb3293d34ee04e,7004db252abd69fcac6eabacc41d46b031cc5b8d163dcbd43127b82b387c1b9a,True,True,0.0199075099080801,0.019529739394783974,-0.0003777705132961273,4,1,"[416, 417, 419, 425]","[416, 417, 425]",True,118,1536,False,True,0.23625382781028748,0.1706176996231079,-0.06563612818717957,0.5044903755187988,0.5118808746337891,0.007390499114990234,0.0172165964031592,0.010172381376226744,-0.0070442150269324575,0.030545897044551868,0.02873679980014761,-0.0018090972444042563,0.005774240349777616,0.004019818555277128,-0.001754421794500488,0.009650231571868062,0.009162452143545333,-0.00048777942832272866,3328,3328,0,0,1,1,0,neutral,3,True
25,42,17,2,9,"[1, 4517, 7813, 28836, 29899, 19437, 5593, 25200, 29899, 1349, 16796, 12549, 265, 3230, 29889, 26222, 1449, 5998, 28830, 7271, 411, 445, 4799, 29718, 338, 1781, 1423, 1423, 797, 1889, 2444, 304, 1522, 967, 8062, 1298, 29889, 2379, 16286, 5840, 19092, 7813, 13510, 373, 931, 541, 925, 1434, 25325, 472, 9193, 9193, 306, 1855, 16387, 393, 306, 947, 451, 505, 263, 12590, 28397, 1209, 363, 278, 16791, 16286, 29889, 306, 12707, 304, 28830, 17616, 1048, 372, 541, 896, 6140, 1185, 9543, 310, 738, 2228, 29914, 1889, 10174, 322, 3763, 12992, 592, 304, 278, 16791, 16286, 553, 18296, 472, 278, 4799, 18117, 29889, 1932, 306, 2355, 727, 445, 471, 12522, 29889, 727, 471, 694, 23196, 3625, 515, 278, 4799, 29718, 2845, 322, 306, 1095, 701, 7726, 304, 4799, 18117, 6993, 29889, 306, 471, 5429, 393, 306, 756, 304, 2041, 714, 310, 278, 4799, 18117, 6993, 20704, 25114, 19538, 1423, 297, 599, 975, 1449, 304, 679, 278, 7613, 7754, 6978, 322, 393, 445, 338, 263, 3918, 8792, 1584, 5998, 289, 18341, 679, 6782, 373, 11480, 2446, 16286, 6336, 29889, 727, 471, 263, 9521, 515, 23927, 472, 1423, 29899, 262, 607, 2444, 15621, 367, 278, 6056, 363, 319, 26103, 273, 29889, 306, 505, 2360, 1063, 4433, 304, 1423, 297, 8951, 472, 4799, 18117, 363, 16791, 1652, 16286, 29889, 910, 769, 8581, 4828, 411, 590, 4799, 18117, 17394, 8454, 451, 2805, 1549, 6993, 322, 306, 750, 304, 5839, 701, 590, 19548, 337, 337, 18744, 322, 1361, 297, 1449, 29889, 910, 20789, 263, 1472, 322, 931, 29899, 1136, 19390, 1889, 22049, 701, 322, 1623, 278, 4799, 637, 29915, 29879, 1422, 5685, 11904, 2992, 29889, 1632, 5962, 13925, 892, 8004, 322, 947, 1009, 1900, 304, 1371, 541, 727, 338, 694, 1023, 982, 1048, 372, 29901, 910, 471, 263, 1407, 6460, 1532, 376, 13013, 20452, 20917, 16791, 16286, 29889, 306, 2665, 263, 883, 304, 11962, 2669, 304, 6843, 7420, 541, 896, 925, 1497, 393, 278, 1108, 471, 472, 7813, 16470, 322, 393, 896, 505, 7705, 24114, 372, 29889, 306, 4433, 920, 896, 505, 7705, 11517, 372, 541, 896, 925, 10049, 5890, 491, 12312, 278, 1021, 29889, 306, 338, 451, 25617, 29889, 319, 298, 27558, 280, 29899, 3889, 16286, 411, 319, 26103, 5063, 2444, 9301, 322, 278, 12463, 7271, 947, 451, 16161, 304, 825, 366, 5146, 29889, 306, 723, 451, 6907, 29889, 1551, 278, 982, 1250, 411, 5593, 5115, 16791, 472, 360, 1558, 19521, 7638, 1258, 451, 2367, 738, 1108, 322, 471, 263, 15377, 304, 6686, 4940, 278, 319, 26103, 20021, 4870, 4870, 1423, 1423, 297, 4038, 13797, 306, 3282, 29915, 451, 505, 304, 26565, 372, 11180]","[1, 4517, 7813, 28836, 29899, 19437, 5593, 25200, 29899, 1349, 16796, 12549, 265, 3230, 29889, 26222, 1449, 5998, 28830, 7271, 411, 445, 4799, 29718, 338, 1781, 1423, 1423, 797, 1889, 2444, 304, 1522, 967, 8062, 1298, 29889, 2379, 16286, 5840, 19092, 7813, 13510, 373, 931, 541, 925, 1434, 25325, 472, 9193, 9193, 306, 1855, 16387, 393, 306, 947, 451, 505, 263, 12590, 28397, 1209, 363, 278, 16791, 16286, 29889, 306, 12707, 304, 28830, 17616, 1048, 372, 541, 896, 6140, 1185, 9543, 310, 738, 2228, 29914, 1889, 10174, 322, 3763, 12992, 592, 304, 278, 16791, 16286, 553, 18296, 472, 278, 4799, 18117, 29889, 1932, 306, 2355, 727, 445, 471, 12522, 29889, 727, 471, 694, 23196, 3625, 515, 278, 4799, 29718, 2845, 322, 306, 1095, 701, 7726, 304, 4799, 18117, 6993, 29889, 306, 471, 5429, 393, 306, 756, 304, 2041, 714, 310, 278, 4799, 18117, 6993, 20704, 30400, 322, 1423, 297, 599, 975, 1449, 304, 679, 278, 7613, 292, 18102, 322, 393, 445, 338, 263, 3918, 8792, 1584, 5998, 289, 18341, 679, 6782, 373, 11480, 2446, 16286, 6336, 29889, 727, 471, 263, 9521, 515, 23927, 472, 1423, 29899, 262, 607, 2444, 15621, 367, 278, 6056, 363, 319, 26103, 273, 29889, 306, 505, 2360, 1063, 4433, 304, 1423, 297, 8951, 472, 4799, 18117, 363, 16791, 1652, 16286, 29889, 910, 769, 8581, 4828, 411, 590, 4799, 18117, 17394, 8454, 451, 2805, 1549, 6993, 322, 306, 750, 304, 5839, 701, 590, 19548, 337, 337, 18744, 322, 1361, 297, 1449, 29889, 910, 20789, 263, 1472, 322, 931, 29899, 1136, 19390, 1889, 22049, 701, 322, 1623, 278, 4799, 637, 29915, 29879, 1422, 5685, 11904, 2992, 29889, 1632, 5962, 13925, 892, 8004, 322, 947, 1009, 1900, 304, 1371, 541, 727, 338, 694, 1023, 982, 1048, 372, 29901, 910, 471, 263, 1407, 6460, 1532, 376, 13013, 20452, 20917, 16791, 16286, 29889, 306, 2665, 263, 883, 304, 11962, 2669, 304, 6843, 7420, 541, 896, 925, 1497, 393, 278, 1108, 471, 472, 7813, 16470, 322, 393, 896, 505, 7705, 24114, 372, 29889, 306, 4433, 920, 896, 505, 7705, 11517, 372, 541, 896, 925, 10049, 5890, 491, 12312, 278, 1021, 29889, 306, 338, 451, 25617, 29889, 319, 298, 27558, 280, 29899, 3889, 16286, 411, 319, 26103, 5063, 2444, 9301, 322, 278, 12463, 7271, 947, 451, 16161, 304, 825, 366, 5146, 29889, 306, 723, 451, 6907, 29889, 1551, 278, 982, 1250, 411, 5593, 5115, 16791, 472, 360, 1558, 19521, 7638, 1258, 451, 2367, 738, 1108, 322, 471, 263, 15377, 304, 6686, 4940, 278, 319, 26103, 20021, 4870, 4870, 1423, 1423, 297, 4038, 13797, 306, 3282, 29915, 451, 505, 304, 26565, 372, 11180]",7004db252abd69fcac6eabacc41d46b031cc5b8d163dcbd43127b82b387c1b9a,d8bef4020b2ca8c4d36c6f9f9781c86a7b7b2724e64c918576d954acb4f0eda8,7004db252abd69fcac6eabacc41d46b031cc5b8d163dcbd43127b82b387c1b9a,d8bef4020b2ca8c4d36c6f9f9781c86a7b7b2724e64c918576d954acb4f0eda8,7004db252abd69fcac6eabacc41d46b031cc5b8d163dcbd43127b82b387c1b9a,d8bef4020b2ca8c4d36c6f9f9781c86a7b7b2724e64c918576d954acb4f0eda8,True,True,0.019529739394783974,0.019298899918794632,-0.00023083947598934174,20,2,"[145, 146, 152, 156, 157]","[145, 146, 156, 157]",True,128,8192,False,True,0.18658855557441711,0.16022856533527374,-0.02635999023914337,0.4886664152145386,0.4843679666519165,-0.00429844856262207,0.015476386070076842,0.019454894165392034,0.003978508095315192,0.02312219671148341,0.02742556202429114,0.004303365312807728,0.004211700663917923,0.005572831786061027,0.0013611311221431045,0.006340217521687135,0.007607743708047502,0.001267526186360367,29696,29696,0,0,2,0,2,positive,4,True
25,42,17,2,10,"[1, 4517, 7813, 28836, 29899, 19437, 5593, 25200, 29899, 1349, 16796, 12549, 265, 3230, 29889, 26222, 1449, 5998, 28830, 7271, 411, 445, 4799, 29718, 338, 1781, 1423, 1423, 797, 1889, 2444, 304, 1522, 967, 8062, 1298, 29889, 2379, 16286, 5840, 19092, 7813, 13510, 373, 931, 541, 925, 1434, 25325, 472, 9193, 9193, 306, 1855, 16387, 393, 306, 947, 451, 505, 263, 12590, 28397, 1209, 363, 278, 16791, 16286, 29889, 306, 12707, 304, 28830, 17616, 1048, 372, 541, 896, 6140, 1185, 9543, 310, 738, 2228, 29914, 1889, 10174, 322, 3763, 12992, 592, 304, 278, 16791, 16286, 553, 18296, 472, 278, 4799, 18117, 29889, 1932, 306, 2355, 727, 445, 471, 12522, 29889, 727, 471, 694, 23196, 3625, 515, 278, 4799, 29718, 2845, 322, 306, 1095, 701, 7726, 304, 4799, 18117, 6993, 29889, 306, 471, 5429, 393, 306, 756, 304, 2041, 714, 310, 278, 4799, 18117, 6993, 20704, 30400, 322, 1423, 297, 599, 975, 1449, 304, 679, 278, 7613, 292, 18102, 322, 393, 445, 338, 263, 3918, 8792, 1584, 5998, 289, 18341, 679, 6782, 373, 11480, 2446, 16286, 6336, 29889, 727, 471, 263, 9521, 515, 23927, 472, 1423, 29899, 262, 607, 2444, 15621, 367, 278, 6056, 363, 319, 26103, 273, 29889, 306, 505, 2360, 1063, 4433, 304, 1423, 297, 8951, 472, 4799, 18117, 363, 16791, 1652, 16286, 29889, 910, 769, 8581, 4828, 411, 590, 4799, 18117, 17394, 8454, 451, 2805, 1549, 6993, 322, 306, 750, 304, 5839, 701, 590, 19548, 337, 337, 18744, 322, 1361, 297, 1449, 29889, 910, 20789, 263, 1472, 322, 931, 29899, 1136, 19390, 1889, 22049, 701, 322, 1623, 278, 4799, 637, 29915, 29879, 1422, 5685, 11904, 2992, 29889, 1632, 5962, 13925, 892, 8004, 322, 947, 1009, 1900, 304, 1371, 541, 727, 338, 694, 1023, 982, 1048, 372, 29901, 910, 471, 263, 1407, 6460, 1532, 376, 13013, 20452, 20917, 16791, 16286, 29889, 306, 2665, 263, 883, 304, 11962, 2669, 304, 6843, 7420, 541, 896, 925, 1497, 393, 278, 1108, 471, 472, 7813, 16470, 322, 393, 896, 505, 7705, 24114, 372, 29889, 306, 4433, 920, 896, 505, 7705, 11517, 372, 541, 896, 925, 10049, 5890, 491, 12312, 278, 1021, 29889, 306, 338, 451, 25617, 29889, 319, 298, 27558, 280, 29899, 3889, 16286, 411, 319, 26103, 5063, 2444, 9301, 322, 278, 12463, 7271, 947, 451, 16161, 304, 825, 366, 5146, 29889, 306, 723, 451, 6907, 29889, 1551, 278, 982, 1250, 411, 5593, 5115, 16791, 472, 360, 1558, 19521, 7638, 1258, 451, 2367, 738, 1108, 322, 471, 263, 15377, 304, 6686, 4940, 278, 319, 26103, 20021, 4870, 4870, 1423, 1423, 297, 4038, 13797, 306, 3282, 29915, 451, 505, 304, 26565, 372, 11180]","[1, 4517, 7813, 28836, 29899, 19437, 5593, 25200, 29899, 1349, 16796, 12549, 265, 3230, 29889, 26222, 1449, 5998, 28830, 7271, 411, 445, 4799, 29718, 338, 1781, 1423, 1423, 797, 1889, 2444, 304, 1522, 967, 8062, 1298, 29889, 2379, 16286, 5840, 19092, 7813, 13510, 373, 931, 541, 925, 1434, 25325, 472, 9193, 9193, 306, 1855, 16387, 393, 306, 947, 451, 505, 263, 12590, 28397, 1209, 363, 278, 16791, 16286, 29889, 306, 12707, 304, 28830, 17616, 1048, 372, 541, 896, 6140, 1185, 9543, 310, 738, 2228, 29914, 1889, 10174, 322, 3763, 12992, 592, 304, 278, 16791, 16286, 553, 18296, 472, 278, 4799, 18117, 29889, 1932, 306, 2355, 727, 445, 471, 12522, 29889, 727, 471, 694, 23196, 3625, 515, 278, 4799, 29718, 2845, 322, 306, 1095, 701, 7726, 304, 4799, 18117, 6993, 29889, 306, 471, 5429, 393, 306, 756, 304, 2041, 714, 310, 278, 4799, 18117, 6993, 20704, 30400, 322, 1423, 297, 599, 975, 1449, 304, 679, 278, 7613, 292, 18102, 322, 393, 445, 338, 263, 3918, 8792, 1584, 2466, 289, 18341, 679, 6782, 373, 11480, 2446, 16286, 6336, 29889, 727, 471, 263, 9521, 515, 23927, 472, 1423, 29899, 262, 607, 2444, 15621, 367, 278, 6056, 363, 319, 26103, 273, 29889, 306, 505, 2360, 1063, 4433, 304, 1423, 297, 8951, 472, 4799, 18117, 363, 16791, 1652, 16286, 29889, 910, 769, 8581, 4828, 411, 590, 4799, 18117, 17394, 8454, 451, 2805, 1549, 6993, 322, 306, 750, 304, 5839, 701, 590, 19548, 337, 337, 18744, 322, 1361, 297, 1449, 29889, 910, 20789, 263, 1472, 322, 931, 29899, 1136, 19390, 1889, 22049, 701, 322, 1623, 278, 4799, 637, 29915, 29879, 1422, 5685, 11904, 2992, 29889, 1632, 5962, 13925, 892, 8004, 322, 947, 1009, 1900, 304, 1371, 541, 727, 338, 694, 1023, 982, 1048, 372, 29901, 910, 471, 263, 1407, 6460, 1532, 376, 13013, 20452, 20917, 16791, 16286, 29889, 306, 2665, 263, 883, 304, 11962, 2669, 304, 6843, 7420, 541, 896, 925, 1497, 393, 278, 1108, 471, 472, 7813, 16470, 322, 393, 896, 505, 7705, 24114, 372, 29889, 306, 4433, 920, 896, 505, 7705, 11517, 372, 541, 896, 925, 10049, 5890, 491, 12312, 278, 1021, 29889, 306, 338, 451, 25617, 29889, 319, 298, 27558, 280, 29899, 3889, 16286, 411, 319, 26103, 5063, 2444, 9301, 322, 278, 12463, 7271, 947, 451, 16161, 304, 825, 366, 5146, 29889, 306, 723, 451, 6907, 29889, 1551, 278, 982, 1250, 411, 5593, 5115, 16791, 472, 360, 1558, 19521, 7638, 1258, 451, 2367, 738, 1108, 322, 471, 263, 15377, 304, 6686, 4940, 278, 319, 26103, 20021, 4870, 4870, 1423, 1423, 297, 4038, 13797, 306, 3282, 29915, 451, 505, 304, 26565, 372, 11180]",d8bef4020b2ca8c4d36c6f9f9781c86a7b7b2724e64c918576d954acb4f0eda8,f788a05656f9557373a6a6d6b80be6b0c7db811dee9769da92aa01e8a7f18b24,d8bef4020b2ca8c4d36c6f9f9781c86a7b7b2724e64c918576d954acb4f0eda8,f788a05656f9557373a6a6d6b80be6b0c7db811dee9769da92aa01e8a7f18b24,d8bef4020b2ca8c4d36c6f9f9781c86a7b7b2724e64c918576d954acb4f0eda8,f788a05656f9557373a6a6d6b80be6b0c7db811dee9769da92aa01e8a7f18b24,True,True,0.019298899918794632,0.019222402945160866,-7.649697363376617e-05,12,1,"[166, 172]",[166],True,128,8192,False,True,0.22809286415576935,0.22706684470176697,-0.0010260194540023804,0.5035398602485657,0.5029944777488708,-0.0005453824996948242,0.0024738135107327253,0.002208174322731793,-0.00026563918800093234,0.005926897552853916,0.005665317738021258,-0.0002615798148326576,0.0024738135107327253,0.002208174322731793,-0.00026563918800093234,0.005926897552853916,0.005665317738021258,-0.0002615798148326576,8192,8192,0,0,1,0,1,positive,1,True
25,42,17,2,17,"[1, 4517, 7813, 28836, 29899, 19437, 5593, 25200, 29899, 1349, 16796, 12549, 265, 3230, 29889, 26222, 1449, 5998, 28830, 7271, 411, 445, 4799, 29718, 338, 1781, 1423, 1423, 797, 1889, 2444, 304, 1522, 967, 8062, 1298, 29889, 2379, 16286, 5840, 19092, 7813, 13510, 373, 931, 541, 925, 1434, 25325, 472, 9193, 9193, 306, 1855, 16387, 393, 306, 947, 451, 505, 263, 12590, 28397, 1209, 363, 278, 16791, 16286, 29889, 306, 12707, 304, 28830, 17616, 1048, 372, 541, 896, 6140, 1185, 9543, 310, 738, 2228, 29914, 1889, 10174, 322, 3763, 12992, 592, 304, 278, 16791, 16286, 553, 18296, 472, 278, 4799, 18117, 29889, 1932, 306, 2355, 727, 445, 471, 12522, 29889, 727, 471, 694, 23196, 3625, 515, 278, 4799, 29718, 2845, 322, 306, 1095, 701, 7726, 304, 4799, 18117, 6993, 29889, 306, 471, 5429, 393, 306, 756, 304, 2041, 714, 310, 278, 4799, 18117, 6993, 20704, 30400, 322, 1423, 297, 599, 975, 1449, 304, 679, 278, 7613, 292, 18102, 322, 393, 445, 338, 263, 3918, 8792, 1584, 2466, 289, 18341, 679, 6782, 373, 11480, 2446, 16286, 6336, 29889, 727, 471, 263, 9521, 515, 23927, 472, 1423, 29899, 262, 607, 2444, 15621, 367, 278, 6056, 363, 319, 26103, 273, 29889, 306, 505, 2360, 1063, 4433, 304, 1423, 297, 8951, 472, 4799, 18117, 363, 16791, 1652, 16286, 29889, 910, 769, 8581, 4828, 411, 590, 4799, 18117, 17394, 8454, 451, 2805, 1549, 6993, 322, 306, 750, 304, 5839, 701, 590, 19548, 337, 337, 18744, 322, 1361, 297, 1449, 29889, 910, 20789, 263, 1472, 322, 931, 29899, 1136, 19390, 1889, 22049, 701, 322, 1623, 278, 4799, 637, 29915, 29879, 1422, 5685, 11904, 2992, 29889, 1632, 5962, 13925, 892, 8004, 322, 947, 1009, 1900, 304, 1371, 541, 727, 338, 694, 1023, 982, 1048, 372, 29901, 910, 471, 263, 1407, 6460, 1532, 376, 13013, 20452, 20917, 16791, 16286, 29889, 306, 2665, 263, 883, 304, 11962, 2669, 304, 6843, 7420, 541, 896, 925, 1497, 393, 278, 1108, 471, 472, 7813, 16470, 322, 393, 896, 505, 7705, 24114, 372, 29889, 306, 4433, 920, 896, 505, 7705, 11517, 372, 541, 896, 925, 10049, 5890, 491, 12312, 278, 1021, 29889, 306, 338, 451, 25617, 29889, 319, 298, 27558, 280, 29899, 3889, 16286, 411, 319, 26103, 5063, 2444, 9301, 322, 278, 12463, 7271, 947, 451, 16161, 304, 825, 366, 5146, 29889, 306, 723, 451, 6907, 29889, 1551, 278, 982, 1250, 411, 5593, 5115, 16791, 472, 360, 1558, 19521, 7638, 1258, 451, 2367, 738, 1108, 322, 471, 263, 15377, 304, 6686, 4940, 278, 319, 26103, 20021, 4870, 4870, 1423, 1423, 297, 4038, 13797, 306, 3282, 29915, 451, 505, 304, 26565, 372, 11180]","[1, 4517, 7813, 28836, 29899, 19437, 5593, 25200, 29899, 1349, 16796, 12549, 265, 3230, 29889, 26222, 1449, 5998, 28830, 7271, 411, 445, 4799, 29718, 338, 1781, 1423, 1423, 797, 1889, 2444, 304, 1522, 967, 8062, 1298, 29889, 2379, 16286, 5840, 19092, 7813, 13510, 373, 931, 541, 925, 1434, 25325, 472, 9193, 9193, 306, 1855, 16387, 393, 306, 947, 451, 505, 263, 12590, 28397, 1209, 363, 278, 16791, 16286, 29889, 306, 12707, 304, 28830, 17616, 1048, 372, 541, 896, 6140, 1185, 9543, 310, 738, 2228, 29914, 1889, 10174, 322, 3763, 12992, 592, 304, 278, 16791, 16286, 553, 18296, 472, 278, 4799, 18117, 29889, 1932, 306, 2355, 727, 445, 471, 12522, 29889, 727, 471, 694, 23196, 3625, 515, 278, 4799, 29718, 2845, 322, 306, 1095, 701, 7726, 304, 4799, 18117, 6993, 29889, 306, 471, 5429, 393, 306, 756, 304, 2041, 714, 310, 278, 4799, 18117, 6993, 20704, 30400, 322, 1423, 297, 599, 975, 1449, 304, 679, 278, 7613, 292, 18102, 322, 393, 445, 338, 263, 3918, 8792, 1584, 2466, 289, 18341, 679, 6782, 373, 11480, 2446, 16286, 6336, 29889, 727, 471, 263, 9521, 515, 23927, 472, 1423, 29899, 262, 607, 2444, 15621, 367, 278, 6056, 363, 319, 26103, 273, 29889, 306, 505, 2360, 1063, 4433, 304, 1423, 297, 8951, 472, 4799, 18117, 363, 16791, 1652, 16286, 29889, 910, 769, 8581, 4828, 411, 590, 4799, 18117, 17394, 8454, 451, 2805, 1549, 6993, 322, 306, 750, 304, 5839, 701, 590, 19548, 337, 337, 18744, 322, 1361, 297, 1449, 29889, 910, 20789, 263, 1472, 322, 931, 29899, 1136, 19390, 1889, 22049, 701, 322, 1623, 278, 4799, 637, 29915, 29879, 1422, 5685, 11904, 2992, 29889, 1632, 5962, 13925, 892, 8004, 322, 947, 1009, 1900, 304, 1371, 541, 727, 338, 694, 1023, 5837, 1048, 372, 29901, 910, 471, 263, 1407, 6460, 1532, 376, 13013, 20452, 20917, 16791, 16286, 29889, 306, 2665, 263, 883, 304, 11962, 2669, 304, 6843, 7420, 541, 896, 925, 1497, 393, 278, 1108, 471, 472, 7813, 16470, 322, 393, 896, 505, 7705, 24114, 372, 29889, 306, 4433, 920, 896, 505, 7705, 11517, 372, 541, 896, 925, 10049, 5890, 491, 12312, 278, 1021, 29889, 306, 338, 451, 25617, 29889, 319, 298, 27558, 280, 29899, 3889, 16286, 411, 319, 26103, 5063, 2444, 9301, 322, 278, 12463, 7271, 947, 451, 16161, 304, 825, 366, 5146, 29889, 306, 723, 451, 6907, 29889, 1551, 278, 982, 1250, 411, 5593, 5115, 16791, 472, 360, 1558, 19521, 7638, 1258, 451, 2367, 738, 1108, 322, 471, 263, 15377, 304, 6686, 4940, 278, 319, 26103, 20021, 4870, 4870, 1423, 1423, 297, 4038, 13797, 306, 3282, 29915, 451, 505, 304, 26565, 372, 11180]",f788a05656f9557373a6a6d6b80be6b0c7db811dee9769da92aa01e8a7f18b24,95ebf0425e72fdcdaa02ec6c9032c32466122cfc22a74cc2f99ee0562f304c05,f788a05656f9557373a6a6d6b80be6b0c7db811dee9769da92aa01e8a7f18b24,95ebf0425e72fdcdaa02ec6c9032c32466122cfc22a74cc2f99ee0562f304c05,f788a05656f9557373a6a6d6b80be6b0c7db811dee9769da92aa01e8a7f18b24,95ebf0425e72fdcdaa02ec6c9032c32466122cfc22a74cc2f99ee0562f304c05,True,True,0.019222402945160866,0.019103217869997025,-0.00011918507516384125,4,1,[285],[285],True,128,8192,False,True,0.22099669277668,0.22107794880867004,8.125603199005127e-05,0.5229784846305847,0.5227794647216797,-0.0001990199089050293,0.00101780092518311,0.0007251314600580372,-0.00029266946512507275,0.0026543794738245197,0.00319319442496635,0.0005388149511418305,0.00101780092518311,0.0007251314600580372,-0.00029266946512507275,0.0026543794738245197,0.00319319442496635,0.0005388149511418305,8192,8192,0,0,1,0,1,positive,1,True
25,42,17,2,18,"[1, 4517, 7813, 28836, 29899, 19437, 5593, 25200, 29899, 1349, 16796, 12549, 265, 3230, 29889, 26222, 1449, 5998, 28830, 7271, 411, 445, 4799, 29718, 338, 1781, 1423, 1423, 797, 1889, 2444, 304, 1522, 967, 8062, 1298, 29889, 2379, 16286, 5840, 19092, 7813, 13510, 373, 931, 541, 925, 1434, 25325, 472, 9193, 9193, 306, 1855, 16387, 393, 306, 947, 451, 505, 263, 12590, 28397, 1209, 363, 278, 16791, 16286, 29889, 306, 12707, 304, 28830, 17616, 1048, 372, 541, 896, 6140, 1185, 9543, 310, 738, 2228, 29914, 1889, 10174, 322, 3763, 12992, 592, 304, 278, 16791, 16286, 553, 18296, 472, 278, 4799, 18117, 29889, 1932, 306, 2355, 727, 445, 471, 12522, 29889, 727, 471, 694, 23196, 3625, 515, 278, 4799, 29718, 2845, 322, 306, 1095, 701, 7726, 304, 4799, 18117, 6993, 29889, 306, 471, 5429, 393, 306, 756, 304, 2041, 714, 310, 278, 4799, 18117, 6993, 20704, 30400, 322, 1423, 297, 599, 975, 1449, 304, 679, 278, 7613, 292, 18102, 322, 393, 445, 338, 263, 3918, 8792, 1584, 2466, 289, 18341, 679, 6782, 373, 11480, 2446, 16286, 6336, 29889, 727, 471, 263, 9521, 515, 23927, 472, 1423, 29899, 262, 607, 2444, 15621, 367, 278, 6056, 363, 319, 26103, 273, 29889, 306, 505, 2360, 1063, 4433, 304, 1423, 297, 8951, 472, 4799, 18117, 363, 16791, 1652, 16286, 29889, 910, 769, 8581, 4828, 411, 590, 4799, 18117, 17394, 8454, 451, 2805, 1549, 6993, 322, 306, 750, 304, 5839, 701, 590, 19548, 337, 337, 18744, 322, 1361, 297, 1449, 29889, 910, 20789, 263, 1472, 322, 931, 29899, 1136, 19390, 1889, 22049, 701, 322, 1623, 278, 4799, 637, 29915, 29879, 1422, 5685, 11904, 2992, 29889, 1632, 5962, 13925, 892, 8004, 322, 947, 1009, 1900, 304, 1371, 541, 727, 338, 694, 1023, 5837, 1048, 372, 29901, 910, 471, 263, 1407, 6460, 1532, 376, 13013, 20452, 20917, 16791, 16286, 29889, 306, 2665, 263, 883, 304, 11962, 2669, 304, 6843, 7420, 541, 896, 925, 1497, 393, 278, 1108, 471, 472, 7813, 16470, 322, 393, 896, 505, 7705, 24114, 372, 29889, 306, 4433, 920, 896, 505, 7705, 11517, 372, 541, 896, 925, 10049, 5890, 491, 12312, 278, 1021, 29889, 306, 338, 451, 25617, 29889, 319, 298, 27558, 280, 29899, 3889, 16286, 411, 319, 26103, 5063, 2444, 9301, 322, 278, 12463, 7271, 947, 451, 16161, 304, 825, 366, 5146, 29889, 306, 723, 451, 6907, 29889, 1551, 278, 982, 1250, 411, 5593, 5115, 16791, 472, 360, 1558, 19521, 7638, 1258, 451, 2367, 738, 1108, 322, 471, 263, 15377, 304, 6686, 4940, 278, 319, 26103, 20021, 4870, 4870, 1423, 1423, 297, 4038, 13797, 306, 3282, 29915, 451, 505, 304, 26565, 372, 11180]","[1, 4517, 7813, 28836, 29899, 19437, 5593, 25200, 29899, 1349, 16796, 12549, 265, 3230, 29889, 26222, 1449, 5998, 28830, 7271, 411, 445, 4799, 29718, 338, 1781, 1423, 1423, 797, 1889, 2444, 304, 1522, 967, 8062, 1298, 29889, 2379, 16286, 5840, 19092, 7813, 13510, 373, 931, 541, 925, 1434, 25325, 472, 9193, 9193, 306, 1855, 16387, 393, 306, 947, 451, 505, 263, 12590, 28397, 1209, 363, 278, 16791, 16286, 29889, 306, 12707, 304, 28830, 17616, 1048, 372, 541, 896, 6140, 1185, 9543, 310, 738, 2228, 29914, 1889, 10174, 322, 3763, 12992, 592, 304, 278, 16791, 16286, 553, 18296, 472, 278, 4799, 18117, 29889, 1932, 306, 2355, 727, 445, 471, 12522, 29889, 727, 471, 694, 23196, 3625, 515, 278, 4799, 29718, 2845, 322, 306, 1095, 701, 7726, 304, 4799, 18117, 6993, 29889, 306, 471, 5429, 393, 306, 756, 304, 2041, 714, 310, 278, 4799, 18117, 6993, 20704, 30400, 322, 1423, 297, 599, 975, 1449, 304, 679, 278, 7613, 292, 18102, 322, 393, 445, 338, 263, 3918, 8792, 1584, 2466, 289, 18341, 679, 6782, 373, 11480, 2446, 16286, 6336, 29889, 727, 471, 263, 9521, 515, 23927, 472, 1423, 29899, 262, 607, 2444, 15621, 367, 278, 6056, 363, 319, 26103, 273, 29889, 306, 505, 2360, 1063, 4433, 304, 1423, 297, 8951, 472, 4799, 18117, 363, 16791, 1652, 16286, 29889, 910, 769, 8581, 4828, 411, 590, 4799, 18117, 17394, 8454, 451, 2805, 1549, 6993, 322, 306, 750, 304, 5839, 701, 590, 19548, 337, 337, 18744, 322, 1361, 297, 1449, 29889, 910, 20789, 263, 1472, 322, 931, 29899, 1136, 19390, 1889, 22049, 701, 322, 1623, 278, 4799, 637, 29915, 29879, 1422, 5685, 11904, 2992, 29889, 1632, 5962, 13925, 892, 8004, 322, 947, 1009, 1900, 304, 1371, 541, 727, 338, 694, 1023, 5837, 1048, 372, 29901, 445, 471, 263, 1407, 6460, 1532, 376, 2894, 20452, 20917, 16791, 16286, 29889, 306, 2665, 263, 883, 304, 11962, 2669, 304, 6843, 7420, 541, 896, 925, 1497, 393, 278, 1108, 471, 472, 7813, 16470, 322, 393, 896, 505, 7705, 24114, 372, 29889, 306, 4433, 920, 896, 505, 7705, 11517, 372, 541, 896, 925, 10049, 5890, 491, 12312, 278, 1021, 29889, 306, 338, 451, 25617, 29889, 319, 298, 27558, 280, 29899, 3889, 16286, 411, 319, 26103, 5063, 2444, 9301, 322, 278, 12463, 7271, 947, 451, 16161, 304, 825, 366, 5146, 29889, 306, 723, 451, 6907, 29889, 1551, 278, 982, 1250, 411, 5593, 5115, 16791, 472, 360, 1558, 19521, 7638, 1258, 451, 2367, 738, 1108, 322, 471, 263, 15377, 304, 6686, 4940, 278, 319, 26103, 20021, 4870, 4870, 1423, 1423, 297, 4038, 13797, 306, 3282, 29915, 451, 505, 304, 26565, 372, 11180]",95ebf0425e72fdcdaa02ec6c9032c32466122cfc22a74cc2f99ee0562f304c05,79f31aa9e0fa3d66d4c4447f321b47e6ff20cd1a4e805d83230dc8be09977ff9,95ebf0425e72fdcdaa02ec6c9032c32466122cfc22a74cc2f99ee0562f304c05,79f31aa9e0fa3d66d4c4447f321b47e6ff20cd1a4e805d83230dc8be09977ff9,95ebf0425e72fdcdaa02ec6c9032c32466122cfc22a74cc2f99ee0562f304c05,79f31aa9e0fa3d66d4c4447f321b47e6ff20cd1a4e805d83230dc8be09977ff9,True,True,0.019103217869997025,0.01877213828265667,-0.0003310795873403549,14,2,"[289, 296, 297, 298, 299]","[289, 296]",True,128,8192,False,True,0.22241494059562683,0.1983291506767273,-0.024085789918899536,0.5238738059997559,0.5231614112854004,-0.0007123947143554688,0.0053700921052950434,0.002925421991676558,-0.0024446701136184856,0.009872397327853832,0.00795986514276592,-0.0019125321850879118,0.0024809608897886984,0.0015178696591068399,-0.0009630912306818585,0.004767697581574936,0.004059628926002043,-0.0007080686555728929,15488,15488,0,0,1,0,1,positive,2,True
25,42,17,2,26,"[1, 4517, 7813, 28836, 29899, 19437, 5593, 25200, 29899, 1349, 16796, 12549, 265, 3230, 29889, 26222, 1449, 5998, 28830, 7271, 411, 445, 4799, 29718, 338, 1781, 1423, 1423, 797, 1889, 2444, 304, 1522, 967, 8062, 1298, 29889, 2379, 16286, 5840, 19092, 7813, 13510, 373, 931, 541, 925, 1434, 25325, 472, 9193, 9193, 306, 1855, 16387, 393, 306, 947, 451, 505, 263, 12590, 28397, 1209, 363, 278, 16791, 16286, 29889, 306, 12707, 304, 28830, 17616, 1048, 372, 541, 896, 6140, 1185, 9543, 310, 738, 2228, 29914, 1889, 10174, 322, 3763, 12992, 592, 304, 278, 16791, 16286, 553, 18296, 472, 278, 4799, 18117, 29889, 1932, 306, 2355, 727, 445, 471, 12522, 29889, 727, 471, 694, 23196, 3625, 515, 278, 4799, 29718, 2845, 322, 306, 1095, 701, 7726, 304, 4799, 18117, 6993, 29889, 306, 471, 5429, 393, 306, 756, 304, 2041, 714, 310, 278, 4799, 18117, 6993, 20704, 30400, 322, 1423, 297, 599, 975, 1449, 304, 679, 278, 7613, 292, 18102, 322, 393, 445, 338, 263, 3918, 8792, 1584, 2466, 289, 18341, 679, 6782, 373, 11480, 2446, 16286, 6336, 29889, 727, 471, 263, 9521, 515, 23927, 472, 1423, 29899, 262, 607, 2444, 15621, 367, 278, 6056, 363, 319, 26103, 273, 29889, 306, 505, 2360, 1063, 4433, 304, 1423, 297, 8951, 472, 4799, 18117, 363, 16791, 1652, 16286, 29889, 910, 769, 8581, 4828, 411, 590, 4799, 18117, 17394, 8454, 451, 2805, 1549, 6993, 322, 306, 750, 304, 5839, 701, 590, 19548, 337, 337, 18744, 322, 1361, 297, 1449, 29889, 910, 20789, 263, 1472, 322, 931, 29899, 1136, 19390, 1889, 22049, 701, 322, 1623, 278, 4799, 637, 29915, 29879, 1422, 5685, 11904, 2992, 29889, 1632, 5962, 13925, 892, 8004, 322, 947, 1009, 1900, 304, 1371, 541, 727, 338, 694, 1023, 5837, 1048, 372, 29901, 445, 471, 263, 1407, 6460, 1532, 376, 2894, 20452, 20917, 16791, 16286, 29889, 306, 2665, 263, 883, 304, 11962, 2669, 304, 6843, 7420, 541, 896, 925, 1497, 393, 278, 1108, 471, 472, 7813, 16470, 322, 393, 896, 505, 7705, 24114, 372, 29889, 306, 4433, 920, 896, 505, 7705, 11517, 372, 541, 896, 925, 10049, 5890, 491, 12312, 278, 1021, 29889, 306, 338, 451, 25617, 29889, 319, 298, 27558, 280, 29899, 3889, 16286, 411, 319, 26103, 5063, 2444, 9301, 322, 278, 12463, 7271, 947, 451, 16161, 304, 825, 366, 5146, 29889, 306, 723, 451, 6907, 29889, 1551, 278, 982, 1250, 411, 5593, 5115, 16791, 472, 360, 1558, 19521, 7638, 1258, 451, 2367, 738, 1108, 322, 471, 263, 15377, 304, 6686, 4940, 278, 319, 26103, 20021, 4870, 4870, 1423, 1423, 297, 4038, 13797, 306, 3282, 29915, 451, 505, 304, 26565, 372, 11180]","[1, 4517, 7813, 28836, 29899, 19437, 5593, 25200, 29899, 1349, 16796, 12549, 265, 3230, 29889, 26222, 1449, 5998, 28830, 7271, 411, 445, 4799, 29718, 338, 1781, 1423, 1423, 797, 1889, 2444, 304, 1522, 967, 8062, 1298, 29889, 2379, 16286, 5840, 19092, 7813, 13510, 373, 931, 541, 925, 1434, 25325, 472, 9193, 9193, 306, 1855, 16387, 393, 306, 947, 451, 505, 263, 12590, 28397, 1209, 363, 278, 16791, 16286, 29889, 306, 12707, 304, 28830, 17616, 1048, 372, 541, 896, 6140, 1185, 9543, 310, 738, 2228, 29914, 1889, 10174, 322, 3763, 12992, 592, 304, 278, 16791, 16286, 553, 18296, 472, 278, 4799, 18117, 29889, 1932, 306, 2355, 727, 445, 471, 12522, 29889, 727, 471, 694, 23196, 3625, 515, 278, 4799, 29718, 2845, 322, 306, 1095, 701, 7726, 304, 4799, 18117, 6993, 29889, 306, 471, 5429, 393, 306, 756, 304, 2041, 714, 310, 278, 4799, 18117, 6993, 20704, 30400, 322, 1423, 297, 599, 975, 1449, 304, 679, 278, 7613, 292, 18102, 322, 393, 445, 338, 263, 3918, 8792, 1584, 2466, 289, 18341, 679, 6782, 373, 11480, 2446, 16286, 6336, 29889, 727, 471, 263, 9521, 515, 23927, 472, 1423, 29899, 262, 607, 2444, 15621, 367, 278, 6056, 363, 319, 26103, 273, 29889, 306, 505, 2360, 1063, 4433, 304, 1423, 297, 8951, 472, 4799, 18117, 363, 16791, 1652, 16286, 29889, 910, 769, 8581, 4828, 411, 590, 4799, 18117, 17394, 8454, 451, 2805, 1549, 6993, 322, 306, 750, 304, 5839, 701, 590, 19548, 337, 337, 18744, 322, 1361, 297, 1449, 29889, 910, 20789, 263, 1472, 322, 931, 29899, 1136, 19390, 1889, 22049, 701, 322, 1623, 278, 4799, 637, 29915, 29879, 1422, 5685, 11904, 2992, 29889, 1632, 5962, 13925, 892, 8004, 322, 947, 1009, 1900, 304, 1371, 541, 727, 338, 694, 1023, 5837, 1048, 372, 29901, 445, 471, 263, 1407, 6460, 1532, 376, 2894, 20452, 20917, 16791, 16286, 29889, 306, 2665, 263, 883, 304, 11962, 2669, 304, 6843, 7420, 541, 896, 925, 1497, 393, 278, 1108, 471, 472, 7813, 16470, 322, 393, 896, 505, 7705, 24114, 372, 29889, 306, 4433, 920, 896, 505, 7705, 11517, 372, 541, 896, 925, 10049, 5890, 491, 12312, 278, 1021, 29889, 306, 338, 451, 25617, 29889, 319, 298, 27558, 280, 29899, 3889, 16286, 411, 319, 26103, 5063, 2444, 9301, 322, 278, 12463, 7271, 947, 451, 16161, 304, 825, 366, 5146, 29889, 306, 723, 451, 6907, 29889, 1551, 278, 982, 1250, 411, 5593, 5115, 16791, 472, 360, 1558, 19521, 7638, 1258, 451, 2367, 738, 1108, 322, 471, 263, 15377, 304, 6686, 4940, 278, 319, 26103, 20021, 4870, 4870, 1423, 29899, 5841, 4038, 13797, 306, 3282, 29915, 451, 505, 304, 26565, 372, 11180]",79f31aa9e0fa3d66d4c4447f321b47e6ff20cd1a4e805d83230dc8be09977ff9,dae5240f0f4df1cc009076aa63c7b457b7c111cd7d136ea0846779ffeb707edf,79f31aa9e0fa3d66d4c4447f321b47e6ff20cd1a4e805d83230dc8be09977ff9,dae5240f0f4df1cc009076aa63c7b457b7c111cd7d136ea0846779ffeb707edf,79f31aa9e0fa3d66d4c4447f321b47e6ff20cd1a4e805d83230dc8be09977ff9,dae5240f0f4df1cc009076aa63c7b457b7c111cd7d136ea0846779ffeb707edf,True,True,0.01877213828265667,0.018768873065710068,-3.2652169466018677e-06,7,1,"[416, 417, 419, 425]","[416, 417]",True,118,1536,False,True,0.22164449095726013,0.222403883934021,0.0007593929767608643,0.5230922698974609,0.5228238105773926,-0.0002684593200683594,0.007282544975169003,0.009004225915608307,0.0017216809404393043,0.01701557942821334,0.016500883308860164,-0.0005146961193531752,0.003170731052270402,0.003515023191499969,0.00034429213922956706,0.006380334536990394,0.0065334054196010466,0.0001530708826106529,2944,2944,0,0,1,0,1,positive,2,True
26,42,17,1,1,"[1, 306, 3614, 263, 16286, 515, 24553, 304, 1570, 5556, 4517, 3025, 25820, 4799, 18117, 29797, 29871, 29896, 29953, 303, 5846, 29889, 306, 1303, 599, 278, 21804, 322, 13964, 304, 1423, 278, 13331, 310, 738, 16286, 508, 12611, 29889, 1556, 310, 278, 9076, 892, 8178, 541, 278, 22663, 892, 6047, 6445, 727, 892, 451, 7282, 5556, 9055, 29889, 306, 471, 19434, 17231, 363, 29871, 29906, 2712, 29871, 29896, 467, 373, 5974, 16286, 29871, 29906, 6169, 5701, 9109, 18517, 310, 7245, 29887, 19548, 29889, 450, 16286, 515, 17399, 4799, 18117, 304, 25820, 313, 29906, 6199, 931, 29897, 3282, 29915, 451, 750, 4414, 16286, 22684, 18189, 29889, 278, 916, 16286, 515, 25820, 304, 1570, 5556, 2918, 313, 29953, 6199, 29871, 29906, 29900, 6233, 14385, 29897, 750, 1781, 4414, 16286, 22684, 12105, 1788, 29889, 278, 11029, 310, 9687, 471, 9280, 471, 451, 472, 967, 24879, 29889, 1670, 526, 694, 5556, 29801, 297, 278, 16791, 1652, 16286, 29889, 306, 750, 304, 7613, 515, 29175, 382, 304, 29175, 29943, 607, 471, 20810, 777, 29871, 29955, 29900, 29900, 17963, 22049, 19244, 29889, 2398, 727, 892, 777, 5626, 411, 25820, 18117, 448, 474, 467, 1763, 590, 4997, 278, 6993, 13925, 471, 4567, 322, 278, 28134, 750, 304, 4480, 363, 7736, 29871, 29906, 29900, 6233, 29889, 896, 2996, 885, 12812, 278, 1361, 29890, 19548, 322, 1925, 25214, 373, 525, 7613, 7613, 1209, 11120, 13607, 467, 278, 20629, 330, 28872, 12099, 607, 526, 6467, 28472, 3625, 373, 17399, 4799, 18117, 892, 3763, 443, 3625, 29889, 278, 28134, 19436, 1361, 289, 19548, 750, 304, 3700, 14656, 297, 364, 1878, 1546, 8638, 20905, 474, 25609, 467, 278, 1804, 1045, 7613, 297, 25820, 4799, 18117, 526, 451, 19239, 20627, 2868, 472, 8210, 14354, 29889, 278, 9850, 414, 6041, 505, 304, 2125, 501, 2507, 304, 748, 278, 1959, 5305, 29889]","[1, 306, 3614, 263, 16286, 515, 24553, 304, 1570, 5556, 4517, 3025, 25820, 4799, 18117, 29797, 29871, 29896, 29953, 386, 5846, 29889, 306, 1303, 599, 278, 21804, 322, 13964, 304, 1423, 278, 13331, 310, 738, 16286, 508, 12611, 29889, 1556, 310, 278, 9076, 892, 8178, 541, 278, 22663, 892, 6047, 6445, 727, 892, 451, 7282, 5556, 9055, 29889, 306, 471, 19434, 17231, 363, 29871, 29906, 2712, 29871, 29896, 467, 373, 5974, 16286, 29871, 29906, 6169, 5701, 9109, 18517, 310, 7245, 29887, 19548, 29889, 450, 16286, 515, 17399, 4799, 18117, 304, 25820, 313, 29906, 6199, 931, 29897, 3282, 29915, 451, 750, 4414, 16286, 22684, 18189, 29889, 278, 916, 16286, 515, 25820, 304, 1570, 5556, 2918, 313, 29953, 6199, 29871, 29906, 29900, 6233, 14385, 29897, 750, 1781, 4414, 16286, 22684, 12105, 1788, 29889, 278, 11029, 310, 9687, 471, 9280, 471, 451, 472, 967, 24879, 29889, 1670, 526, 694, 5556, 29801, 297, 278, 16791, 1652, 16286, 29889, 306, 750, 304, 7613, 515, 29175, 382, 304, 29175, 29943, 607, 471, 20810, 777, 29871, 29955, 29900, 29900, 17963, 22049, 19244, 29889, 2398, 727, 892, 777, 5626, 411, 25820, 18117, 448, 474, 467, 1763, 590, 4997, 278, 6993, 13925, 471, 4567, 322, 278, 28134, 750, 304, 4480, 363, 7736, 29871, 29906, 29900, 6233, 29889, 896, 2996, 885, 12812, 278, 1361, 29890, 19548, 322, 1925, 25214, 373, 525, 7613, 7613, 1209, 11120, 13607, 467, 278, 20629, 330, 28872, 12099, 607, 526, 6467, 28472, 3625, 373, 17399, 4799, 18117, 892, 3763, 443, 3625, 29889, 278, 28134, 19436, 1361, 289, 19548, 750, 304, 3700, 14656, 297, 364, 1878, 1546, 8638, 20905, 474, 25609, 467, 278, 1804, 1045, 7613, 297, 25820, 4799, 18117, 526, 451, 19239, 20627, 2868, 472, 8210, 14354, 29889, 278, 9850, 414, 6041, 505, 304, 2125, 501, 2507, 304, 748, 278, 1959, 5305, 29889]",b07084296858654dadc18fd9740dba698084366f1c9bdf4550c4ec1d719e64d3,772f51d5790de0b38b37534cec405c764a6b2afe1a8bb69d4a505db32e69eafa,b07084296858654dadc18fd9740dba698084366f1c9bdf4550c4ec1d719e64d3,772f51d5790de0b38b37534cec405c764a6b2afe1a8bb69d4a505db32e69eafa,b07084296858654dadc18fd9740dba698084366f1c9bdf4550c4ec1d719e64d3,772f51d5790de0b38b37534cec405c764a6b2afe1a8bb69d4a505db32e69eafa,True,True,0.012687064707279205,0.012587730772793293,-9.933393448591232e-05,6,1,[19],[19],True,128,8192,False,True,0.08538508415222168,0.08561599254608154,0.00023090839385986328,0.47058916091918945,0.4702893793582916,-0.00029978156089782715,0.0006490419327747077,0.0002597211496322416,-0.0003893207831424661,0.008839394351525698,0.008716104726772755,-0.00012328962475294247,0.0006490419327747077,0.0002597211496322416,-0.0003893207831424661,0.008839394351525698,0.008716104726772755,-0.00012328962475294247,8192,8192,0,0,1,0,1,positive,1,True
26,42,17,1,4,"[1, 306, 3614, 263, 16286, 515, 24553, 304, 1570, 5556, 4517, 3025, 25820, 4799, 18117, 29797, 29871, 29896, 29953, 386, 5846, 29889, 306, 1303, 599, 278, 21804, 322, 13964, 304, 1423, 278, 13331, 310, 738, 16286, 508, 12611, 29889, 1556, 310, 278, 9076, 892, 8178, 541, 278, 22663, 892, 6047, 6445, 727, 892, 451, 7282, 5556, 9055, 29889, 306, 471, 19434, 17231, 363, 29871, 29906, 2712, 29871, 29896, 467, 373, 5974, 16286, 29871, 29906, 6169, 5701, 9109, 18517, 310, 7245, 29887, 19548, 29889, 450, 16286, 515, 17399, 4799, 18117, 304, 25820, 313, 29906, 6199, 931, 29897, 3282, 29915, 451, 750, 4414, 16286, 22684, 18189, 29889, 278, 916, 16286, 515, 25820, 304, 1570, 5556, 2918, 313, 29953, 6199, 29871, 29906, 29900, 6233, 14385, 29897, 750, 1781, 4414, 16286, 22684, 12105, 1788, 29889, 278, 11029, 310, 9687, 471, 9280, 471, 451, 472, 967, 24879, 29889, 1670, 526, 694, 5556, 29801, 297, 278, 16791, 1652, 16286, 29889, 306, 750, 304, 7613, 515, 29175, 382, 304, 29175, 29943, 607, 471, 20810, 777, 29871, 29955, 29900, 29900, 17963, 22049, 19244, 29889, 2398, 727, 892, 777, 5626, 411, 25820, 18117, 448, 474, 467, 1763, 590, 4997, 278, 6993, 13925, 471, 4567, 322, 278, 28134, 750, 304, 4480, 363, 7736, 29871, 29906, 29900, 6233, 29889, 896, 2996, 885, 12812, 278, 1361, 29890, 19548, 322, 1925, 25214, 373, 525, 7613, 7613, 1209, 11120, 13607, 467, 278, 20629, 330, 28872, 12099, 607, 526, 6467, 28472, 3625, 373, 17399, 4799, 18117, 892, 3763, 443, 3625, 29889, 278, 28134, 19436, 1361, 289, 19548, 750, 304, 3700, 14656, 297, 364, 1878, 1546, 8638, 20905, 474, 25609, 467, 278, 1804, 1045, 7613, 297, 25820, 4799, 18117, 526, 451, 19239, 20627, 2868, 472, 8210, 14354, 29889, 278, 9850, 414, 6041, 505, 304, 2125, 501, 2507, 304, 748, 278, 1959, 5305, 29889]","[1, 306, 3614, 263, 16286, 515, 24553, 304, 1570, 5556, 4517, 3025, 25820, 4799, 18117, 29797, 29871, 29896, 29953, 386, 5846, 29889, 306, 1303, 599, 278, 21804, 322, 13964, 304, 1423, 278, 13331, 310, 738, 16286, 508, 12611, 29889, 1556, 310, 278, 9076, 892, 8178, 541, 278, 22663, 892, 6047, 6445, 727, 892, 451, 7282, 5556, 9055, 29889, 306, 471, 19434, 17231, 363, 29871, 29906, 2712, 29871, 29896, 30409, 373, 931, 16286, 29871, 29906, 30088, 5701, 9109, 18517, 310, 7245, 29887, 19548, 29889, 450, 16286, 515, 17399, 4799, 18117, 304, 25820, 313, 29906, 6199, 931, 29897, 3282, 29915, 451, 750, 4414, 16286, 22684, 18189, 29889, 278, 916, 16286, 515, 25820, 304, 1570, 5556, 2918, 313, 29953, 6199, 29871, 29906, 29900, 6233, 14385, 29897, 750, 1781, 4414, 16286, 22684, 12105, 1788, 29889, 278, 11029, 310, 9687, 471, 9280, 471, 451, 472, 967, 24879, 29889, 1670, 526, 694, 5556, 29801, 297, 278, 16791, 1652, 16286, 29889, 306, 750, 304, 7613, 515, 29175, 382, 304, 29175, 29943, 607, 471, 20810, 777, 29871, 29955, 29900, 29900, 17963, 22049, 19244, 29889, 2398, 727, 892, 777, 5626, 411, 25820, 18117, 448, 474, 467, 1763, 590, 4997, 278, 6993, 13925, 471, 4567, 322, 278, 28134, 750, 304, 4480, 363, 7736, 29871, 29906, 29900, 6233, 29889, 896, 2996, 885, 12812, 278, 1361, 29890, 19548, 322, 1925, 25214, 373, 525, 7613, 7613, 1209, 11120, 13607, 467, 278, 20629, 330, 28872, 12099, 607, 526, 6467, 28472, 3625, 373, 17399, 4799, 18117, 892, 3763, 443, 3625, 29889, 278, 28134, 19436, 1361, 289, 19548, 750, 304, 3700, 14656, 297, 364, 1878, 1546, 8638, 20905, 474, 25609, 467, 278, 1804, 1045, 7613, 297, 25820, 4799, 18117, 526, 451, 19239, 20627, 2868, 472, 8210, 14354, 29889, 278, 9850, 414, 6041, 505, 304, 2125, 501, 2507, 304, 748, 278, 1959, 5305, 29889]",772f51d5790de0b38b37534cec405c764a6b2afe1a8bb69d4a505db32e69eafa,e24b4bba956b1f3cf91335be0b17fbfce0cf69e1bf06417cf1e1d5cf1dc0fcf0,772f51d5790de0b38b37534cec405c764a6b2afe1a8bb69d4a505db32e69eafa,e24b4bba956b1f3cf91335be0b17fbfce0cf69e1bf06417cf1e1d5cf1dc0fcf0,772f51d5790de0b38b37534cec405c764a6b2afe1a8bb69d4a505db32e69eafa,e24b4bba956b1f3cf91335be0b17fbfce0cf69e1bf06417cf1e1d5cf1dc0fcf0,True,True,0.012587730772793293,0.011933835223317146,-0.0006538955494761467,14,3,"[68, 70, 74]","[68, 70, 74]",True,128,8192,False,True,0.14019939303398132,0.11886857450008392,-0.0213308185338974,0.5102477073669434,0.5126423835754395,0.0023946762084960938,0.01193686890474055,0.012128781309002079,0.00019191240426152945,0.02851591686339816,0.02920853552495828,0.0006926186615601182,0.004409169945258485,0.004315187243501778,-9.39827017567077e-05,0.009859884246353708,0.010051685980136466,0.00019180173378275864,23552,23552,0,0,1,1,0,neutral,3,True
26,42,17,1,8,"[1, 306, 3614, 263, 16286, 515, 24553, 304, 1570, 5556, 4517, 3025, 25820, 4799, 18117, 29797, 29871, 29896, 29953, 386, 5846, 29889, 306, 1303, 599, 278, 21804, 322, 13964, 304, 1423, 278, 13331, 310, 738, 16286, 508, 12611, 29889, 1556, 310, 278, 9076, 892, 8178, 541, 278, 22663, 892, 6047, 6445, 727, 892, 451, 7282, 5556, 9055, 29889, 306, 471, 19434, 17231, 363, 29871, 29906, 2712, 29871, 29896, 30409, 373, 931, 16286, 29871, 29906, 30088, 5701, 9109, 18517, 310, 7245, 29887, 19548, 29889, 450, 16286, 515, 17399, 4799, 18117, 304, 25820, 313, 29906, 6199, 931, 29897, 3282, 29915, 451, 750, 4414, 16286, 22684, 18189, 29889, 278, 916, 16286, 515, 25820, 304, 1570, 5556, 2918, 313, 29953, 6199, 29871, 29906, 29900, 6233, 14385, 29897, 750, 1781, 4414, 16286, 22684, 12105, 1788, 29889, 278, 11029, 310, 9687, 471, 9280, 471, 451, 472, 967, 24879, 29889, 1670, 526, 694, 5556, 29801, 297, 278, 16791, 1652, 16286, 29889, 306, 750, 304, 7613, 515, 29175, 382, 304, 29175, 29943, 607, 471, 20810, 777, 29871, 29955, 29900, 29900, 17963, 22049, 19244, 29889, 2398, 727, 892, 777, 5626, 411, 25820, 18117, 448, 474, 467, 1763, 590, 4997, 278, 6993, 13925, 471, 4567, 322, 278, 28134, 750, 304, 4480, 363, 7736, 29871, 29906, 29900, 6233, 29889, 896, 2996, 885, 12812, 278, 1361, 29890, 19548, 322, 1925, 25214, 373, 525, 7613, 7613, 1209, 11120, 13607, 467, 278, 20629, 330, 28872, 12099, 607, 526, 6467, 28472, 3625, 373, 17399, 4799, 18117, 892, 3763, 443, 3625, 29889, 278, 28134, 19436, 1361, 289, 19548, 750, 304, 3700, 14656, 297, 364, 1878, 1546, 8638, 20905, 474, 25609, 467, 278, 1804, 1045, 7613, 297, 25820, 4799, 18117, 526, 451, 19239, 20627, 2868, 472, 8210, 14354, 29889, 278, 9850, 414, 6041, 505, 304, 2125, 501, 2507, 304, 748, 278, 1959, 5305, 29889]","[1, 306, 3614, 263, 16286, 515, 24553, 304, 1570, 5556, 4517, 3025, 25820, 4799, 18117, 29797, 29871, 29896, 29953, 386, 5846, 29889, 306, 1303, 599, 278, 21804, 322, 13964, 304, 1423, 278, 13331, 310, 738, 16286, 508, 12611, 29889, 1556, 310, 278, 9076, 892, 8178, 541, 278, 22663, 892, 6047, 6445, 727, 892, 451, 7282, 5556, 9055, 29889, 306, 471, 19434, 17231, 363, 29871, 29906, 2712, 29871, 29896, 30409, 373, 931, 16286, 29871, 29906, 30088, 5701, 9109, 18517, 310, 7245, 29887, 19548, 29889, 450, 16286, 515, 17399, 4799, 18117, 304, 25820, 313, 29906, 6199, 931, 29897, 3282, 29915, 451, 750, 4414, 16286, 22684, 18189, 29889, 278, 916, 16286, 515, 25820, 304, 1570, 5556, 2918, 313, 29953, 6199, 29871, 29906, 29900, 6233, 14385, 29897, 750, 1781, 4414, 16286, 22684, 19678, 1788, 29889, 450, 11029, 310, 9687, 471, 9280, 471, 451, 472, 967, 17250, 29889, 1670, 526, 694, 5556, 29801, 297, 278, 16791, 1652, 16286, 29889, 306, 750, 304, 7613, 515, 29175, 382, 304, 29175, 29943, 607, 471, 20810, 777, 29871, 29955, 29900, 29900, 17963, 22049, 19244, 29889, 2398, 727, 892, 777, 5626, 411, 25820, 18117, 448, 474, 467, 1763, 590, 4997, 278, 6993, 13925, 471, 4567, 322, 278, 28134, 750, 304, 4480, 363, 7736, 29871, 29906, 29900, 6233, 29889, 896, 2996, 885, 12812, 278, 1361, 29890, 19548, 322, 1925, 25214, 373, 525, 7613, 7613, 1209, 11120, 13607, 467, 278, 20629, 330, 28872, 12099, 607, 526, 6467, 28472, 3625, 373, 17399, 4799, 18117, 892, 3763, 443, 3625, 29889, 278, 28134, 19436, 1361, 289, 19548, 750, 304, 3700, 14656, 297, 364, 1878, 1546, 8638, 20905, 474, 25609, 467, 278, 1804, 1045, 7613, 297, 25820, 4799, 18117, 526, 451, 19239, 20627, 2868, 472, 8210, 14354, 29889, 278, 9850, 414, 6041, 505, 304, 2125, 501, 2507, 304, 748, 278, 1959, 5305, 29889]",e24b4bba956b1f3cf91335be0b17fbfce0cf69e1bf06417cf1e1d5cf1dc0fcf0,5aa1d2fd26cea34908ebe91fa0355be4b7bbcfd4761f773ae273f1976edc7ceb,e24b4bba956b1f3cf91335be0b17fbfce0cf69e1bf06417cf1e1d5cf1dc0fcf0,5aa1d2fd26cea34908ebe91fa0355be4b7bbcfd4761f773ae273f1976edc7ceb,e24b4bba956b1f3cf91335be0b17fbfce0cf69e1bf06417cf1e1d5cf1dc0fcf0,5aa1d2fd26cea34908ebe91fa0355be4b7bbcfd4761f773ae273f1976edc7ceb,True,True,0.011933835223317146,0.011224942281842232,-0.0007088929414749146,21,10,"[128, 129, 131, 134, 135, 141]","[128, 131, 141]",True,128,8192,False,True,0.16481101512908936,0.16496604681015015,0.00015503168106079102,0.4920366704463959,0.491830438375473,-0.00020623207092285156,0.007601997938763816,0.007309930784686003,-0.00029206715407781303,0.014565410769137088,0.01539401489571901,0.0008286041265819222,0.0027516554347874426,0.0025351706823461095,-0.00021648475244133306,0.005223972913385792,0.005609048207671466,0.0003850752942856743,22528,22528,0,0,1,0,1,positive,3,True
26,42,17,1,9,"[1, 306, 3614, 263, 16286, 515, 24553, 304, 1570, 5556, 4517, 3025, 25820, 4799, 18117, 29797, 29871, 29896, 29953, 386, 5846, 29889, 306, 1303, 599, 278, 21804, 322, 13964, 304, 1423, 278, 13331, 310, 738, 16286, 508, 12611, 29889, 1556, 310, 278, 9076, 892, 8178, 541, 278, 22663, 892, 6047, 6445, 727, 892, 451, 7282, 5556, 9055, 29889, 306, 471, 19434, 17231, 363, 29871, 29906, 2712, 29871, 29896, 30409, 373, 931, 16286, 29871, 29906, 30088, 5701, 9109, 18517, 310, 7245, 29887, 19548, 29889, 450, 16286, 515, 17399, 4799, 18117, 304, 25820, 313, 29906, 6199, 931, 29897, 3282, 29915, 451, 750, 4414, 16286, 22684, 18189, 29889, 278, 916, 16286, 515, 25820, 304, 1570, 5556, 2918, 313, 29953, 6199, 29871, 29906, 29900, 6233, 14385, 29897, 750, 1781, 4414, 16286, 22684, 19678, 1788, 29889, 450, 11029, 310, 9687, 471, 9280, 471, 451, 472, 967, 17250, 29889, 1670, 526, 694, 5556, 29801, 297, 278, 16791, 1652, 16286, 29889, 306, 750, 304, 7613, 515, 29175, 382, 304, 29175, 29943, 607, 471, 20810, 777, 29871, 29955, 29900, 29900, 17963, 22049, 19244, 29889, 2398, 727, 892, 777, 5626, 411, 25820, 18117, 448, 474, 467, 1763, 590, 4997, 278, 6993, 13925, 471, 4567, 322, 278, 28134, 750, 304, 4480, 363, 7736, 29871, 29906, 29900, 6233, 29889, 896, 2996, 885, 12812, 278, 1361, 29890, 19548, 322, 1925, 25214, 373, 525, 7613, 7613, 1209, 11120, 13607, 467, 278, 20629, 330, 28872, 12099, 607, 526, 6467, 28472, 3625, 373, 17399, 4799, 18117, 892, 3763, 443, 3625, 29889, 278, 28134, 19436, 1361, 289, 19548, 750, 304, 3700, 14656, 297, 364, 1878, 1546, 8638, 20905, 474, 25609, 467, 278, 1804, 1045, 7613, 297, 25820, 4799, 18117, 526, 451, 19239, 20627, 2868, 472, 8210, 14354, 29889, 278, 9850, 414, 6041, 505, 304, 2125, 501, 2507, 304, 748, 278, 1959, 5305, 29889]","[1, 306, 3614, 263, 16286, 515, 24553, 304, 1570, 5556, 4517, 3025, 25820, 4799, 18117, 29797, 29871, 29896, 29953, 386, 5846, 29889, 306, 1303, 599, 278, 21804, 322, 13964, 304, 1423, 278, 13331, 310, 738, 16286, 508, 12611, 29889, 1556, 310, 278, 9076, 892, 8178, 541, 278, 22663, 892, 6047, 6445, 727, 892, 451, 7282, 5556, 9055, 29889, 306, 471, 19434, 17231, 363, 29871, 29906, 2712, 29871, 29896, 30409, 373, 931, 16286, 29871, 29906, 30088, 5701, 9109, 18517, 310, 7245, 29887, 19548, 29889, 450, 16286, 515, 17399, 4799, 18117, 304, 25820, 313, 29906, 6199, 931, 29897, 3282, 29915, 451, 750, 4414, 16286, 22684, 18189, 29889, 278, 916, 16286, 515, 25820, 304, 1570, 5556, 2918, 313, 29953, 6199, 29871, 29906, 29900, 6233, 14385, 29897, 750, 1781, 4414, 16286, 22684, 19678, 1788, 29889, 450, 11029, 310, 9687, 471, 9280, 471, 451, 472, 967, 17250, 29889, 1670, 892, 694, 628, 9055, 297, 278, 16791, 1652, 16286, 29153, 306, 750, 304, 7613, 515, 29175, 382, 304, 29175, 29943, 607, 471, 20810, 777, 29871, 29955, 29900, 29900, 17963, 22049, 19244, 29889, 2398, 727, 892, 777, 5626, 411, 25820, 18117, 448, 474, 467, 1763, 590, 4997, 278, 6993, 13925, 471, 4567, 322, 278, 28134, 750, 304, 4480, 363, 7736, 29871, 29906, 29900, 6233, 29889, 896, 2996, 885, 12812, 278, 1361, 29890, 19548, 322, 1925, 25214, 373, 525, 7613, 7613, 1209, 11120, 13607, 467, 278, 20629, 330, 28872, 12099, 607, 526, 6467, 28472, 3625, 373, 17399, 4799, 18117, 892, 3763, 443, 3625, 29889, 278, 28134, 19436, 1361, 289, 19548, 750, 304, 3700, 14656, 297, 364, 1878, 1546, 8638, 20905, 474, 25609, 467, 278, 1804, 1045, 7613, 297, 25820, 4799, 18117, 526, 451, 19239, 20627, 2868, 472, 8210, 14354, 29889, 278, 9850, 414, 6041, 505, 304, 2125, 501, 2507, 304, 748, 278, 1959, 5305, 29889]",5aa1d2fd26cea34908ebe91fa0355be4b7bbcfd4761f773ae273f1976edc7ceb,4e38e114f2389a2a76dbce9f928b37ff014c43d13704d0cc911c8bba42888755,5aa1d2fd26cea34908ebe91fa0355be4b7bbcfd4761f773ae273f1976edc7ceb,4e38e114f2389a2a76dbce9f928b37ff014c43d13704d0cc911c8bba42888755,5aa1d2fd26cea34908ebe91fa0355be4b7bbcfd4761f773ae273f1976edc7ceb,4e38e114f2389a2a76dbce9f928b37ff014c43d13704d0cc911c8bba42888755,True,True,0.011224942281842232,0.01121553685516119,-9.405426681041718e-06,11,1,"[144, 146, 147, 152, 153, 159]","[144, 146, 147, 153]",True,128,8192,False,True,0.15722188353538513,0.09326635301113129,-0.06395553052425385,0.4833809733390808,0.4889303147792816,0.005549341440200806,0.012095831138140056,0.013774152655969374,0.0016783215178293176,0.024009116772504058,0.023316284103202634,-0.0006928326693014242,0.0033370406763274067,0.00363841660567059,0.00030137592934318313,0.006432706099542335,0.006107012129365659,-0.00032569397017667614,30976,30976,0,0,2,1,1,positive,4,True
26,42,17,1,10,"[1, 306, 3614, 263, 16286, 515, 24553, 304, 1570, 5556, 4517, 3025, 25820, 4799, 18117, 29797, 29871, 29896, 29953, 386, 5846, 29889, 306, 1303, 599, 278, 21804, 322, 13964, 304, 1423, 278, 13331, 310, 738, 16286, 508, 12611, 29889, 1556, 310, 278, 9076, 892, 8178, 541, 278, 22663, 892, 6047, 6445, 727, 892, 451, 7282, 5556, 9055, 29889, 306, 471, 19434, 17231, 363, 29871, 29906, 2712, 29871, 29896, 30409, 373, 931, 16286, 29871, 29906, 30088, 5701, 9109, 18517, 310, 7245, 29887, 19548, 29889, 450, 16286, 515, 17399, 4799, 18117, 304, 25820, 313, 29906, 6199, 931, 29897, 3282, 29915, 451, 750, 4414, 16286, 22684, 18189, 29889, 278, 916, 16286, 515, 25820, 304, 1570, 5556, 2918, 313, 29953, 6199, 29871, 29906, 29900, 6233, 14385, 29897, 750, 1781, 4414, 16286, 22684, 19678, 1788, 29889, 450, 11029, 310, 9687, 471, 9280, 471, 451, 472, 967, 17250, 29889, 1670, 892, 694, 628, 9055, 297, 278, 16791, 1652, 16286, 29153, 306, 750, 304, 7613, 515, 29175, 382, 304, 29175, 29943, 607, 471, 20810, 777, 29871, 29955, 29900, 29900, 17963, 22049, 19244, 29889, 2398, 727, 892, 777, 5626, 411, 25820, 18117, 448, 474, 467, 1763, 590, 4997, 278, 6993, 13925, 471, 4567, 322, 278, 28134, 750, 304, 4480, 363, 7736, 29871, 29906, 29900, 6233, 29889, 896, 2996, 885, 12812, 278, 1361, 29890, 19548, 322, 1925, 25214, 373, 525, 7613, 7613, 1209, 11120, 13607, 467, 278, 20629, 330, 28872, 12099, 607, 526, 6467, 28472, 3625, 373, 17399, 4799, 18117, 892, 3763, 443, 3625, 29889, 278, 28134, 19436, 1361, 289, 19548, 750, 304, 3700, 14656, 297, 364, 1878, 1546, 8638, 20905, 474, 25609, 467, 278, 1804, 1045, 7613, 297, 25820, 4799, 18117, 526, 451, 19239, 20627, 2868, 472, 8210, 14354, 29889, 278, 9850, 414, 6041, 505, 304, 2125, 501, 2507, 304, 748, 278, 1959, 5305, 29889]","[1, 306, 3614, 263, 16286, 515, 24553, 304, 1570, 5556, 4517, 3025, 25820, 4799, 18117, 29797, 29871, 29896, 29953, 386, 5846, 29889, 306, 1303, 599, 278, 21804, 322, 13964, 304, 1423, 278, 13331, 310, 738, 16286, 508, 12611, 29889, 1556, 310, 278, 9076, 892, 8178, 541, 278, 22663, 892, 6047, 6445, 727, 892, 451, 7282, 5556, 9055, 29889, 306, 471, 19434, 17231, 363, 29871, 29906, 2712, 29871, 29896, 30409, 373, 931, 16286, 29871, 29906, 30088, 5701, 9109, 18517, 310, 7245, 29887, 19548, 29889, 450, 16286, 515, 17399, 4799, 18117, 304, 25820, 313, 29906, 6199, 931, 29897, 3282, 29915, 451, 750, 4414, 16286, 22684, 18189, 29889, 278, 916, 16286, 515, 25820, 304, 1570, 5556, 2918, 313, 29953, 6199, 29871, 29906, 29900, 6233, 14385, 29897, 750, 1781, 4414, 16286, 22684, 19678, 1788, 29889, 450, 11029, 310, 9687, 471, 9280, 471, 451, 472, 967, 17250, 29889, 1670, 892, 694, 628, 9055, 297, 278, 16791, 1652, 16286, 29153, 306, 750, 304, 7613, 515, 29175, 382, 304, 29175, 29909, 607, 471, 20810, 777, 29871, 29955, 29900, 29900, 17963, 22049, 5418, 29889, 2398, 727, 892, 777, 5626, 411, 25820, 18117, 448, 474, 467, 1763, 590, 4997, 278, 6993, 13925, 471, 4567, 322, 278, 28134, 750, 304, 4480, 363, 7736, 29871, 29906, 29900, 6233, 29889, 896, 2996, 885, 12812, 278, 1361, 29890, 19548, 322, 1925, 25214, 373, 525, 7613, 7613, 1209, 11120, 13607, 467, 278, 20629, 330, 28872, 12099, 607, 526, 6467, 28472, 3625, 373, 17399, 4799, 18117, 892, 3763, 443, 3625, 29889, 278, 28134, 19436, 1361, 289, 19548, 750, 304, 3700, 14656, 297, 364, 1878, 1546, 8638, 20905, 474, 25609, 467, 278, 1804, 1045, 7613, 297, 25820, 4799, 18117, 526, 451, 19239, 20627, 2868, 472, 8210, 14354, 29889, 278, 9850, 414, 6041, 505, 304, 2125, 501, 2507, 304, 748, 278, 1959, 5305, 29889]",4e38e114f2389a2a76dbce9f928b37ff014c43d13704d0cc911c8bba42888755,421510ce5916694908b08b9970894925f727211cccb5589fa9480c9335788f2a,4e38e114f2389a2a76dbce9f928b37ff014c43d13704d0cc911c8bba42888755,421510ce5916694908b08b9970894925f727211cccb5589fa9480c9335788f2a,4e38e114f2389a2a76dbce9f928b37ff014c43d13704d0cc911c8bba42888755,421510ce5916694908b08b9970894925f727211cccb5589fa9480c9335788f2a,True,True,0.01121553685516119,0.011024951934814453,-0.0001905849203467369,8,2,"[160, 162, 163, 168, 174]","[163, 174]",True,128,8192,False,True,0.13600066304206848,0.12475096434354782,-0.01124969869852066,0.5545966625213623,0.5549441576004028,0.00034749507904052734,0.005508287860720884,0.003171312215272337,-0.002336975645448547,0.010054847087303642,0.008409233822021633,-0.0016456132652820088,0.002979332776182992,0.0017117663947308166,-0.0012675663814521753,0.005215924153597946,0.004378258668554899,-0.000837665485043047,14976,14976,0,0,1,0,1,positive,2,True
26,42,17,1,16,"[1, 306, 3614, 263, 16286, 515, 24553, 304, 1570, 5556, 4517, 3025, 25820, 4799, 18117, 29797, 29871, 29896, 29953, 386, 5846, 29889, 306, 1303, 599, 278, 21804, 322, 13964, 304, 1423, 278, 13331, 310, 738, 16286, 508, 12611, 29889, 1556, 310, 278, 9076, 892, 8178, 541, 278, 22663, 892, 6047, 6445, 727, 892, 451, 7282, 5556, 9055, 29889, 306, 471, 19434, 17231, 363, 29871, 29906, 2712, 29871, 29896, 30409, 373, 931, 16286, 29871, 29906, 30088, 5701, 9109, 18517, 310, 7245, 29887, 19548, 29889, 450, 16286, 515, 17399, 4799, 18117, 304, 25820, 313, 29906, 6199, 931, 29897, 3282, 29915, 451, 750, 4414, 16286, 22684, 18189, 29889, 278, 916, 16286, 515, 25820, 304, 1570, 5556, 2918, 313, 29953, 6199, 29871, 29906, 29900, 6233, 14385, 29897, 750, 1781, 4414, 16286, 22684, 19678, 1788, 29889, 450, 11029, 310, 9687, 471, 9280, 471, 451, 472, 967, 17250, 29889, 1670, 892, 694, 628, 9055, 297, 278, 16791, 1652, 16286, 29153, 306, 750, 304, 7613, 515, 29175, 382, 304, 29175, 29909, 607, 471, 20810, 777, 29871, 29955, 29900, 29900, 17963, 22049, 5418, 29889, 2398, 727, 892, 777, 5626, 411, 25820, 18117, 448, 474, 467, 1763, 590, 4997, 278, 6993, 13925, 471, 4567, 322, 278, 28134, 750, 304, 4480, 363, 7736, 29871, 29906, 29900, 6233, 29889, 896, 2996, 885, 12812, 278, 1361, 29890, 19548, 322, 1925, 25214, 373, 525, 7613, 7613, 1209, 11120, 13607, 467, 278, 20629, 330, 28872, 12099, 607, 526, 6467, 28472, 3625, 373, 17399, 4799, 18117, 892, 3763, 443, 3625, 29889, 278, 28134, 19436, 1361, 289, 19548, 750, 304, 3700, 14656, 297, 364, 1878, 1546, 8638, 20905, 474, 25609, 467, 278, 1804, 1045, 7613, 297, 25820, 4799, 18117, 526, 451, 19239, 20627, 2868, 472, 8210, 14354, 29889, 278, 9850, 414, 6041, 505, 304, 2125, 501, 2507, 304, 748, 278, 1959, 5305, 29889]","[1, 306, 3614, 263, 16286, 515, 24553, 304, 1570, 5556, 4517, 3025, 25820, 4799, 18117, 29797, 29871, 29896, 29953, 386, 5846, 29889, 306, 1303, 599, 278, 21804, 322, 13964, 304, 1423, 278, 13331, 310, 738, 16286, 508, 12611, 29889, 1556, 310, 278, 9076, 892, 8178, 541, 278, 22663, 892, 6047, 6445, 727, 892, 451, 7282, 5556, 9055, 29889, 306, 471, 19434, 17231, 363, 29871, 29906, 2712, 29871, 29896, 30409, 373, 931, 16286, 29871, 29906, 30088, 5701, 9109, 18517, 310, 7245, 29887, 19548, 29889, 450, 16286, 515, 17399, 4799, 18117, 304, 25820, 313, 29906, 6199, 931, 29897, 3282, 29915, 451, 750, 4414, 16286, 22684, 18189, 29889, 278, 916, 16286, 515, 25820, 304, 1570, 5556, 2918, 313, 29953, 6199, 29871, 29906, 29900, 6233, 14385, 29897, 750, 1781, 4414, 16286, 22684, 19678, 1788, 29889, 450, 11029, 310, 9687, 471, 9280, 471, 451, 472, 967, 17250, 29889, 1670, 892, 694, 628, 9055, 297, 278, 16791, 1652, 16286, 29153, 306, 750, 304, 7613, 515, 29175, 382, 304, 29175, 29909, 607, 471, 20810, 777, 29871, 29955, 29900, 29900, 17963, 22049, 5418, 29889, 2398, 727, 892, 777, 5626, 411, 25820, 18117, 448, 474, 467, 1763, 590, 4997, 278, 6993, 13925, 471, 4567, 322, 278, 28134, 750, 304, 4480, 363, 7736, 29871, 29906, 29900, 6233, 29889, 896, 2996, 885, 12812, 278, 1361, 29890, 19548, 322, 1925, 25214, 373, 525, 7613, 7613, 1209, 11120, 13607, 467, 278, 20629, 330, 28872, 12099, 607, 526, 6467, 28472, 3625, 373, 17399, 4799, 18117, 892, 3763, 443, 3625, 29889, 278, 28134, 19436, 1361, 289, 19548, 750, 304, 3700, 14656, 297, 364, 1878, 1546, 8638, 20905, 474, 2236, 29897, 1576, 1804, 1045, 7613, 297, 25820, 4799, 18117, 526, 451, 19239, 20627, 2868, 472, 8210, 14354, 29889, 278, 9850, 414, 6041, 505, 304, 2125, 501, 2507, 304, 748, 278, 1959, 5305, 29889]",421510ce5916694908b08b9970894925f727211cccb5589fa9480c9335788f2a,33a307f90c526e1efd6839a27839ed234faf9e2709f9fb72a4de82f120eb045c,421510ce5916694908b08b9970894925f727211cccb5589fa9480c9335788f2a,33a307f90c526e1efd6839a27839ed234faf9e2709f9fb72a4de82f120eb045c,421510ce5916694908b08b9970894925f727211cccb5589fa9480c9335788f2a,33a307f90c526e1efd6839a27839ed234faf9e2709f9fb72a4de82f120eb045c,True,True,0.011024951934814453,0.010960409417748451,-6.454251706600189e-05,8,1,"[261, 263, 264, 265]","[263, 264, 265]",True,128,4224,False,True,0.23039564490318298,0.2305445373058319,0.00014889240264892578,0.5543039441108704,0.554618239402771,0.00031429529190063477,0.007859650067985058,0.0088178405086651,0.0009581904406800422,0.025134881252818035,0.026146989287526318,0.0010121080347082825,0.003070974450868865,0.003647027217084542,0.0005760527662156769,0.007839906281636408,0.008145692350808531,0.0003057860691721235,12288,12288,0,0,1,1,0,neutral,3,True
26,42,17,2,0,"[1, 306, 3614, 263, 16286, 515, 24553, 304, 1570, 5556, 4517, 3025, 25820, 4799, 18117, 29797, 29871, 29896, 29953, 386, 5846, 29889, 306, 1303, 599, 278, 21804, 322, 13964, 304, 1423, 278, 13331, 310, 738, 16286, 508, 12611, 29889, 1556, 310, 278, 9076, 892, 8178, 541, 278, 22663, 892, 6047, 6445, 727, 892, 451, 7282, 5556, 9055, 29889, 306, 471, 19434, 17231, 363, 29871, 29906, 2712, 29871, 29896, 30409, 373, 931, 16286, 29871, 29906, 30088, 5701, 9109, 18517, 310, 7245, 29887, 19548, 29889, 450, 16286, 515, 17399, 4799, 18117, 304, 25820, 313, 29906, 6199, 931, 29897, 3282, 29915, 451, 750, 4414, 16286, 22684, 18189, 29889, 278, 916, 16286, 515, 25820, 304, 1570, 5556, 2918, 313, 29953, 6199, 29871, 29906, 29900, 6233, 14385, 29897, 750, 1781, 4414, 16286, 22684, 19678, 1788, 29889, 450, 11029, 310, 9687, 471, 9280, 471, 451, 472, 967, 17250, 29889, 1670, 892, 694, 628, 9055, 297, 278, 16791, 1652, 16286, 29153, 306, 750, 304, 7613, 515, 29175, 382, 304, 29175, 29909, 607, 471, 20810, 777, 29871, 29955, 29900, 29900, 17963, 22049, 5418, 29889, 2398, 727, 892, 777, 5626, 411, 25820, 18117, 448, 474, 467, 1763, 590, 4997, 278, 6993, 13925, 471, 4567, 322, 278, 28134, 750, 304, 4480, 363, 7736, 29871, 29906, 29900, 6233, 29889, 896, 2996, 885, 12812, 278, 1361, 29890, 19548, 322, 1925, 25214, 373, 525, 7613, 7613, 1209, 11120, 13607, 467, 278, 20629, 330, 28872, 12099, 607, 526, 6467, 28472, 3625, 373, 17399, 4799, 18117, 892, 3763, 443, 3625, 29889, 278, 28134, 19436, 1361, 289, 19548, 750, 304, 3700, 14656, 297, 364, 1878, 1546, 8638, 20905, 474, 2236, 29897, 1576, 1804, 1045, 7613, 297, 25820, 4799, 18117, 526, 451, 19239, 20627, 2868, 472, 8210, 14354, 29889, 278, 9850, 414, 6041, 505, 304, 2125, 501, 2507, 304, 748, 278, 1959, 5305, 29889]","[1, 306, 3614, 263, 16286, 515, 24553, 304, 1570, 5556, 7513, 3025, 25820, 4799, 18117, 29797, 29871, 29896, 29953, 386, 5846, 29889, 306, 1303, 599, 278, 21804, 322, 13964, 304, 1423, 278, 13331, 310, 738, 16286, 508, 12611, 29889, 1556, 310, 278, 9076, 892, 8178, 541, 278, 22663, 892, 6047, 6445, 727, 892, 451, 7282, 5556, 9055, 29889, 306, 471, 19434, 17231, 363, 29871, 29906, 2712, 29871, 29896, 30409, 373, 931, 16286, 29871, 29906, 30088, 5701, 9109, 18517, 310, 7245, 29887, 19548, 29889, 450, 16286, 515, 17399, 4799, 18117, 304, 25820, 313, 29906, 6199, 931, 29897, 3282, 29915, 451, 750, 4414, 16286, 22684, 18189, 29889, 278, 916, 16286, 515, 25820, 304, 1570, 5556, 2918, 313, 29953, 6199, 29871, 29906, 29900, 6233, 14385, 29897, 750, 1781, 4414, 16286, 22684, 19678, 1788, 29889, 450, 11029, 310, 9687, 471, 9280, 471, 451, 472, 967, 17250, 29889, 1670, 892, 694, 628, 9055, 297, 278, 16791, 1652, 16286, 29153, 306, 750, 304, 7613, 515, 29175, 382, 304, 29175, 29909, 607, 471, 20810, 777, 29871, 29955, 29900, 29900, 17963, 22049, 5418, 29889, 2398, 727, 892, 777, 5626, 411, 25820, 18117, 448, 474, 467, 1763, 590, 4997, 278, 6993, 13925, 471, 4567, 322, 278, 28134, 750, 304, 4480, 363, 7736, 29871, 29906, 29900, 6233, 29889, 896, 2996, 885, 12812, 278, 1361, 29890, 19548, 322, 1925, 25214, 373, 525, 7613, 7613, 1209, 11120, 13607, 467, 278, 20629, 330, 28872, 12099, 607, 526, 6467, 28472, 3625, 373, 17399, 4799, 18117, 892, 3763, 443, 3625, 29889, 278, 28134, 19436, 1361, 289, 19548, 750, 304, 3700, 14656, 297, 364, 1878, 1546, 8638, 20905, 474, 2236, 29897, 1576, 1804, 1045, 7613, 297, 25820, 4799, 18117, 526, 451, 19239, 20627, 2868, 472, 8210, 14354, 29889, 278, 9850, 414, 6041, 505, 304, 2125, 501, 2507, 304, 748, 278, 1959, 5305, 29889]",33a307f90c526e1efd6839a27839ed234faf9e2709f9fb72a4de82f120eb045c,f0bcd5f9257931b07c1cefec066ddbe9c7ddd8f59efd957f5c19de46e8218815,33a307f90c526e1efd6839a27839ed234faf9e2709f9fb72a4de82f120eb045c,f0bcd5f9257931b07c1cefec066ddbe9c7ddd8f59efd957f5c19de46e8218815,33a307f90c526e1efd6839a27839ed234faf9e2709f9fb72a4de82f120eb045c,f0bcd5f9257931b07c1cefec066ddbe9c7ddd8f59efd957f5c19de46e8218815,True,True,0.010960409417748451,0.010589043609797955,-0.0003713658079504967,4,1,"[2, 9, 10, 14]",[10],True,128,8192,False,True,0.052412308752536774,0.046252354979515076,-0.006159953773021698,0.4239112138748169,0.4214230179786682,-0.0024881958961486816,0.00361348003934836,0.0033225639344891533,-0.0002909161048592068,0.01096005538420286,0.011517557803017553,0.0005575024188146926,0.00361348003934836,0.0033225639344891533,-0.0002909161048592068,0.01096005538420286,0.011517557803017553,0.0005575024188146926,8192,8192,0,0,0,0,0,neutral,1,True
26,42,17,2,4,"[1, 306, 3614, 263, 16286, 515, 24553, 304, 1570, 5556, 7513, 3025, 25820, 4799, 18117, 29797, 29871, 29896, 29953, 386, 5846, 29889, 306, 1303, 599, 278, 21804, 322, 13964, 304, 1423, 278, 13331, 310, 738, 16286, 508, 12611, 29889, 1556, 310, 278, 9076, 892, 8178, 541, 278, 22663, 892, 6047, 6445, 727, 892, 451, 7282, 5556, 9055, 29889, 306, 471, 19434, 17231, 363, 29871, 29906, 2712, 29871, 29896, 30409, 373, 931, 16286, 29871, 29906, 30088, 5701, 9109, 18517, 310, 7245, 29887, 19548, 29889, 450, 16286, 515, 17399, 4799, 18117, 304, 25820, 313, 29906, 6199, 931, 29897, 3282, 29915, 451, 750, 4414, 16286, 22684, 18189, 29889, 278, 916, 16286, 515, 25820, 304, 1570, 5556, 2918, 313, 29953, 6199, 29871, 29906, 29900, 6233, 14385, 29897, 750, 1781, 4414, 16286, 22684, 19678, 1788, 29889, 450, 11029, 310, 9687, 471, 9280, 471, 451, 472, 967, 17250, 29889, 1670, 892, 694, 628, 9055, 297, 278, 16791, 1652, 16286, 29153, 306, 750, 304, 7613, 515, 29175, 382, 304, 29175, 29909, 607, 471, 20810, 777, 29871, 29955, 29900, 29900, 17963, 22049, 5418, 29889, 2398, 727, 892, 777, 5626, 411, 25820, 18117, 448, 474, 467, 1763, 590, 4997, 278, 6993, 13925, 471, 4567, 322, 278, 28134, 750, 304, 4480, 363, 7736, 29871, 29906, 29900, 6233, 29889, 896, 2996, 885, 12812, 278, 1361, 29890, 19548, 322, 1925, 25214, 373, 525, 7613, 7613, 1209, 11120, 13607, 467, 278, 20629, 330, 28872, 12099, 607, 526, 6467, 28472, 3625, 373, 17399, 4799, 18117, 892, 3763, 443, 3625, 29889, 278, 28134, 19436, 1361, 289, 19548, 750, 304, 3700, 14656, 297, 364, 1878, 1546, 8638, 20905, 474, 2236, 29897, 1576, 1804, 1045, 7613, 297, 25820, 4799, 18117, 526, 451, 19239, 20627, 2868, 472, 8210, 14354, 29889, 278, 9850, 414, 6041, 505, 304, 2125, 501, 2507, 304, 748, 278, 1959, 5305, 29889]","[1, 306, 3614, 263, 16286, 515, 24553, 304, 1570, 5556, 7513, 3025, 25820, 4799, 18117, 29797, 29871, 29896, 29953, 386, 5846, 29889, 306, 1303, 599, 278, 21804, 322, 13964, 304, 1423, 278, 13331, 310, 738, 16286, 508, 12611, 29889, 1556, 310, 278, 9076, 892, 8178, 541, 278, 22663, 892, 6047, 6445, 727, 892, 451, 7282, 5556, 9055, 29889, 306, 471, 19434, 17231, 363, 29871, 29906, 2712, 29871, 29896, 5586, 373, 931, 16286, 29871, 29906, 29889, 5701, 9109, 18517, 310, 7245, 29887, 19548, 29889, 450, 16286, 515, 17399, 4799, 18117, 304, 25820, 313, 29906, 6199, 931, 29897, 3282, 29915, 451, 750, 4414, 16286, 22684, 18189, 29889, 278, 916, 16286, 515, 25820, 304, 1570, 5556, 2918, 313, 29953, 6199, 29871, 29906, 29900, 6233, 14385, 29897, 750, 1781, 4414, 16286, 22684, 19678, 1788, 29889, 450, 11029, 310, 9687, 471, 9280, 471, 451, 472, 967, 17250, 29889, 1670, 892, 694, 628, 9055, 297, 278, 16791, 1652, 16286, 29153, 306, 750, 304, 7613, 515, 29175, 382, 304, 29175, 29909, 607, 471, 20810, 777, 29871, 29955, 29900, 29900, 17963, 22049, 5418, 29889, 2398, 727, 892, 777, 5626, 411, 25820, 18117, 448, 474, 467, 1763, 590, 4997, 278, 6993, 13925, 471, 4567, 322, 278, 28134, 750, 304, 4480, 363, 7736, 29871, 29906, 29900, 6233, 29889, 896, 2996, 885, 12812, 278, 1361, 29890, 19548, 322, 1925, 25214, 373, 525, 7613, 7613, 1209, 11120, 13607, 467, 278, 20629, 330, 28872, 12099, 607, 526, 6467, 28472, 3625, 373, 17399, 4799, 18117, 892, 3763, 443, 3625, 29889, 278, 28134, 19436, 1361, 289, 19548, 750, 304, 3700, 14656, 297, 364, 1878, 1546, 8638, 20905, 474, 2236, 29897, 1576, 1804, 1045, 7613, 297, 25820, 4799, 18117, 526, 451, 19239, 20627, 2868, 472, 8210, 14354, 29889, 278, 9850, 414, 6041, 505, 304, 2125, 501, 2507, 304, 748, 278, 1959, 5305, 29889]",f0bcd5f9257931b07c1cefec066ddbe9c7ddd8f59efd957f5c19de46e8218815,15540af2087aea99761e708f5a7f10239bcbb4636c7288b0ad3b59c798dbc026,f0bcd5f9257931b07c1cefec066ddbe9c7ddd8f59efd957f5c19de46e8218815,15540af2087aea99761e708f5a7f10239bcbb4636c7288b0ad3b59c798dbc026,f0bcd5f9257931b07c1cefec066ddbe9c7ddd8f59efd957f5c19de46e8218815,15540af2087aea99761e708f5a7f10239bcbb4636c7288b0ad3b59c798dbc026,True,True,0.010589043609797955,0.010300353169441223,-0.0002886904403567314,9,1,"[68, 70, 74]","[68, 74]",True,128,8192,False,True,0.11367608606815338,0.07162033021450043,-0.042055755853652954,0.5102179050445557,0.5026015043258667,-0.007616400718688965,0.011298088007606566,0.0050580168681335635,-0.006240071139473002,0.022712287165632006,0.019348154528415762,-0.003364132637216244,0.005638825195673548,0.0027241121374498136,-0.002914713058223734,0.011671676472226371,0.009704229605124622,-0.001967446867101749,15616,15616,0,0,0,0,0,neutral,2,True
26,42,17,2,6,"[1, 306, 3614, 263, 16286, 515, 24553, 304, 1570, 5556, 7513, 3025, 25820, 4799, 18117, 29797, 29871, 29896, 29953, 386, 5846, 29889, 306, 1303, 599, 278, 21804, 322, 13964, 304, 1423, 278, 13331, 310, 738, 16286, 508, 12611, 29889, 1556, 310, 278, 9076, 892, 8178, 541, 278, 22663, 892, 6047, 6445, 727, 892, 451, 7282, 5556, 9055, 29889, 306, 471, 19434, 17231, 363, 29871, 29906, 2712, 29871, 29896, 5586, 373, 931, 16286, 29871, 29906, 29889, 5701, 9109, 18517, 310, 7245, 29887, 19548, 29889, 450, 16286, 515, 17399, 4799, 18117, 304, 25820, 313, 29906, 6199, 931, 29897, 3282, 29915, 451, 750, 4414, 16286, 22684, 18189, 29889, 278, 916, 16286, 515, 25820, 304, 1570, 5556, 2918, 313, 29953, 6199, 29871, 29906, 29900, 6233, 14385, 29897, 750, 1781, 4414, 16286, 22684, 19678, 1788, 29889, 450, 11029, 310, 9687, 471, 9280, 471, 451, 472, 967, 17250, 29889, 1670, 892, 694, 628, 9055, 297, 278, 16791, 1652, 16286, 29153, 306, 750, 304, 7613, 515, 29175, 382, 304, 29175, 29909, 607, 471, 20810, 777, 29871, 29955, 29900, 29900, 17963, 22049, 5418, 29889, 2398, 727, 892, 777, 5626, 411, 25820, 18117, 448, 474, 467, 1763, 590, 4997, 278, 6993, 13925, 471, 4567, 322, 278, 28134, 750, 304, 4480, 363, 7736, 29871, 29906, 29900, 6233, 29889, 896, 2996, 885, 12812, 278, 1361, 29890, 19548, 322, 1925, 25214, 373, 525, 7613, 7613, 1209, 11120, 13607, 467, 278, 20629, 330, 28872, 12099, 607, 526, 6467, 28472, 3625, 373, 17399, 4799, 18117, 892, 3763, 443, 3625, 29889, 278, 28134, 19436, 1361, 289, 19548, 750, 304, 3700, 14656, 297, 364, 1878, 1546, 8638, 20905, 474, 2236, 29897, 1576, 1804, 1045, 7613, 297, 25820, 4799, 18117, 526, 451, 19239, 20627, 2868, 472, 8210, 14354, 29889, 278, 9850, 414, 6041, 505, 304, 2125, 501, 2507, 304, 748, 278, 1959, 5305, 29889]","[1, 306, 3614, 263, 16286, 515, 24553, 304, 1570, 5556, 7513, 3025, 25820, 4799, 18117, 29797, 29871, 29896, 29953, 386, 5846, 29889, 306, 1303, 599, 278, 21804, 322, 13964, 304, 1423, 278, 13331, 310, 738, 16286, 508, 12611, 29889, 1556, 310, 278, 9076, 892, 8178, 541, 278, 22663, 892, 6047, 6445, 727, 892, 451, 7282, 5556, 9055, 29889, 306, 471, 19434, 17231, 363, 29871, 29906, 2712, 29871, 29896, 5586, 373, 931, 16286, 29871, 29906, 29889, 5701, 9109, 18517, 310, 7245, 29887, 19548, 29889, 450, 16286, 515, 17399, 4799, 18117, 304, 25820, 313, 29906, 6199, 931, 29897, 3282, 29915, 451, 750, 4414, 16286, 22684, 18189, 29889, 450, 916, 16286, 515, 25820, 304, 1570, 5556, 2918, 313, 29953, 6199, 29871, 29906, 29900, 6233, 14385, 29897, 750, 1781, 4414, 16286, 22684, 19678, 1788, 29889, 450, 11029, 310, 9687, 471, 9280, 471, 451, 472, 967, 17250, 29889, 1670, 892, 694, 628, 9055, 297, 278, 16791, 1652, 16286, 29153, 306, 750, 304, 7613, 515, 29175, 382, 304, 29175, 29909, 607, 471, 20810, 777, 29871, 29955, 29900, 29900, 17963, 22049, 5418, 29889, 2398, 727, 892, 777, 5626, 411, 25820, 18117, 448, 474, 467, 1763, 590, 4997, 278, 6993, 13925, 471, 4567, 322, 278, 28134, 750, 304, 4480, 363, 7736, 29871, 29906, 29900, 6233, 29889, 896, 2996, 885, 12812, 278, 1361, 29890, 19548, 322, 1925, 25214, 373, 525, 7613, 7613, 1209, 11120, 13607, 467, 278, 20629, 330, 28872, 12099, 607, 526, 6467, 28472, 3625, 373, 17399, 4799, 18117, 892, 3763, 443, 3625, 29889, 278, 28134, 19436, 1361, 289, 19548, 750, 304, 3700, 14656, 297, 364, 1878, 1546, 8638, 20905, 474, 2236, 29897, 1576, 1804, 1045, 7613, 297, 25820, 4799, 18117, 526, 451, 19239, 20627, 2868, 472, 8210, 14354, 29889, 278, 9850, 414, 6041, 505, 304, 2125, 501, 2507, 304, 748, 278, 1959, 5305, 29889]",15540af2087aea99761e708f5a7f10239bcbb4636c7288b0ad3b59c798dbc026,9525e18d6110920bfa6da8a65cfe271f5b7185eb113ec490470b3676563c50b7,15540af2087aea99761e708f5a7f10239bcbb4636c7288b0ad3b59c798dbc026,9525e18d6110920bfa6da8a65cfe271f5b7185eb113ec490470b3676563c50b7,15540af2087aea99761e708f5a7f10239bcbb4636c7288b0ad3b59c798dbc026,9525e18d6110920bfa6da8a65cfe271f5b7185eb113ec490470b3676563c50b7,True,True,0.010300353169441223,0.010199897922575474,-0.00010045524686574936,13,1,"[96, 97, 101, 105]",[105],True,128,8192,False,True,0.18354807794094086,0.18205246329307556,-0.0014956146478652954,0.5003221035003662,0.49981093406677246,-0.00051116943359375,0.0019163261313224211,0.0016156435012817383,-0.00030068263004068285,0.006931251467904076,0.006767872808268294,-0.00016337865963578224,0.0019163261313224211,0.0016156435012817383,-0.00030068263004068285,0.006931251467904076,0.006767872808268294,-0.00016337865963578224,8192,8192,0,0,1,0,1,positive,1,True
26,42,17,2,7,"[1, 306, 3614, 263, 16286, 515, 24553, 304, 1570, 5556, 7513, 3025, 25820, 4799, 18117, 29797, 29871, 29896, 29953, 386, 5846, 29889, 306, 1303, 599, 278, 21804, 322, 13964, 304, 1423, 278, 13331, 310, 738, 16286, 508, 12611, 29889, 1556, 310, 278, 9076, 892, 8178, 541, 278, 22663, 892, 6047, 6445, 727, 892, 451, 7282, 5556, 9055, 29889, 306, 471, 19434, 17231, 363, 29871, 29906, 2712, 29871, 29896, 5586, 373, 931, 16286, 29871, 29906, 29889, 5701, 9109, 18517, 310, 7245, 29887, 19548, 29889, 450, 16286, 515, 17399, 4799, 18117, 304, 25820, 313, 29906, 6199, 931, 29897, 3282, 29915, 451, 750, 4414, 16286, 22684, 18189, 29889, 450, 916, 16286, 515, 25820, 304, 1570, 5556, 2918, 313, 29953, 6199, 29871, 29906, 29900, 6233, 14385, 29897, 750, 1781, 4414, 16286, 22684, 19678, 1788, 29889, 450, 11029, 310, 9687, 471, 9280, 471, 451, 472, 967, 17250, 29889, 1670, 892, 694, 628, 9055, 297, 278, 16791, 1652, 16286, 29153, 306, 750, 304, 7613, 515, 29175, 382, 304, 29175, 29909, 607, 471, 20810, 777, 29871, 29955, 29900, 29900, 17963, 22049, 5418, 29889, 2398, 727, 892, 777, 5626, 411, 25820, 18117, 448, 474, 467, 1763, 590, 4997, 278, 6993, 13925, 471, 4567, 322, 278, 28134, 750, 304, 4480, 363, 7736, 29871, 29906, 29900, 6233, 29889, 896, 2996, 885, 12812, 278, 1361, 29890, 19548, 322, 1925, 25214, 373, 525, 7613, 7613, 1209, 11120, 13607, 467, 278, 20629, 330, 28872, 12099, 607, 526, 6467, 28472, 3625, 373, 17399, 4799, 18117, 892, 3763, 443, 3625, 29889, 278, 28134, 19436, 1361, 289, 19548, 750, 304, 3700, 14656, 297, 364, 1878, 1546, 8638, 20905, 474, 2236, 29897, 1576, 1804, 1045, 7613, 297, 25820, 4799, 18117, 526, 451, 19239, 20627, 2868, 472, 8210, 14354, 29889, 278, 9850, 414, 6041, 505, 304, 2125, 501, 2507, 304, 748, 278, 1959, 5305, 29889]","[1, 306, 3614, 263, 16286, 515, 24553, 304, 1570, 5556, 7513, 3025, 25820, 4799, 18117, 29797, 29871, 29896, 29953, 386, 5846, 29889, 306, 1303, 599, 278, 21804, 322, 13964, 304, 1423, 278, 13331, 310, 738, 16286, 508, 12611, 29889, 1556, 310, 278, 9076, 892, 8178, 541, 278, 22663, 892, 6047, 6445, 727, 892, 451, 7282, 5556, 9055, 29889, 306, 471, 19434, 17231, 363, 29871, 29906, 2712, 29871, 29896, 5586, 373, 931, 16286, 29871, 29906, 29889, 5701, 9109, 18517, 310, 7245, 29887, 19548, 29889, 450, 16286, 515, 17399, 4799, 18117, 304, 25820, 313, 29906, 6199, 931, 29897, 3282, 29915, 451, 750, 4414, 16286, 22684, 18189, 29889, 450, 916, 16286, 515, 25820, 304, 1570, 5556, 2918, 313, 29953, 6199, 29871, 29906, 29900, 6233, 14385, 29897, 750, 1781, 4414, 523, 22684, 19678, 1788, 29889, 450, 11029, 310, 9687, 471, 9280, 471, 451, 472, 967, 17250, 29889, 1670, 892, 694, 628, 9055, 297, 278, 16791, 1652, 16286, 29153, 306, 750, 304, 7613, 515, 29175, 382, 304, 29175, 29909, 607, 471, 20810, 777, 29871, 29955, 29900, 29900, 17963, 22049, 5418, 29889, 2398, 727, 892, 777, 5626, 411, 25820, 18117, 448, 474, 467, 1763, 590, 4997, 278, 6993, 13925, 471, 4567, 322, 278, 28134, 750, 304, 4480, 363, 7736, 29871, 29906, 29900, 6233, 29889, 896, 2996, 885, 12812, 278, 1361, 29890, 19548, 322, 1925, 25214, 373, 525, 7613, 7613, 1209, 11120, 13607, 467, 278, 20629, 330, 28872, 12099, 607, 526, 6467, 28472, 3625, 373, 17399, 4799, 18117, 892, 3763, 443, 3625, 29889, 278, 28134, 19436, 1361, 289, 19548, 750, 304, 3700, 14656, 297, 364, 1878, 1546, 8638, 20905, 474, 2236, 29897, 1576, 1804, 1045, 7613, 297, 25820, 4799, 18117, 526, 451, 19239, 20627, 2868, 472, 8210, 14354, 29889, 278, 9850, 414, 6041, 505, 304, 2125, 501, 2507, 304, 748, 278, 1959, 5305, 29889]",9525e18d6110920bfa6da8a65cfe271f5b7185eb113ec490470b3676563c50b7,2ba4157b85af79b2f13cb5f25a3285a2c9c65480adb4ddab14f9738f8e232afd,9525e18d6110920bfa6da8a65cfe271f5b7185eb113ec490470b3676563c50b7,2ba4157b85af79b2f13cb5f25a3285a2c9c65480adb4ddab14f9738f8e232afd,9525e18d6110920bfa6da8a65cfe271f5b7185eb113ec490470b3676563c50b7,2ba4157b85af79b2f13cb5f25a3285a2c9c65480adb4ddab14f9738f8e232afd,True,True,0.010199897922575474,0.009961693547666073,-0.00023820437490940094,8,1,"[113, 126]",[126],True,128,8192,False,True,0.1870080828666687,0.18659524619579315,-0.0004128366708755493,0.5037326812744141,0.5031559467315674,-0.0005767345428466797,0.0012961436950718053,0.0011094209185102955,-0.00018672277656150982,0.004209303675452247,0.004266483090759721,5.717941530747339e-05,0.0012961436950718053,0.0011094209185102955,-0.00018672277656150982,0.004209303675452247,0.004266483090759721,5.717941530747339e-05,8192,8192,0,0,1,0,1,positive,1,True
26,42,17,2,8,"[1, 306, 3614, 263, 16286, 515, 24553, 304, 1570, 5556, 7513, 3025, 25820, 4799, 18117, 29797, 29871, 29896, 29953, 386, 5846, 29889, 306, 1303, 599, 278, 21804, 322, 13964, 304, 1423, 278, 13331, 310, 738, 16286, 508, 12611, 29889, 1556, 310, 278, 9076, 892, 8178, 541, 278, 22663, 892, 6047, 6445, 727, 892, 451, 7282, 5556, 9055, 29889, 306, 471, 19434, 17231, 363, 29871, 29906, 2712, 29871, 29896, 5586, 373, 931, 16286, 29871, 29906, 29889, 5701, 9109, 18517, 310, 7245, 29887, 19548, 29889, 450, 16286, 515, 17399, 4799, 18117, 304, 25820, 313, 29906, 6199, 931, 29897, 3282, 29915, 451, 750, 4414, 16286, 22684, 18189, 29889, 450, 916, 16286, 515, 25820, 304, 1570, 5556, 2918, 313, 29953, 6199, 29871, 29906, 29900, 6233, 14385, 29897, 750, 1781, 4414, 523, 22684, 19678, 1788, 29889, 450, 11029, 310, 9687, 471, 9280, 471, 451, 472, 967, 17250, 29889, 1670, 892, 694, 628, 9055, 297, 278, 16791, 1652, 16286, 29153, 306, 750, 304, 7613, 515, 29175, 382, 304, 29175, 29909, 607, 471, 20810, 777, 29871, 29955, 29900, 29900, 17963, 22049, 5418, 29889, 2398, 727, 892, 777, 5626, 411, 25820, 18117, 448, 474, 467, 1763, 590, 4997, 278, 6993, 13925, 471, 4567, 322, 278, 28134, 750, 304, 4480, 363, 7736, 29871, 29906, 29900, 6233, 29889, 896, 2996, 885, 12812, 278, 1361, 29890, 19548, 322, 1925, 25214, 373, 525, 7613, 7613, 1209, 11120, 13607, 467, 278, 20629, 330, 28872, 12099, 607, 526, 6467, 28472, 3625, 373, 17399, 4799, 18117, 892, 3763, 443, 3625, 29889, 278, 28134, 19436, 1361, 289, 19548, 750, 304, 3700, 14656, 297, 364, 1878, 1546, 8638, 20905, 474, 2236, 29897, 1576, 1804, 1045, 7613, 297, 25820, 4799, 18117, 526, 451, 19239, 20627, 2868, 472, 8210, 14354, 29889, 278, 9850, 414, 6041, 505, 304, 2125, 501, 2507, 304, 748, 278, 1959, 5305, 29889]","[1, 306, 3614, 263, 16286, 515, 24553, 304, 1570, 5556, 7513, 3025, 25820, 4799, 18117, 29797, 29871, 29896, 29953, 386, 5846, 29889, 306, 1303, 599, 278, 21804, 322, 13964, 304, 1423, 278, 13331, 310, 738, 16286, 508, 12611, 29889, 1556, 310, 278, 9076, 892, 8178, 541, 278, 22663, 892, 6047, 6445, 727, 892, 451, 7282, 5556, 9055, 29889, 306, 471, 19434, 17231, 363, 29871, 29906, 2712, 29871, 29896, 5586, 373, 931, 16286, 29871, 29906, 29889, 5701, 9109, 18517, 310, 7245, 29887, 19548, 29889, 450, 16286, 515, 17399, 4799, 18117, 304, 25820, 313, 29906, 6199, 931, 29897, 3282, 29915, 451, 750, 4414, 16286, 22684, 18189, 29889, 450, 916, 16286, 515, 25820, 304, 1570, 5556, 2918, 313, 29953, 6199, 29871, 29906, 29900, 6233, 14385, 29897, 750, 1781, 4414, 523, 22684, 2472, 1788, 29889, 450, 11029, 310, 9687, 892, 9280, 471, 451, 472, 967, 1900, 29889, 1670, 892, 694, 628, 9055, 297, 278, 16791, 1652, 16286, 29153, 306, 750, 304, 7613, 515, 29175, 382, 304, 29175, 29909, 607, 471, 20810, 777, 29871, 29955, 29900, 29900, 17963, 22049, 5418, 29889, 2398, 727, 892, 777, 5626, 411, 25820, 18117, 448, 474, 467, 1763, 590, 4997, 278, 6993, 13925, 471, 4567, 322, 278, 28134, 750, 304, 4480, 363, 7736, 29871, 29906, 29900, 6233, 29889, 896, 2996, 885, 12812, 278, 1361, 29890, 19548, 322, 1925, 25214, 373, 525, 7613, 7613, 1209, 11120, 13607, 467, 278, 20629, 330, 28872, 12099, 607, 526, 6467, 28472, 3625, 373, 17399, 4799, 18117, 892, 3763, 443, 3625, 29889, 278, 28134, 19436, 1361, 289, 19548, 750, 304, 3700, 14656, 297, 364, 1878, 1546, 8638, 20905, 474, 2236, 29897, 1576, 1804, 1045, 7613, 297, 25820, 4799, 18117, 526, 451, 19239, 20627, 2868, 472, 8210, 14354, 29889, 278, 9850, 414, 6041, 505, 304, 2125, 501, 2507, 304, 748, 278, 1959, 5305, 29889]",2ba4157b85af79b2f13cb5f25a3285a2c9c65480adb4ddab14f9738f8e232afd,2188dbfb33d0f07984254a7898b7715ea5b15a45ab87fa6077973e2189c514b3,2ba4157b85af79b2f13cb5f25a3285a2c9c65480adb4ddab14f9738f8e232afd,2188dbfb33d0f07984254a7898b7715ea5b15a45ab87fa6077973e2189c514b3,2ba4157b85af79b2f13cb5f25a3285a2c9c65480adb4ddab14f9738f8e232afd,2188dbfb33d0f07984254a7898b7715ea5b15a45ab87fa6077973e2189c514b3,True,True,0.009961693547666073,0.00933774933218956,-0.0006239442154765129,19,8,"[128, 129, 131, 134, 135, 141]","[128, 135, 141]",True,128,8192,False,True,0.1885395646095276,0.12688246369361877,-0.061657100915908813,0.49210554361343384,0.498168021440506,0.0060624778270721436,0.00753518937563058,0.0050588823651196435,-0.0024763070105109364,0.01618167840206297,0.01594742005545413,-0.00023425834660883993,0.0025966212445826726,0.001807348445317773,-0.0007892727992648996,0.0057444523716735285,0.0053352994389485485,-0.00040915293272498,22016,22016,0,0,1,1,0,neutral,3,True
26,42,17,2,9,"[1, 306, 3614, 263, 16286, 515, 24553, 304, 1570, 5556, 7513, 3025, 25820, 4799, 18117, 29797, 29871, 29896, 29953, 386, 5846, 29889, 306, 1303, 599, 278, 21804, 322, 13964, 304, 1423, 278, 13331, 310, 738, 16286, 508, 12611, 29889, 1556, 310, 278, 9076, 892, 8178, 541, 278, 22663, 892, 6047, 6445, 727, 892, 451, 7282, 5556, 9055, 29889, 306, 471, 19434, 17231, 363, 29871, 29906, 2712, 29871, 29896, 5586, 373, 931, 16286, 29871, 29906, 29889, 5701, 9109, 18517, 310, 7245, 29887, 19548, 29889, 450, 16286, 515, 17399, 4799, 18117, 304, 25820, 313, 29906, 6199, 931, 29897, 3282, 29915, 451, 750, 4414, 16286, 22684, 18189, 29889, 450, 916, 16286, 515, 25820, 304, 1570, 5556, 2918, 313, 29953, 6199, 29871, 29906, 29900, 6233, 14385, 29897, 750, 1781, 4414, 523, 22684, 2472, 1788, 29889, 450, 11029, 310, 9687, 892, 9280, 471, 451, 472, 967, 1900, 29889, 1670, 892, 694, 628, 9055, 297, 278, 16791, 1652, 16286, 29153, 306, 750, 304, 7613, 515, 29175, 382, 304, 29175, 29909, 607, 471, 20810, 777, 29871, 29955, 29900, 29900, 17963, 22049, 5418, 29889, 2398, 727, 892, 777, 5626, 411, 25820, 18117, 448, 474, 467, 1763, 590, 4997, 278, 6993, 13925, 471, 4567, 322, 278, 28134, 750, 304, 4480, 363, 7736, 29871, 29906, 29900, 6233, 29889, 896, 2996, 885, 12812, 278, 1361, 29890, 19548, 322, 1925, 25214, 373, 525, 7613, 7613, 1209, 11120, 13607, 467, 278, 20629, 330, 28872, 12099, 607, 526, 6467, 28472, 3625, 373, 17399, 4799, 18117, 892, 3763, 443, 3625, 29889, 278, 28134, 19436, 1361, 289, 19548, 750, 304, 3700, 14656, 297, 364, 1878, 1546, 8638, 20905, 474, 2236, 29897, 1576, 1804, 1045, 7613, 297, 25820, 4799, 18117, 526, 451, 19239, 20627, 2868, 472, 8210, 14354, 29889, 278, 9850, 414, 6041, 505, 304, 2125, 501, 2507, 304, 748, 278, 1959, 5305, 29889]","[1, 306, 3614, 263, 16286, 515, 24553, 304, 1570, 5556, 7513, 3025, 25820, 4799, 18117, 29797, 29871, 29896, 29953, 386, 5846, 29889, 306, 1303, 599, 278, 21804, 322, 13964, 304, 1423, 278, 13331, 310, 738, 16286, 508, 12611, 29889, 1556, 310, 278, 9076, 892, 8178, 541, 278, 22663, 892, 6047, 6445, 727, 892, 451, 7282, 5556, 9055, 29889, 306, 471, 19434, 17231, 363, 29871, 29906, 2712, 29871, 29896, 5586, 373, 931, 16286, 29871, 29906, 29889, 5701, 9109, 18517, 310, 7245, 29887, 19548, 29889, 450, 16286, 515, 17399, 4799, 18117, 304, 25820, 313, 29906, 6199, 931, 29897, 3282, 29915, 451, 750, 4414, 16286, 22684, 18189, 29889, 450, 916, 16286, 515, 25820, 304, 1570, 5556, 2918, 313, 29953, 6199, 29871, 29906, 29900, 6233, 14385, 29897, 750, 1781, 4414, 523, 22684, 2472, 1788, 29889, 450, 11029, 310, 9687, 892, 9280, 471, 451, 472, 967, 1900, 29889, 1670, 892, 694, 5556, 9055, 297, 278, 16791, 1652, 16286, 11298, 306, 750, 304, 7613, 515, 29175, 382, 304, 29175, 29909, 607, 471, 20810, 777, 29871, 29955, 29900, 29900, 17963, 22049, 5418, 29889, 2398, 727, 892, 777, 5626, 411, 25820, 18117, 448, 474, 467, 1763, 590, 4997, 278, 6993, 13925, 471, 4567, 322, 278, 28134, 750, 304, 4480, 363, 7736, 29871, 29906, 29900, 6233, 29889, 896, 2996, 885, 12812, 278, 1361, 29890, 19548, 322, 1925, 25214, 373, 525, 7613, 7613, 1209, 11120, 13607, 467, 278, 20629, 330, 28872, 12099, 607, 526, 6467, 28472, 3625, 373, 17399, 4799, 18117, 892, 3763, 443, 3625, 29889, 278, 28134, 19436, 1361, 289, 19548, 750, 304, 3700, 14656, 297, 364, 1878, 1546, 8638, 20905, 474, 2236, 29897, 1576, 1804, 1045, 7613, 297, 25820, 4799, 18117, 526, 451, 19239, 20627, 2868, 472, 8210, 14354, 29889, 278, 9850, 414, 6041, 505, 304, 2125, 501, 2507, 304, 748, 278, 1959, 5305, 29889]",2188dbfb33d0f07984254a7898b7715ea5b15a45ab87fa6077973e2189c514b3,1b3a479eba28df68427cc74568a7d4a1255b55cdd7debcc570e50153a114c703,2188dbfb33d0f07984254a7898b7715ea5b15a45ab87fa6077973e2189c514b3,1b3a479eba28df68427cc74568a7d4a1255b55cdd7debcc570e50153a114c703,2188dbfb33d0f07984254a7898b7715ea5b15a45ab87fa6077973e2189c514b3,1b3a479eba28df68427cc74568a7d4a1255b55cdd7debcc570e50153a114c703,True,True,0.00933774933218956,0.008883523754775524,-0.0004542255774140358,15,2,"[144, 146, 147, 152, 153, 159]","[146, 153]",True,128,8192,False,True,0.15461313724517822,0.059918101876974106,-0.09469503536820412,0.5069299340248108,0.5097216367721558,0.0027917027473449707,0.009477186496951617,0.011845092769362964,0.0023679062724113464,0.012187965156044811,0.01665872265584767,0.004470757499802858,0.004590075867142805,0.006217047560590604,0.0016269716934477988,0.00627309934059081,0.00860716980951261,0.0023340704689217995,15488,15488,0,0,0,1,-1,harmful,2,True
26,42,17,2,13,"[1, 306, 3614, 263, 16286, 515, 24553, 304, 1570, 5556, 7513, 3025, 25820, 4799, 18117, 29797, 29871, 29896, 29953, 386, 5846, 29889, 306, 1303, 599, 278, 21804, 322, 13964, 304, 1423, 278, 13331, 310, 738, 16286, 508, 12611, 29889, 1556, 310, 278, 9076, 892, 8178, 541, 278, 22663, 892, 6047, 6445, 727, 892, 451, 7282, 5556, 9055, 29889, 306, 471, 19434, 17231, 363, 29871, 29906, 2712, 29871, 29896, 5586, 373, 931, 16286, 29871, 29906, 29889, 5701, 9109, 18517, 310, 7245, 29887, 19548, 29889, 450, 16286, 515, 17399, 4799, 18117, 304, 25820, 313, 29906, 6199, 931, 29897, 3282, 29915, 451, 750, 4414, 16286, 22684, 18189, 29889, 450, 916, 16286, 515, 25820, 304, 1570, 5556, 2918, 313, 29953, 6199, 29871, 29906, 29900, 6233, 14385, 29897, 750, 1781, 4414, 523, 22684, 2472, 1788, 29889, 450, 11029, 310, 9687, 892, 9280, 471, 451, 472, 967, 1900, 29889, 1670, 892, 694, 5556, 9055, 297, 278, 16791, 1652, 16286, 11298, 306, 750, 304, 7613, 515, 29175, 382, 304, 29175, 29909, 607, 471, 20810, 777, 29871, 29955, 29900, 29900, 17963, 22049, 5418, 29889, 2398, 727, 892, 777, 5626, 411, 25820, 18117, 448, 474, 467, 1763, 590, 4997, 278, 6993, 13925, 471, 4567, 322, 278, 28134, 750, 304, 4480, 363, 7736, 29871, 29906, 29900, 6233, 29889, 896, 2996, 885, 12812, 278, 1361, 29890, 19548, 322, 1925, 25214, 373, 525, 7613, 7613, 1209, 11120, 13607, 467, 278, 20629, 330, 28872, 12099, 607, 526, 6467, 28472, 3625, 373, 17399, 4799, 18117, 892, 3763, 443, 3625, 29889, 278, 28134, 19436, 1361, 289, 19548, 750, 304, 3700, 14656, 297, 364, 1878, 1546, 8638, 20905, 474, 2236, 29897, 1576, 1804, 1045, 7613, 297, 25820, 4799, 18117, 526, 451, 19239, 20627, 2868, 472, 8210, 14354, 29889, 278, 9850, 414, 6041, 505, 304, 2125, 501, 2507, 304, 748, 278, 1959, 5305, 29889]","[1, 306, 3614, 263, 16286, 515, 24553, 304, 1570, 5556, 7513, 3025, 25820, 4799, 18117, 29797, 29871, 29896, 29953, 386, 5846, 29889, 306, 1303, 599, 278, 21804, 322, 13964, 304, 1423, 278, 13331, 310, 738, 16286, 508, 12611, 29889, 1556, 310, 278, 9076, 892, 8178, 541, 278, 22663, 892, 6047, 6445, 727, 892, 451, 7282, 5556, 9055, 29889, 306, 471, 19434, 17231, 363, 29871, 29906, 2712, 29871, 29896, 5586, 373, 931, 16286, 29871, 29906, 29889, 5701, 9109, 18517, 310, 7245, 29887, 19548, 29889, 450, 16286, 515, 17399, 4799, 18117, 304, 25820, 313, 29906, 6199, 931, 29897, 3282, 29915, 451, 750, 4414, 16286, 22684, 18189, 29889, 450, 916, 16286, 515, 25820, 304, 1570, 5556, 2918, 313, 29953, 6199, 29871, 29906, 29900, 6233, 14385, 29897, 750, 1781, 4414, 523, 22684, 2472, 1788, 29889, 450, 11029, 310, 9687, 892, 9280, 471, 451, 472, 967, 1900, 29889, 1670, 892, 694, 5556, 9055, 297, 278, 16791, 1652, 16286, 11298, 306, 750, 304, 7613, 515, 29175, 382, 304, 29175, 29909, 607, 471, 20810, 777, 29871, 29955, 29900, 29900, 17963, 22049, 5418, 29889, 2398, 727, 892, 777, 5626, 411, 25820, 18117, 448, 474, 467, 1763, 590, 4997, 278, 6993, 13925, 471, 4567, 322, 278, 28134, 750, 304, 4480, 363, 7736, 29871, 29906, 29900, 6233, 29889, 896, 2996, 885, 12812, 278, 1361, 29890, 19548, 322, 1925, 25214, 373, 525, 7613, 12590, 1209, 11120, 13607, 467, 278, 20629, 330, 28872, 12099, 607, 526, 6467, 28472, 3625, 373, 17399, 4799, 18117, 892, 3763, 443, 3625, 29889, 278, 28134, 19436, 1361, 289, 19548, 750, 304, 3700, 14656, 297, 364, 1878, 1546, 8638, 20905, 474, 2236, 29897, 1576, 1804, 1045, 7613, 297, 25820, 4799, 18117, 526, 451, 19239, 20627, 2868, 472, 8210, 14354, 29889, 278, 9850, 414, 6041, 505, 304, 2125, 501, 2507, 304, 748, 278, 1959, 5305, 29889]",1b3a479eba28df68427cc74568a7d4a1255b55cdd7debcc570e50153a114c703,30525f5b178215cbbb2e72e4147fe4eb0bd519ec7889885d453c4addf6e5e92b,1b3a479eba28df68427cc74568a7d4a1255b55cdd7debcc570e50153a114c703,30525f5b178215cbbb2e72e4147fe4eb0bd519ec7889885d453c4addf6e5e92b,1b3a479eba28df68427cc74568a7d4a1255b55cdd7debcc570e50153a114c703,30525f5b178215cbbb2e72e4147fe4eb0bd519ec7889885d453c4addf6e5e92b,True,True,0.008883523754775524,0.008850470185279846,-3.305356949567795e-05,4,1,"[208, 222]",[222],True,128,8192,False,True,0.23516663908958435,0.2329600304365158,-0.0022066086530685425,0.5573105216026306,0.5569467544555664,-0.000363767147064209,0.001641147151531186,0.0017899101512739435,0.00014876299974275753,0.0029352518104133196,0.0032165783341042697,0.0002813265236909501,0.001641147151531186,0.0017899101512739435,0.00014876299974275753,0.0029352518104133196,0.0032165783341042697,0.0002813265236909501,8192,8192,0,0,0,0,0,neutral,1,True
26,42,17,2,15,"[1, 306, 3614, 263, 16286, 515, 24553, 304, 1570, 5556, 7513, 3025, 25820, 4799, 18117, 29797, 29871, 29896, 29953, 386, 5846, 29889, 306, 1303, 599, 278, 21804, 322, 13964, 304, 1423, 278, 13331, 310, 738, 16286, 508, 12611, 29889, 1556, 310, 278, 9076, 892, 8178, 541, 278, 22663, 892, 6047, 6445, 727, 892, 451, 7282, 5556, 9055, 29889, 306, 471, 19434, 17231, 363, 29871, 29906, 2712, 29871, 29896, 5586, 373, 931, 16286, 29871, 29906, 29889, 5701, 9109, 18517, 310, 7245, 29887, 19548, 29889, 450, 16286, 515, 17399, 4799, 18117, 304, 25820, 313, 29906, 6199, 931, 29897, 3282, 29915, 451, 750, 4414, 16286, 22684, 18189, 29889, 450, 916, 16286, 515, 25820, 304, 1570, 5556, 2918, 313, 29953, 6199, 29871, 29906, 29900, 6233, 14385, 29897, 750, 1781, 4414, 523, 22684, 2472, 1788, 29889, 450, 11029, 310, 9687, 892, 9280, 471, 451, 472, 967, 1900, 29889, 1670, 892, 694, 5556, 9055, 297, 278, 16791, 1652, 16286, 11298, 306, 750, 304, 7613, 515, 29175, 382, 304, 29175, 29909, 607, 471, 20810, 777, 29871, 29955, 29900, 29900, 17963, 22049, 5418, 29889, 2398, 727, 892, 777, 5626, 411, 25820, 18117, 448, 474, 467, 1763, 590, 4997, 278, 6993, 13925, 471, 4567, 322, 278, 28134, 750, 304, 4480, 363, 7736, 29871, 29906, 29900, 6233, 29889, 896, 2996, 885, 12812, 278, 1361, 29890, 19548, 322, 1925, 25214, 373, 525, 7613, 12590, 1209, 11120, 13607, 467, 278, 20629, 330, 28872, 12099, 607, 526, 6467, 28472, 3625, 373, 17399, 4799, 18117, 892, 3763, 443, 3625, 29889, 278, 28134, 19436, 1361, 289, 19548, 750, 304, 3700, 14656, 297, 364, 1878, 1546, 8638, 20905, 474, 2236, 29897, 1576, 1804, 1045, 7613, 297, 25820, 4799, 18117, 526, 451, 19239, 20627, 2868, 472, 8210, 14354, 29889, 278, 9850, 414, 6041, 505, 304, 2125, 501, 2507, 304, 748, 278, 1959, 5305, 29889]","[1, 306, 3614, 263, 16286, 515, 24553, 304, 1570, 5556, 7513, 3025, 25820, 4799, 18117, 29797, 29871, 29896, 29953, 386, 5846, 29889, 306, 1303, 599, 278, 21804, 322, 13964, 304, 1423, 278, 13331, 310, 738, 16286, 508, 12611, 29889, 1556, 310, 278, 9076, 892, 8178, 541, 278, 22663, 892, 6047, 6445, 727, 892, 451, 7282, 5556, 9055, 29889, 306, 471, 19434, 17231, 363, 29871, 29906, 2712, 29871, 29896, 5586, 373, 931, 16286, 29871, 29906, 29889, 5701, 9109, 18517, 310, 7245, 29887, 19548, 29889, 450, 16286, 515, 17399, 4799, 18117, 304, 25820, 313, 29906, 6199, 931, 29897, 3282, 29915, 451, 750, 4414, 16286, 22684, 18189, 29889, 450, 916, 16286, 515, 25820, 304, 1570, 5556, 2918, 313, 29953, 6199, 29871, 29906, 29900, 6233, 14385, 29897, 750, 1781, 4414, 523, 22684, 2472, 1788, 29889, 450, 11029, 310, 9687, 892, 9280, 471, 451, 472, 967, 1900, 29889, 1670, 892, 694, 5556, 9055, 297, 278, 16791, 1652, 16286, 11298, 306, 750, 304, 7613, 515, 29175, 382, 304, 29175, 29909, 607, 471, 20810, 777, 29871, 29955, 29900, 29900, 17963, 22049, 5418, 29889, 2398, 727, 892, 777, 5626, 411, 25820, 18117, 448, 474, 467, 1763, 590, 4997, 278, 6993, 13925, 471, 4567, 322, 278, 28134, 750, 304, 4480, 363, 7736, 29871, 29906, 29900, 6233, 29889, 896, 2996, 885, 12812, 278, 1361, 29890, 19548, 322, 1925, 25214, 373, 525, 7613, 12590, 1209, 11120, 13607, 467, 278, 20629, 330, 28872, 12099, 607, 526, 6467, 28472, 3625, 373, 17399, 4799, 18117, 892, 3763, 443, 3625, 29889, 450, 28134, 19436, 1361, 289, 19548, 750, 304, 3700, 14656, 297, 364, 1878, 1546, 8638, 20905, 474, 2236, 29897, 1576, 1804, 1045, 7613, 297, 25820, 4799, 18117, 526, 451, 19239, 20627, 2868, 472, 8210, 14354, 29889, 278, 9850, 414, 6041, 505, 304, 2125, 501, 2507, 304, 748, 278, 1959, 5305, 29889]",30525f5b178215cbbb2e72e4147fe4eb0bd519ec7889885d453c4addf6e5e92b,a7001a757a8b925bbdc574ca647408f370bd8b41b785a5cd972eec377fdeab2c,30525f5b178215cbbb2e72e4147fe4eb0bd519ec7889885d453c4addf6e5e92b,a7001a757a8b925bbdc574ca647408f370bd8b41b785a5cd972eec377fdeab2c,30525f5b178215cbbb2e72e4147fe4eb0bd519ec7889885d453c4addf6e5e92b,a7001a757a8b925bbdc574ca647408f370bd8b41b785a5cd972eec377fdeab2c,True,True,0.008850470185279846,0.008828251622617245,-2.221856266260147e-05,6,1,"[240, 245, 246]",[246],True,128,6400,False,True,0.23915742337703705,0.2392140030860901,5.657970905303955e-05,0.5516945719718933,0.5517478585243225,5.328655242919922e-05,0.0011783299036324025,0.0010185965988785029,-0.00015973330475389964,0.004720462234690786,0.004725891016423702,5.428781732916277e-06,0.0011783299036324025,0.0010185965988785029,-0.00015973330475389964,0.004720462234690786,0.004725891016423702,5.428781732916277e-06,6400,6400,0,0,1,0,1,positive,1,True
27,42,17,1,0,"[1, 15197, 770, 373, 1009, 319, 29941, 29900, 29900, 515, 29928, 1148, 29874, 322, 2289, 10932, 304, 679, 1283, 445, 16286, 29889, 319, 15780, 1407, 885, 11263, 8968, 4518, 2768, 322, 4312, 777, 1855, 8570, 322, 5941, 292, 12065, 922, 22091, 471, 9391, 297, 1784, 10161, 322, 304, 488, 23418, 892, 18325, 4302, 448, 383, 14206, 1258, 674, 2833, 24738, 21213, 491, 738, 310, 445, 29889, 2669, 471, 599, 975, 297, 263, 3273, 931, 322, 383, 13515, 769, 24273, 304, 6898, 15230, 29889, 451, 385, 4799, 29718, 306, 723, 6398, 373, 590, 17322, 11103, 322, 15020, 599, 896, 1827, 297, 1009, 14853, 1048, 1735, 445, 4799, 29718, 2444, 304, 367, 263, 3287, 15029, 1135, 746, 306, 1833, 9115, 11340, 963, 313, 393, 471, 297, 29871, 29896, 29929, 29929, 29896, 2466, 29991, 467]","[1, 15197, 770, 373, 1009, 319, 29941, 29900, 29900, 515, 360, 1148, 29874, 322, 2289, 10932, 304, 679, 1283, 445, 16286, 29889, 319, 15780, 1407, 885, 11263, 8968, 4518, 2768, 322, 4312, 777, 1855, 8570, 322, 5941, 292, 12065, 922, 22091, 471, 9391, 297, 1784, 10161, 322, 304, 488, 23418, 892, 18325, 4302, 448, 383, 14206, 1258, 674, 2833, 24738, 21213, 491, 738, 310, 445, 29889, 2669, 471, 599, 975, 297, 263, 3273, 931, 322, 383, 13515, 769, 24273, 304, 6898, 15230, 29889, 451, 385, 4799, 29718, 306, 723, 6398, 373, 590, 17322, 11103, 322, 15020, 599, 896, 1827, 297, 1009, 14853, 1048, 1735, 445, 4799, 29718, 2444, 304, 367, 263, 3287, 15029, 1135, 746, 306, 1833, 9115, 11340, 963, 313, 393, 471, 297, 29871, 29896, 29929, 29929, 29896, 2466, 29991, 467]",47aa4b1a8a823350b8765a77523982f1d48fd3ba6f5e01bfb4e8211f4a6db588,fda4cc8da453026ebb68c31e6cf6cb188de76fecaa594d8fccc9c9cfecaee0c6,47aa4b1a8a823350b8765a77523982f1d48fd3ba6f5e01bfb4e8211f4a6db588,fda4cc8da453026ebb68c31e6cf6cb188de76fecaa594d8fccc9c9cfecaee0c6,47aa4b1a8a823350b8765a77523982f1d48fd3ba6f5e01bfb4e8211f4a6db588,fda4cc8da453026ebb68c31e6cf6cb188de76fecaa594d8fccc9c9cfecaee0c6,True,True,0.021099932491779327,0.020539026707410812,-0.000560905784368515,10,1,"[1, 2, 5, 10]",[10],True,128,8192,False,True,0.1738322675228119,0.16916626691818237,-0.004666000604629517,0.47812366485595703,0.4802699685096741,0.002146303653717041,0.00283890340506332,0.0004349803348304704,-0.0024039230702328496,0.010229302162770182,0.008815978937491309,-0.001413323225278873,0.00283890340506332,0.0004349803348304704,-0.0024039230702328496,0.010229302162770182,0.008815978937491309,-0.001413323225278873,8192,8192,0,0,1,0,1,positive,1,True
27,42,17,1,1,"[1, 15197, 770, 373, 1009, 319, 29941, 29900, 29900, 515, 360, 1148, 29874, 322, 2289, 10932, 304, 679, 1283, 445, 16286, 29889, 319, 15780, 1407, 885, 11263, 8968, 4518, 2768, 322, 4312, 777, 1855, 8570, 322, 5941, 292, 12065, 922, 22091, 471, 9391, 297, 1784, 10161, 322, 304, 488, 23418, 892, 18325, 4302, 448, 383, 14206, 1258, 674, 2833, 24738, 21213, 491, 738, 310, 445, 29889, 2669, 471, 599, 975, 297, 263, 3273, 931, 322, 383, 13515, 769, 24273, 304, 6898, 15230, 29889, 451, 385, 4799, 29718, 306, 723, 6398, 373, 590, 17322, 11103, 322, 15020, 599, 896, 1827, 297, 1009, 14853, 1048, 1735, 445, 4799, 29718, 2444, 304, 367, 263, 3287, 15029, 1135, 746, 306, 1833, 9115, 11340, 963, 313, 393, 471, 297, 29871, 29896, 29929, 29929, 29896, 2466, 29991, 467]","[1, 15197, 770, 373, 1009, 319, 29941, 29900, 29900, 515, 360, 1148, 29874, 322, 2289, 10932, 304, 679, 1283, 445, 16286, 29889, 319, 15780, 1407, 885, 7618, 10912, 4518, 2768, 322, 4312, 777, 1855, 8570, 322, 5941, 292, 12065, 922, 22091, 471, 9391, 297, 1784, 10161, 322, 304, 488, 23418, 892, 18325, 4302, 448, 383, 14206, 1258, 674, 2833, 24738, 21213, 491, 738, 310, 445, 29889, 2669, 471, 599, 975, 297, 263, 3273, 931, 322, 383, 13515, 769, 24273, 304, 6898, 15230, 29889, 451, 385, 4799, 29718, 306, 723, 6398, 373, 590, 17322, 11103, 322, 15020, 599, 896, 1827, 297, 1009, 14853, 1048, 1735, 445, 4799, 29718, 2444, 304, 367, 263, 3287, 15029, 1135, 746, 306, 1833, 9115, 11340, 963, 313, 393, 471, 297, 29871, 29896, 29929, 29929, 29896, 2466, 29991, 467]",fda4cc8da453026ebb68c31e6cf6cb188de76fecaa594d8fccc9c9cfecaee0c6,8c2a1a6f8455d901b302bd4174d45001869713f140f07e0ad91a22212c439a75,fda4cc8da453026ebb68c31e6cf6cb188de76fecaa594d8fccc9c9cfecaee0c6,8c2a1a6f8455d901b302bd4174d45001869713f140f07e0ad91a22212c439a75,fda4cc8da453026ebb68c31e6cf6cb188de76fecaa594d8fccc9c9cfecaee0c6,8c2a1a6f8455d901b302bd4174d45001869713f140f07e0ad91a22212c439a75,True,True,0.020539026707410812,0.01819005236029625,-0.002348974347114563,13,5,"[22, 26, 27, 28]","[26, 27]",True,128,8192,False,True,0.18050000071525574,0.16263507306575775,-0.017864927649497986,0.47098374366760254,0.4712742865085602,0.0002905428409576416,0.010654156394593883,0.006432717011193745,-0.0042214393834001385,0.018392727128230035,0.015395040587463882,-0.0029976865407661535,0.005162752831105407,0.0030947424926039743,-0.002068010338501433,0.00941583197783884,0.007769606090847432,-0.0016462258869914086,16256,16256,0,0,0,0,0,neutral,2,True
27,42,17,1,2,"[1, 15197, 770, 373, 1009, 319, 29941, 29900, 29900, 515, 360, 1148, 29874, 322, 2289, 10932, 304, 679, 1283, 445, 16286, 29889, 319, 15780, 1407, 885, 7618, 10912, 4518, 2768, 322, 4312, 777, 1855, 8570, 322, 5941, 292, 12065, 922, 22091, 471, 9391, 297, 1784, 10161, 322, 304, 488, 23418, 892, 18325, 4302, 448, 383, 14206, 1258, 674, 2833, 24738, 21213, 491, 738, 310, 445, 29889, 2669, 471, 599, 975, 297, 263, 3273, 931, 322, 383, 13515, 769, 24273, 304, 6898, 15230, 29889, 451, 385, 4799, 29718, 306, 723, 6398, 373, 590, 17322, 11103, 322, 15020, 599, 896, 1827, 297, 1009, 14853, 1048, 1735, 445, 4799, 29718, 2444, 304, 367, 263, 3287, 15029, 1135, 746, 306, 1833, 9115, 11340, 963, 313, 393, 471, 297, 29871, 29896, 29929, 29929, 29896, 2466, 29991, 467]","[1, 15197, 770, 373, 1009, 319, 29941, 29900, 29900, 515, 360, 1148, 29874, 322, 2289, 10932, 304, 679, 1283, 445, 16286, 29889, 319, 15780, 1407, 885, 7618, 10912, 4518, 2768, 322, 4312, 777, 1855, 8570, 322, 5941, 292, 29889, 922, 12949, 892, 9391, 297, 1784, 10161, 322, 7495, 488, 23418, 892, 18325, 4302, 448, 383, 14206, 1258, 674, 2833, 24738, 21213, 491, 738, 310, 445, 29889, 2669, 471, 599, 975, 297, 263, 3273, 931, 322, 383, 13515, 769, 24273, 304, 6898, 15230, 29889, 451, 385, 4799, 29718, 306, 723, 6398, 373, 590, 17322, 11103, 322, 15020, 599, 896, 1827, 297, 1009, 14853, 1048, 1735, 445, 4799, 29718, 2444, 304, 367, 263, 3287, 15029, 1135, 746, 306, 1833, 9115, 11340, 963, 313, 393, 471, 297, 29871, 29896, 29929, 29929, 29896, 2466, 29991, 467]",8c2a1a6f8455d901b302bd4174d45001869713f140f07e0ad91a22212c439a75,24592963f0cb753de1f6460f3530b0f706147423005510b6cd9f687775711ad9,8c2a1a6f8455d901b302bd4174d45001869713f140f07e0ad91a22212c439a75,24592963f0cb753de1f6460f3530b0f706147423005510b6cd9f687775711ad9,8c2a1a6f8455d901b302bd4174d45001869713f140f07e0ad91a22212c439a75,24592963f0cb753de1f6460f3530b0f706147423005510b6cd9f687775711ad9,True,True,0.01819005236029625,0.01683780550956726,-0.0013522468507289886,12,2,"[38, 40, 41, 47]","[38, 40, 41, 47]",True,128,8192,False,True,0.17230315506458282,0.12104430049657822,-0.05125885456800461,0.4796021580696106,0.48115628957748413,0.0015541315078735352,0.019399137258005794,0.014592120060115121,-0.004807017197890673,0.02927777188597247,0.035819179051031824,0.006541407165059354,0.005935659934189324,0.004512190135688452,-0.0014234697985008723,0.008231755417255947,0.010525597815501912,0.0022938423982459648,30976,30976,0,0,2,1,1,positive,4,True
27,42,17,1,3,"[1, 15197, 770, 373, 1009, 319, 29941, 29900, 29900, 515, 360, 1148, 29874, 322, 2289, 10932, 304, 679, 1283, 445, 16286, 29889, 319, 15780, 1407, 885, 7618, 10912, 4518, 2768, 322, 4312, 777, 1855, 8570, 322, 5941, 292, 29889, 922, 12949, 892, 9391, 297, 1784, 10161, 322, 7495, 488, 23418, 892, 18325, 4302, 448, 383, 14206, 1258, 674, 2833, 24738, 21213, 491, 738, 310, 445, 29889, 2669, 471, 599, 975, 297, 263, 3273, 931, 322, 383, 13515, 769, 24273, 304, 6898, 15230, 29889, 451, 385, 4799, 29718, 306, 723, 6398, 373, 590, 17322, 11103, 322, 15020, 599, 896, 1827, 297, 1009, 14853, 1048, 1735, 445, 4799, 29718, 2444, 304, 367, 263, 3287, 15029, 1135, 746, 306, 1833, 9115, 11340, 963, 313, 393, 471, 297, 29871, 29896, 29929, 29929, 29896, 2466, 29991, 467]","[1, 15197, 770, 373, 1009, 319, 29941, 29900, 29900, 515, 360, 1148, 29874, 322, 2289, 10932, 304, 679, 1283, 445, 16286, 29889, 319, 15780, 1407, 885, 7618, 10912, 4518, 2768, 322, 4312, 777, 1855, 8570, 322, 5941, 292, 29889, 922, 12949, 892, 9391, 297, 1784, 10161, 322, 7495, 488, 11791, 338, 18325, 18673, 448, 301, 6362, 1258, 451, 6140, 24738, 15041, 491, 738, 310, 445, 29889, 2669, 471, 599, 975, 297, 263, 3273, 931, 322, 383, 13515, 769, 24273, 304, 6898, 15230, 29889, 451, 385, 4799, 29718, 306, 723, 6398, 373, 590, 17322, 11103, 322, 15020, 599, 896, 1827, 297, 1009, 14853, 1048, 1735, 445, 4799, 29718, 2444, 304, 367, 263, 3287, 15029, 1135, 746, 306, 1833, 9115, 11340, 963, 313, 393, 471, 297, 29871, 29896, 29929, 29929, 29896, 2466, 29991, 467]",24592963f0cb753de1f6460f3530b0f706147423005510b6cd9f687775711ad9,f2170c739b80a1ce65356c14f4c91ebc90de08cf90355b75326eff86b2abae29,24592963f0cb753de1f6460f3530b0f706147423005510b6cd9f687775711ad9,f2170c739b80a1ce65356c14f4c91ebc90de08cf90355b75326eff86b2abae29,24592963f0cb753de1f6460f3530b0f706147423005510b6cd9f687775711ad9,f2170c739b80a1ce65356c14f4c91ebc90de08cf90355b75326eff86b2abae29,True,True,0.01683780550956726,0.0159592442214489,-0.0008785612881183624,17,4,"[49, 50, 52, 54, 55, 57, 58, 60]","[49, 50, 52, 54, 55, 57, 58, 60]",True,128,8192,False,True,0.1545659601688385,0.11396023631095886,-0.04060572385787964,0.4710197448730469,0.4673783779144287,-0.003641366958618164,0.01924974341818597,0.018694365346163977,-0.0005553780720219947,0.04506606057839235,0.0469073903223034,0.0018413297439110465,0.0030510754102090402,0.003220630259608536,0.00016955484939949576,0.006639356650451798,0.006850126405943558,0.00021076975549175984,60032,60032,0,0,1,4,-3,harmful,8,True
27,42,17,1,5,"[1, 15197, 770, 373, 1009, 319, 29941, 29900, 29900, 515, 360, 1148, 29874, 322, 2289, 10932, 304, 679, 1283, 445, 16286, 29889, 319, 15780, 1407, 885, 7618, 10912, 4518, 2768, 322, 4312, 777, 1855, 8570, 322, 5941, 292, 29889, 922, 12949, 892, 9391, 297, 1784, 10161, 322, 7495, 488, 11791, 338, 18325, 18673, 448, 301, 6362, 1258, 451, 6140, 24738, 15041, 491, 738, 310, 445, 29889, 2669, 471, 599, 975, 297, 263, 3273, 931, 322, 383, 13515, 769, 24273, 304, 6898, 15230, 29889, 451, 385, 4799, 29718, 306, 723, 6398, 373, 590, 17322, 11103, 322, 15020, 599, 896, 1827, 297, 1009, 14853, 1048, 1735, 445, 4799, 29718, 2444, 304, 367, 263, 3287, 15029, 1135, 746, 306, 1833, 9115, 11340, 963, 313, 393, 471, 297, 29871, 29896, 29929, 29929, 29896, 2466, 29991, 467]","[1, 15197, 770, 373, 1009, 319, 29941, 29900, 29900, 515, 360, 1148, 29874, 322, 2289, 10932, 304, 679, 1283, 445, 16286, 29889, 319, 15780, 1407, 885, 7618, 10912, 4518, 2768, 322, 4312, 777, 1855, 8570, 322, 5941, 292, 29889, 922, 12949, 892, 9391, 297, 1784, 10161, 322, 7495, 488, 11791, 338, 18325, 18673, 448, 301, 6362, 1258, 451, 6140, 24738, 15041, 491, 738, 310, 445, 29889, 2669, 471, 599, 975, 297, 263, 3273, 931, 322, 383, 13515, 769, 24273, 304, 6898, 27144, 29889, 451, 385, 4799, 29718, 306, 723, 6398, 373, 590, 17322, 11103, 322, 15020, 599, 896, 1827, 297, 1009, 14853, 1048, 1735, 445, 4799, 29718, 2444, 304, 367, 263, 3287, 15029, 1135, 746, 306, 1833, 9115, 11340, 963, 313, 393, 471, 297, 29871, 29896, 29929, 29929, 29896, 2466, 29991, 467]",f2170c739b80a1ce65356c14f4c91ebc90de08cf90355b75326eff86b2abae29,27fc00617dacbdf255c8866ba38cc8baa2f43054f8df32248970ab923160c0d1,f2170c739b80a1ce65356c14f4c91ebc90de08cf90355b75326eff86b2abae29,27fc00617dacbdf255c8866ba38cc8baa2f43054f8df32248970ab923160c0d1,f2170c739b80a1ce65356c14f4c91ebc90de08cf90355b75326eff86b2abae29,27fc00617dacbdf255c8866ba38cc8baa2f43054f8df32248970ab923160c0d1,True,True,0.0159592442214489,0.01567058451473713,-0.0002886597067117691,3,2,"[81, 86, 93]",[81],True,128,6400,False,True,0.08704614639282227,0.08431364595890045,-0.002732500433921814,0.4675706624984741,0.4661940336227417,-0.0013766288757324219,0.0027728984877467156,0.0028595304396003486,8.663195185363301e-05,0.005790973640978336,0.005680247088894248,-0.00011072655208408787,0.0027728984877467156,0.0028595304396003486,8.663195185363301e-05,0.005790973640978336,0.005680247088894248,-0.00011072655208408787,6400,6400,0,0,0,0,0,neutral,1,True
27,42,17,1,7,"[1, 15197, 770, 373, 1009, 319, 29941, 29900, 29900, 515, 360, 1148, 29874, 322, 2289, 10932, 304, 679, 1283, 445, 16286, 29889, 319, 15780, 1407, 885, 7618, 10912, 4518, 2768, 322, 4312, 777, 1855, 8570, 322, 5941, 292, 29889, 922, 12949, 892, 9391, 297, 1784, 10161, 322, 7495, 488, 11791, 338, 18325, 18673, 448, 301, 6362, 1258, 451, 6140, 24738, 15041, 491, 738, 310, 445, 29889, 2669, 471, 599, 975, 297, 263, 3273, 931, 322, 383, 13515, 769, 24273, 304, 6898, 27144, 29889, 451, 385, 4799, 29718, 306, 723, 6398, 373, 590, 17322, 11103, 322, 15020, 599, 896, 1827, 297, 1009, 14853, 1048, 1735, 445, 4799, 29718, 2444, 304, 367, 263, 3287, 15029, 1135, 746, 306, 1833, 9115, 11340, 963, 313, 393, 471, 297, 29871, 29896, 29929, 29929, 29896, 2466, 29991, 467]","[1, 15197, 770, 373, 1009, 319, 29941, 29900, 29900, 515, 360, 1148, 29874, 322, 2289, 10932, 304, 679, 1283, 445, 16286, 29889, 319, 15780, 1407, 885, 7618, 10912, 4518, 2768, 322, 4312, 777, 1855, 8570, 322, 5941, 292, 29889, 922, 12949, 892, 9391, 297, 1784, 10161, 322, 7495, 488, 11791, 338, 18325, 18673, 448, 301, 6362, 1258, 451, 6140, 24738, 15041, 491, 738, 310, 445, 29889, 2669, 471, 599, 975, 297, 263, 3273, 931, 322, 383, 13515, 769, 24273, 304, 6898, 27144, 29889, 451, 385, 4799, 29718, 306, 723, 6398, 373, 590, 17322, 11103, 322, 15020, 599, 896, 1827, 297, 1009, 14853, 1048, 1735, 445, 4799, 29718, 2444, 304, 367, 263, 3287, 15029, 1135, 746, 306, 1833, 9115, 11340, 963, 313, 5747, 471, 297, 29871, 29896, 29929, 29929, 29896, 2466, 29991, 467]",27fc00617dacbdf255c8866ba38cc8baa2f43054f8df32248970ab923160c0d1,e96545735976e1325454c223da9e1266b130b65e319da8dc7b519a4d391f14de,27fc00617dacbdf255c8866ba38cc8baa2f43054f8df32248970ab923160c0d1,e96545735976e1325454c223da9e1266b130b65e319da8dc7b519a4d391f14de,27fc00617dacbdf255c8866ba38cc8baa2f43054f8df32248970ab923160c0d1,e96545735976e1325454c223da9e1266b130b65e319da8dc7b519a4d391f14de,True,True,0.01567058451473713,0.015423697419464588,-0.00024688709527254105,3,1,"[121, 122]",[121],True,122,1280,False,True,0.05086739733815193,0.04485991597175598,-0.00600748136639595,0.4819573760032654,0.4817465543746948,-0.00021082162857055664,0.005241881683468818,0.0017480736132711172,-0.003493808070197701,0.014263436058536172,0.010970741976052523,-0.003292694082483649,0.005241881683468818,0.0017480736132711172,-0.003493808070197701,0.014263436058536172,0.010970741976052523,-0.003292694082483649,1280,1280,0,0,1,0,1,positive,1,True
27,42,17,2,2,"[1, 15197, 770, 373, 1009, 319, 29941, 29900, 29900, 515, 360, 1148, 29874, 322, 2289, 10932, 304, 679, 1283, 445, 16286, 29889, 319, 15780, 1407, 885, 7618, 10912, 4518, 2768, 322, 4312, 777, 1855, 8570, 322, 5941, 292, 29889, 922, 12949, 892, 9391, 297, 1784, 10161, 322, 7495, 488, 11791, 338, 18325, 18673, 448, 301, 6362, 1258, 451, 6140, 24738, 15041, 491, 738, 310, 445, 29889, 2669, 471, 599, 975, 297, 263, 3273, 931, 322, 383, 13515, 769, 24273, 304, 6898, 27144, 29889, 451, 385, 4799, 29718, 306, 723, 6398, 373, 590, 17322, 11103, 322, 15020, 599, 896, 1827, 297, 1009, 14853, 1048, 1735, 445, 4799, 29718, 2444, 304, 367, 263, 3287, 15029, 1135, 746, 306, 1833, 9115, 11340, 963, 313, 5747, 471, 297, 29871, 29896, 29929, 29929, 29896, 2466, 29991, 467]","[1, 15197, 770, 373, 1009, 319, 29941, 29900, 29900, 515, 360, 1148, 29874, 322, 2289, 10932, 304, 679, 1283, 445, 16286, 29889, 319, 15780, 1407, 885, 7618, 10912, 4518, 2768, 322, 4312, 777, 1855, 8570, 322, 5941, 292, 29889, 922, 12949, 892, 9391, 297, 1784, 10161, 322, 304, 488, 11791, 338, 18325, 18673, 448, 301, 6362, 1258, 451, 6140, 24738, 15041, 491, 738, 310, 445, 29889, 2669, 471, 599, 975, 297, 263, 3273, 931, 322, 383, 13515, 769, 24273, 304, 6898, 27144, 29889, 451, 385, 4799, 29718, 306, 723, 6398, 373, 590, 17322, 11103, 322, 15020, 599, 896, 1827, 297, 1009, 14853, 1048, 1735, 445, 4799, 29718, 2444, 304, 367, 263, 3287, 15029, 1135, 746, 306, 1833, 9115, 11340, 963, 313, 5747, 471, 297, 29871, 29896, 29929, 29929, 29896, 2466, 29991, 467]",e96545735976e1325454c223da9e1266b130b65e319da8dc7b519a4d391f14de,c9e7f9d84236359dd4b12121a1a672e6561f8f2aa7676f26b295e107aaad5075,e96545735976e1325454c223da9e1266b130b65e319da8dc7b519a4d391f14de,c9e7f9d84236359dd4b12121a1a672e6561f8f2aa7676f26b295e107aaad5075,e96545735976e1325454c223da9e1266b130b65e319da8dc7b519a4d391f14de,c9e7f9d84236359dd4b12121a1a672e6561f8f2aa7676f26b295e107aaad5075,True,True,0.015423697419464588,0.014548379927873611,-0.0008753174915909767,8,2,"[38, 40, 41, 47]",[47],True,128,8192,False,True,0.13500478863716125,0.1216081753373146,-0.01339661329984665,0.4634694457054138,0.46183693408966064,-0.0016325116157531738,0.003844026789010968,0.0007054030065773986,-0.0031386237824335694,0.006912690565513913,0.004717636555142235,-0.0021950540103716776,0.003844026789010968,0.0007054030065773986,-0.0031386237824335694,0.006912690565513913,0.004717636555142235,-0.0021950540103716776,8192,8192,0,0,1,0,1,positive,1,True
27,42,17,2,3,"[1, 15197, 770, 373, 1009, 319, 29941, 29900, 29900, 515, 360, 1148, 29874, 322, 2289, 10932, 304, 679, 1283, 445, 16286, 29889, 319, 15780, 1407, 885, 7618, 10912, 4518, 2768, 322, 4312, 777, 1855, 8570, 322, 5941, 292, 29889, 922, 12949, 892, 9391, 297, 1784, 10161, 322, 304, 488, 11791, 338, 18325, 18673, 448, 301, 6362, 1258, 451, 6140, 24738, 15041, 491, 738, 310, 445, 29889, 2669, 471, 599, 975, 297, 263, 3273, 931, 322, 383, 13515, 769, 24273, 304, 6898, 27144, 29889, 451, 385, 4799, 29718, 306, 723, 6398, 373, 590, 17322, 11103, 322, 15020, 599, 896, 1827, 297, 1009, 14853, 1048, 1735, 445, 4799, 29718, 2444, 304, 367, 263, 3287, 15029, 1135, 746, 306, 1833, 9115, 11340, 963, 313, 5747, 471, 297, 29871, 29896, 29929, 29929, 29896, 2466, 29991, 467]","[1, 15197, 770, 373, 1009, 319, 29941, 29900, 29900, 515, 360, 1148, 29874, 322, 2289, 10932, 304, 679, 1283, 445, 16286, 29889, 319, 15780, 1407, 885, 7618, 10912, 4518, 2768, 322, 4312, 777, 1855, 8570, 322, 5941, 292, 29889, 922, 12949, 892, 9391, 297, 1784, 10161, 322, 304, 488, 12455, 892, 18325, 15579, 448, 383, 13925, 1258, 451, 2833, 24738, 15041, 491, 738, 310, 445, 29889, 2669, 471, 599, 975, 297, 263, 3273, 931, 322, 383, 13515, 769, 24273, 304, 6898, 27144, 29889, 451, 385, 4799, 29718, 306, 723, 6398, 373, 590, 17322, 11103, 322, 15020, 599, 896, 1827, 297, 1009, 14853, 1048, 1735, 445, 4799, 29718, 2444, 304, 367, 263, 3287, 15029, 1135, 746, 306, 1833, 9115, 11340, 963, 313, 5747, 471, 297, 29871, 29896, 29929, 29929, 29896, 2466, 29991, 467]",c9e7f9d84236359dd4b12121a1a672e6561f8f2aa7676f26b295e107aaad5075,54212eeeea87cdbfa415a5e0c8f51fe0bb55f7e3975d84b9544b09037a1fb0ea,c9e7f9d84236359dd4b12121a1a672e6561f8f2aa7676f26b295e107aaad5075,54212eeeea87cdbfa415a5e0c8f51fe0bb55f7e3975d84b9544b09037a1fb0ea,c9e7f9d84236359dd4b12121a1a672e6561f8f2aa7676f26b295e107aaad5075,54212eeeea87cdbfa415a5e0c8f51fe0bb55f7e3975d84b9544b09037a1fb0ea,True,True,0.014548379927873611,0.011053342372179031,-0.00349503755569458,15,12,"[49, 50, 52, 54, 55, 57, 58, 60]","[49, 50, 52, 54, 55, 58]",True,128,8192,False,True,0.12532176077365875,0.0685497596859932,-0.05677200108766556,0.4547753930091858,0.46818625926971436,0.013410866260528564,0.016567518046940677,0.010319214408809785,-0.006248303638130892,0.03607357607688755,0.03552400874468731,-0.0005495673322002403,0.003616877492620713,0.002526717336796638,-0.0010901601558240752,0.006807474635489699,0.006811148626729846,3.6739912401472993e-06,46080,46080,0,0,3,0,3,positive,6,True
