seed,prompt_id,position,selected_uncertain,b0v_correct,b0v_wrong
42,0,1,False,True,False
42,0,2,False,False,True
42,0,3,False,False,True
42,0,4,False,False,True
42,0,5,True,False,True
42,0,6,True,True,False
42,0,7,False,False,True
42,0,8,False,False,True
42,0,9,False,False,True
42,0,10,False,False,True
42,0,11,False,False,True
42,0,12,True,False,True
42,0,13,False,False,True
42,0,14,True,False,True
42,0,15,True,False,True
42,0,16,False,False,True
42,0,17,False,False,True
42,0,18,True,True,False
42,0,19,True,False,True
42,0,20,False,True,False
42,0,21,False,False,True
42,0,22,False,False,True
42,0,23,False,True,False
42,0,24,False,False,True
42,0,25,False,True,False
42,0,26,False,True,False
42,0,27,True,False,True
42,0,28,False,False,True
42,0,29,False,False,True
42,0,30,False,True,False
42,0,31,False,False,True
42,0,32,True,True,False
42,0,33,False,False,True
42,0,34,False,True,False
42,0,35,False,True,False
42,0,36,False,True,False
42,0,37,False,False,True
42,0,38,False,True,False
42,0,39,False,False,True
42,0,40,False,False,True
42,0,41,False,True,False
42,0,42,False,True,False
42,0,43,False,True,False
42,0,44,False,False,True
42,0,45,False,False,True
42,0,46,True,False,True
42,0,47,False,True,False
42,0,48,False,True,False
42,0,49,True,False,True
42,0,50,False,True,False
42,0,51,False,True,False
42,0,52,False,False,True
42,0,53,True,False,True
42,0,54,False,True,False
42,0,55,False,False,True
42,0,56,False,False,True
42,0,57,True,False,True
42,0,58,False,True,False
42,0,59,False,False,True
42,0,60,False,False,True
42,0,61,False,False,True
42,0,62,False,False,True
42,0,63,False,True,False
42,0,64,False,True,False
42,0,65,False,True,False
42,0,66,False,False,True
42,0,67,False,False,True
42,0,68,True,False,True
42,0,69,True,False,True
42,0,70,False,True,False
42,0,71,False,True,False
42,0,72,False,False,True
42,0,73,True,False,True
42,0,74,False,True,False
42,0,75,False,False,True
42,0,76,False,True,False
42,0,77,False,False,True
42,0,78,False,True,False
42,0,79,False,True,False
42,0,80,True,False,True
42,0,81,False,True,False
42,0,82,False,False,True
42,0,83,False,True,False
42,0,84,False,False,True
42,0,85,False,True,False
42,0,86,False,False,True
42,0,87,False,False,True
42,0,88,False,False,True
42,0,89,False,True,False
42,0,90,True,False,True
42,0,91,True,False,True
42,0,92,False,True,False
42,0,93,True,False,True
42,0,94,False,False,True
42,0,95,False,True,False
42,0,96,False,False,True
42,0,97,False,True,False
42,0,98,False,True,False
42,0,99,False,True,False
42,0,100,False,False,True
42,0,101,False,True,False
42,0,102,False,True,False
42,0,103,False,True,False
42,0,104,False,True,False
42,0,105,True,False,True
42,0,106,True,False,True
42,0,107,False,True,False
42,0,108,False,False,True
42,0,109,False,True,False
42,0,110,False,True,False
42,0,111,False,False,True
42,0,112,False,True,False
42,0,113,True,False,True
42,0,114,False,False,True
42,0,115,False,True,False
42,0,116,True,False,True
42,0,117,False,True,False
42,0,118,False,True,False
42,0,119,False,False,True
42,0,120,False,False,True
42,0,121,True,False,True
42,0,122,True,True,False
42,0,123,False,True,False
42,0,124,False,False,True
42,0,125,False,True,False
42,0,126,False,True,False
42,0,127,False,False,True
42,0,128,False,False,True
42,0,129,False,True,False
42,0,130,False,True,False
42,0,131,False,True,False
42,0,132,False,False,True
42,0,133,True,False,True
42,0,134,False,True,False
42,1,1,True,False,True
42,1,2,True,True,False
42,1,3,True,False,True
42,1,4,False,True,False
42,1,5,False,True,False
42,1,6,False,True,False
42,1,7,False,True,False
42,1,8,False,True,False
42,1,9,False,True,False
42,1,10,False,True,False
42,1,11,False,True,False
42,1,12,False,True,False
42,1,13,False,True,False
42,1,14,True,False,True
42,1,15,False,True,False
42,1,16,False,True,False
42,1,17,True,False,True
42,1,18,False,True,False
42,1,19,False,True,False
42,1,20,False,True,False
42,1,21,False,True,False
42,1,22,True,False,True
42,1,23,False,True,False
42,1,24,False,True,False
42,1,25,True,False,True
42,1,26,False,True,False
42,1,27,False,True,False
42,1,28,False,True,False
42,1,29,True,False,True
42,1,30,False,False,True
42,1,31,False,True,False
42,1,32,False,True,False
42,1,33,True,True,False
42,1,34,True,False,True
42,1,35,False,True,False
42,1,36,False,True,False
42,1,37,False,True,False
42,1,38,False,True,False
42,1,39,False,True,False
42,1,40,False,False,True
42,1,41,True,False,True
42,1,42,False,True,False
42,1,43,True,True,False
42,1,44,True,True,False
42,1,45,False,True,False
42,1,46,False,True,False
42,1,47,False,True,False
42,1,48,False,True,False
42,1,49,False,True,False
42,1,50,False,True,False
42,1,51,False,True,False
42,1,52,True,False,True
42,1,53,False,True,False
42,1,54,False,False,True
42,1,55,False,True,False
42,1,56,True,False,True
42,1,57,False,True,False
42,1,58,False,True,False
42,1,59,False,True,False
42,1,60,False,True,False
42,1,61,False,True,False
42,1,62,False,True,False
42,1,63,False,False,True
42,1,64,False,True,False
42,1,65,False,True,False
42,1,66,False,True,False
42,1,67,False,True,False
42,1,68,True,True,False
42,1,69,False,True,False
42,1,70,False,True,False
42,1,71,False,True,False
42,1,72,False,True,False
42,1,73,False,True,False
42,1,74,False,True,False
42,1,75,False,True,False
42,1,76,False,True,False
42,1,77,False,True,False
42,1,78,True,False,True
42,1,79,False,True,False
42,1,80,False,True,False
42,1,81,False,True,False
42,1,82,False,True,False
42,1,83,False,True,False
42,1,84,False,True,False
42,1,85,False,True,False
42,1,86,False,True,False
42,1,87,False,True,False
42,1,88,True,True,False
42,1,89,False,True,False
42,1,90,True,False,True
42,1,91,False,True,False
42,1,92,False,False,True
42,1,93,False,True,False
42,1,94,False,True,False
42,1,95,False,True,False
42,1,96,False,True,False
42,1,97,False,True,False
42,1,98,False,True,False
42,1,99,False,True,False
42,1,100,False,True,False
42,1,101,False,True,False
42,1,102,False,True,False
42,1,103,True,False,True
42,1,104,False,True,False
42,1,105,False,True,False
42,1,106,False,True,False
42,1,107,True,True,False
42,1,108,True,True,False
42,1,109,True,True,False
42,1,110,False,True,False
42,1,111,False,True,False
42,1,112,True,True,False
42,1,113,False,True,False
42,1,114,False,False,True
42,1,115,False,True,False
42,1,116,False,True,False
42,1,117,False,True,False
42,1,118,False,True,False
42,1,119,False,True,False
42,1,120,False,True,False
42,1,121,False,True,False
42,1,122,False,True,False
42,1,123,False,True,False
42,1,124,False,True,False
42,1,125,True,True,False
42,2,1,False,True,False
42,2,2,False,True,False
42,2,3,False,False,True
42,2,4,False,True,False
42,2,5,True,True,False
42,2,6,False,True,False
42,2,7,False,True,False
42,2,8,False,True,False
42,2,9,False,True,False
42,2,10,False,True,False
42,2,11,False,True,False
42,2,12,False,False,True
42,2,13,True,False,True
42,2,14,False,True,False
42,2,15,False,True,False
42,2,16,False,True,False
42,2,17,False,True,False
42,2,18,False,True,False
42,2,19,False,True,False
42,2,20,False,True,False
42,2,21,True,False,True
42,2,22,True,True,False
42,2,23,False,True,False
42,2,24,False,True,False
42,2,25,False,True,False
42,2,26,True,True,False
42,2,27,False,True,False
42,2,28,False,True,False
42,2,29,False,True,False
42,2,30,False,True,False
42,2,31,False,True,False
42,2,32,False,True,False
42,2,33,False,True,False
42,2,34,False,True,False
42,2,35,False,False,True
42,2,36,False,True,False
42,2,37,True,False,True
42,2,38,False,True,False
42,2,39,False,True,False
42,2,40,False,True,False
42,2,41,False,True,False
42,2,42,True,True,False
42,2,43,False,True,False
42,2,44,True,False,True
42,2,45,False,False,True
42,2,46,False,True,False
42,2,47,False,True,False
42,2,48,True,True,False
42,2,49,False,True,False
42,2,50,False,True,False
42,2,51,False,True,False
42,2,52,False,True,False
42,2,53,False,True,False
42,2,54,False,True,False
42,2,55,False,True,False
42,2,56,False,True,False
42,2,57,False,True,False
42,2,58,False,True,False
42,2,59,True,False,True
42,2,60,True,True,False
42,2,61,False,True,False
42,2,62,True,False,True
42,2,63,False,True,False
42,2,64,False,True,False
42,2,65,False,True,False
42,2,66,False,False,True
42,2,67,False,True,False
42,2,68,False,True,False
42,2,69,True,True,False
42,2,70,False,False,True
42,2,71,False,True,False
42,2,72,True,True,False
42,2,73,False,True,False
42,2,74,False,True,False
42,2,75,False,True,False
42,2,76,True,False,True
42,2,77,False,True,False
42,2,78,False,True,False
42,2,79,True,False,True
42,2,80,False,True,False
42,2,81,False,True,False
42,2,82,False,True,False
42,2,83,True,False,True
42,2,84,False,True,False
42,2,85,False,True,False
42,2,86,False,True,False
42,2,87,False,True,False
42,2,88,True,False,True
42,2,89,False,True,False
42,2,90,False,True,False
42,2,91,False,True,False
42,2,92,False,True,False
42,2,93,False,True,False
42,2,94,False,True,False
42,2,95,True,False,True
42,2,96,True,False,True
42,2,97,False,True,False
42,2,98,True,False,True
42,2,99,False,True,False
42,2,100,False,True,False
42,2,101,True,False,True
42,2,102,False,True,False
42,2,103,False,True,False
42,2,104,False,True,False
42,2,105,False,True,False
42,2,106,False,True,False
42,2,107,False,True,False
42,2,108,False,True,False
42,2,109,False,True,False
42,2,110,False,True,False
42,2,111,False,True,False
42,2,112,False,False,True
42,2,113,True,False,True
42,2,114,False,True,False
42,3,1,False,True,False
42,3,2,False,True,False
42,3,3,False,True,False
42,3,4,False,True,False
42,3,5,False,True,False
42,3,6,True,False,True
42,3,7,False,True,False
42,3,8,False,True,False
42,3,9,False,True,False
42,3,10,False,True,False
42,3,11,False,True,False
42,3,12,False,True,False
42,3,13,False,True,False
42,3,14,False,False,True
42,3,15,False,True,False
42,3,16,False,True,False
42,3,17,True,True,False
42,3,18,False,True,False
42,3,19,False,True,False
42,3,20,False,True,False
42,3,21,False,True,False
42,3,22,False,True,False
42,3,23,False,True,False
42,3,24,True,True,False
42,3,25,False,True,False
42,3,26,True,True,False
42,3,27,True,True,False
42,3,28,False,True,False
42,3,29,True,True,False
42,3,30,False,True,False
42,3,31,False,False,True
42,3,32,False,True,False
42,3,33,False,True,False
42,3,34,False,True,False
42,3,35,False,True,False
42,3,36,False,True,False
42,3,37,False,True,False
42,3,38,False,True,False
42,3,39,False,True,False
42,3,40,False,True,False
42,3,41,False,True,False
42,3,42,False,True,False
42,3,43,False,True,False
42,3,44,False,True,False
42,3,45,False,True,False
42,3,46,False,True,False
42,3,47,False,True,False
42,3,48,False,True,False
42,3,49,False,True,False
42,3,50,False,True,False
42,3,51,False,True,False
42,3,52,True,True,False
42,3,53,False,True,False
42,3,54,False,True,False
42,3,55,False,True,False
42,3,56,False,True,False
42,3,57,False,True,False
42,3,58,False,True,False
42,3,59,False,True,False
42,3,60,False,True,False
42,3,61,False,True,False
42,3,62,False,True,False
42,3,63,False,True,False
42,3,64,False,False,True
42,3,65,True,False,True
42,3,66,False,True,False
42,3,67,False,True,False
42,3,68,True,False,True
42,3,69,False,True,False
42,3,70,False,False,True
42,3,71,False,True,False
42,3,72,True,True,False
42,3,73,False,True,False
42,3,74,False,True,False
42,3,75,False,True,False
42,3,76,False,True,False
42,3,77,True,True,False
42,3,78,False,True,False
42,3,79,False,True,False
42,3,80,False,True,False
42,3,81,False,True,False
42,3,82,True,True,False
42,3,83,True,False,True
42,3,84,False,True,False
42,3,85,True,True,False
42,3,86,False,True,False
42,3,87,False,True,False
42,3,88,False,True,False
42,3,89,True,True,False
42,3,90,False,True,False
42,3,91,False,True,False
42,3,92,False,True,False
42,3,93,True,True,False
42,3,94,False,True,False
42,3,95,True,False,True
42,3,96,False,True,False
42,3,97,False,True,False
42,3,98,True,False,True
42,3,99,True,True,False
42,3,100,False,True,False
42,3,101,False,True,False
42,3,102,False,True,False
42,3,103,True,False,True
42,3,104,True,True,False
42,3,105,False,True,False
42,3,106,False,True,False
42,3,107,False,True,False
42,3,108,False,True,False
42,3,109,False,True,False
42,3,110,False,True,False
42,3,111,False,True,False
42,3,112,False,True,False
42,3,113,False,True,False
42,3,114,False,True,False
42,3,115,False,True,False
42,3,116,True,True,False
42,3,117,False,True,False
42,3,118,False,True,False
42,3,119,True,True,False
42,3,120,True,True,False
42,3,121,True,False,True
42,3,122,False,True,False
42,3,123,False,True,False
42,4,1,False,True,False
42,4,2,True,True,False
42,4,3,True,True,False
42,4,4,True,False,True
42,4,5,True,False,True
42,4,6,True,False,True
42,4,7,True,False,True
42,4,8,True,False,True
42,4,9,True,False,True
42,4,10,False,True,False
42,4,11,False,True,False
42,4,12,False,False,True
42,4,13,False,True,False
42,4,14,False,True,False
42,4,15,False,True,False
42,4,16,True,False,True
42,4,17,False,False,True
42,4,18,True,False,True
42,4,19,False,True,False
42,4,20,True,True,False
42,4,21,False,True,False
42,4,22,False,False,True
42,4,23,False,True,False
42,4,24,True,True,False
42,4,25,False,True,False
42,4,26,False,True,False
42,4,27,False,True,False
42,4,28,False,True,False
42,4,29,False,True,False
42,4,30,False,True,False
42,4,31,False,True,False
42,4,32,False,True,False
42,4,33,False,True,False
42,4,34,False,True,False
42,4,35,False,True,False
42,4,36,False,True,False
42,4,37,False,True,False
42,4,38,False,True,False
42,4,39,False,False,True
42,4,40,False,True,False
42,4,41,True,True,False
42,4,42,False,True,False
42,4,43,False,True,False
42,4,44,False,True,False
42,4,45,False,True,False
42,4,46,False,True,False
42,4,47,False,True,False
42,4,48,False,True,False
42,4,49,False,True,False
42,4,50,False,True,False
42,4,51,False,True,False
42,4,52,False,True,False
42,4,53,False,True,False
42,4,54,False,True,False
42,4,55,False,True,False
42,4,56,False,True,False
42,4,57,False,True,False
42,4,58,False,True,False
42,4,59,True,False,True
42,4,60,False,True,False
42,4,61,False,True,False
42,4,62,False,True,False
42,4,63,False,True,False
42,4,64,False,False,True
42,4,65,False,True,False
42,4,66,False,True,False
42,4,67,False,False,True
42,4,68,False,True,False
42,4,69,False,True,False
42,4,70,True,True,False
42,4,71,False,True,False
42,4,72,False,True,False
42,4,73,False,True,False
42,4,74,False,True,False
42,4,75,False,True,False
42,4,76,True,True,False
42,4,77,False,True,False
42,4,78,False,True,False
42,4,79,True,True,False
42,4,80,False,True,False
42,4,81,False,True,False
42,4,82,False,False,True
42,4,83,False,True,False
42,4,84,False,True,False
42,4,85,True,False,True
42,4,86,False,True,False
42,5,1,False,True,False
42,5,2,False,True,False
42,5,3,False,True,False
42,5,4,False,True,False
42,5,5,False,True,False
42,5,6,False,True,False
42,5,7,True,False,True
42,5,8,False,True,False
42,5,9,False,True,False
42,5,10,False,True,False
42,5,11,True,False,True
42,5,12,False,True,False
42,5,13,False,True,False
42,5,14,False,True,False
42,5,15,False,True,False
42,5,16,False,True,False
42,5,17,False,True,False
42,5,18,False,True,False
42,5,19,False,True,False
42,5,20,False,True,False
42,5,21,False,True,False
42,5,22,True,False,True
42,5,23,False,True,False
42,5,24,False,True,False
42,5,25,True,False,True
42,5,26,False,True,False
42,5,27,True,True,False
42,5,28,False,True,False
42,5,29,True,True,False
42,5,30,False,True,False
42,5,31,True,False,True
42,5,32,False,True,False
42,6,1,True,True,False
42,6,2,True,True,False
42,6,3,False,True,False
42,6,4,False,True,False
42,6,5,False,True,False
42,6,6,True,True,False
42,6,7,False,True,False
42,6,8,False,True,False
42,6,9,False,True,False
42,6,10,True,True,False
42,6,11,False,True,False
42,6,12,False,True,False
42,6,13,False,True,False
42,6,14,False,True,False
42,6,15,False,True,False
42,6,16,True,True,False
42,6,17,False,True,False
42,6,18,True,False,True
42,6,19,False,True,False
42,6,20,False,True,False
42,6,21,False,True,False
42,6,22,False,True,False
42,6,23,False,True,False
42,6,24,True,True,False
42,6,25,False,True,False
42,6,26,True,True,False
42,6,27,False,True,False
42,6,28,False,True,False
42,6,29,False,True,False
42,6,30,False,True,False
42,6,31,False,True,False
42,6,32,True,True,False
42,6,33,True,False,True
42,6,34,True,True,False
42,6,35,False,True,False
42,6,36,False,True,False
42,6,37,True,False,True
42,6,38,False,True,False
42,6,39,False,True,False
42,6,40,False,True,False
42,6,41,False,True,False
42,6,42,False,True,False
42,6,43,False,True,False
42,6,44,False,True,False
42,6,45,False,True,False
42,6,46,False,True,False
42,6,47,False,True,False
42,6,48,False,True,False
42,6,49,False,True,False
42,6,50,False,True,False
42,6,51,False,True,False
42,6,52,False,True,False
42,6,53,False,True,False
42,6,54,False,True,False
42,6,55,False,True,False
42,6,56,True,True,False
42,6,57,False,True,False
42,6,58,False,True,False
42,6,59,False,True,False
42,6,60,False,True,False
42,6,61,False,True,False
42,6,62,False,True,False
42,6,63,False,True,False
42,6,64,False,True,False
42,6,65,False,True,False
42,6,66,False,True,False
42,6,67,True,False,True
42,6,68,False,True,False
42,6,69,False,True,False
42,6,70,False,True,False
42,7,1,False,True,False
42,7,2,True,True,False
42,7,3,False,True,False
42,7,4,True,False,True
42,7,5,False,True,False
42,7,6,False,True,False
42,7,7,True,True,False
42,7,8,False,True,False
42,7,9,False,True,False
42,7,10,False,True,False
42,7,11,False,True,False
42,7,12,False,True,False
42,7,13,False,True,False
42,7,14,False,True,False
42,7,15,True,False,True
42,7,16,True,False,True
42,7,17,False,True,False
42,7,18,True,False,True
42,7,19,False,True,False
42,7,20,False,True,False
42,7,21,False,True,False
42,7,22,False,True,False
42,7,23,False,False,True
42,7,24,False,True,False
42,7,25,False,True,False
42,7,26,False,False,True
42,7,27,False,True,False
42,7,28,False,True,False
42,7,29,True,False,True
42,7,30,False,True,False
42,7,31,False,True,False
42,7,32,False,True,False
42,7,33,False,True,False
42,7,34,False,True,False
42,7,35,False,True,False
42,7,36,False,True,False
42,7,37,False,True,False
42,7,38,False,True,False
42,7,39,False,True,False
42,7,40,False,True,False
42,7,41,False,True,False
42,7,42,True,True,False
42,7,43,False,True,False
42,7,44,True,False,True
42,7,45,False,True,False
42,7,46,False,True,False
42,7,47,True,False,True
42,7,48,False,True,False
42,7,49,False,True,False
42,7,50,False,True,False
42,7,51,False,True,False
42,7,52,False,False,True
42,7,53,False,True,False
42,7,54,False,True,False
42,7,55,False,True,False
42,7,56,False,True,False
42,7,57,False,True,False
42,7,58,False,True,False
42,7,59,False,True,False
42,7,60,False,True,False
42,7,61,False,True,False
42,7,62,False,True,False
42,7,63,False,True,False
42,7,64,False,True,False
42,7,65,False,True,False
42,7,66,True,True,False
42,7,67,False,True,False
42,7,68,False,True,False
42,7,69,False,True,False
42,7,70,False,True,False
42,7,71,False,True,False
42,7,72,False,True,False
42,7,73,False,True,False
42,7,74,True,False,True
42,7,75,True,False,True
42,7,76,True,False,True
42,7,77,True,False,True
42,7,78,False,True,False
42,7,79,False,True,False
42,7,80,False,True,False
42,7,81,False,True,False
42,7,82,False,True,False
42,7,83,True,False,True
42,7,84,True,False,True
42,7,85,True,False,True
42,7,86,False,True,False
42,7,87,True,True,False
42,7,88,True,True,False
42,7,89,False,True,False
42,7,90,False,True,False
42,7,91,False,True,False
42,7,92,False,True,False
42,7,93,False,True,False
42,7,94,False,True,False
42,7,95,False,True,False
42,7,96,False,True,False
42,7,97,False,True,False
42,7,98,False,True,False
42,7,99,False,True,False
42,7,100,False,True,False
42,7,101,False,True,False
42,7,102,False,False,True
42,7,103,False,True,False
42,7,104,False,True,False
42,7,105,False,True,False
42,7,106,False,True,False
42,7,107,True,True,False
42,7,108,False,True,False
42,7,109,False,True,False
42,7,110,False,True,False
42,7,111,False,True,False
42,7,112,False,True,False
42,7,113,False,True,False
42,7,114,False,True,False
42,7,115,False,True,False
42,7,116,True,True,False
42,7,117,True,True,False
42,7,118,True,True,False
42,7,119,False,False,True
42,7,120,False,True,False
42,7,121,False,True,False
42,7,122,False,True,False
42,7,123,True,False,True
42,7,124,False,False,True
42,7,125,True,False,True
42,7,126,False,True,False
42,7,127,False,True,False
42,7,128,False,True,False
42,7,129,False,True,False
42,7,130,False,True,False
42,7,131,True,True,False
42,7,132,True,False,True
42,7,133,False,True,False
42,7,134,False,True,False
42,7,135,True,False,True
42,7,136,True,True,False
42,7,137,False,True,False
42,7,138,False,True,False
42,7,139,True,False,True
42,7,140,False,True,False
42,7,141,False,True,False
42,7,142,False,True,False
42,7,143,False,True,False
42,7,144,False,True,False
42,7,145,False,True,False
42,7,146,False,True,False
42,7,147,False,True,False
42,7,148,False,True,False
42,7,149,True,False,True
42,7,150,False,True,False
42,7,151,True,False,True
42,7,152,False,True,False
42,7,153,False,True,False
42,7,154,False,True,False
42,7,155,False,True,False
42,7,156,False,True,False
42,7,157,True,True,False
42,7,158,False,False,True
42,7,159,False,True,False
42,7,160,False,True,False
42,7,161,False,True,False
42,7,162,False,True,False
42,7,163,False,True,False
42,7,164,False,True,False
42,7,165,False,True,False
42,7,166,False,True,False
42,7,167,False,True,False
42,7,168,False,True,False
42,7,169,True,False,True
42,7,170,False,True,False
42,7,171,False,True,False
42,7,172,False,True,False
42,8,1,False,True,False
42,8,2,True,False,True
42,8,3,False,True,False
42,8,4,True,False,True
42,8,5,False,False,True
42,8,6,False,False,True
42,8,7,False,True,False
42,8,8,True,False,True
42,8,9,False,True,False
42,8,10,False,True,False
42,8,11,True,False,True
42,8,12,False,True,False
42,8,13,False,True,False
42,8,14,True,False,True
42,8,15,False,False,True
42,8,16,False,True,False
42,8,17,False,False,True
42,8,18,False,True,False
42,8,19,False,True,False
42,8,20,False,True,False
42,8,21,True,False,True
42,8,22,False,True,False
42,8,23,False,True,False
42,8,24,False,True,False
42,8,25,False,True,False
42,8,26,False,False,True
42,8,27,False,True,False
42,8,28,True,False,True
42,8,29,False,True,False
42,8,30,False,True,False
42,8,31,False,True,False
42,8,32,False,True,False
42,8,33,False,True,False
42,8,34,True,False,True
42,8,35,True,True,False
42,8,36,False,True,False
42,8,37,False,True,False
42,8,38,True,False,True
42,8,39,False,True,False
42,8,40,True,True,False
42,8,41,False,True,False
42,8,42,False,False,True
42,8,43,False,True,False
42,8,44,True,False,True
42,8,45,True,True,False
42,8,46,False,True,False
42,8,47,False,True,False
42,8,48,False,True,False
42,8,49,False,True,False
42,8,50,True,False,True
42,8,51,False,True,False
42,8,52,False,True,False
42,8,53,False,True,False
42,8,54,False,True,False
42,8,55,False,True,False
42,8,56,False,True,False
42,8,57,False,True,False
42,8,58,True,True,False
42,8,59,False,False,True
42,8,60,True,False,True
42,8,61,False,True,False
42,8,62,False,False,True
42,8,63,False,True,False
42,8,64,False,True,False
42,8,65,False,True,False
42,8,66,False,True,False
42,8,67,False,True,False
42,8,68,True,False,True
42,8,69,True,False,True
42,8,70,False,True,False
42,8,71,False,True,False
42,8,72,True,False,True
42,8,73,False,True,False
42,8,74,False,True,False
42,8,75,True,False,True
42,8,76,True,False,True
42,8,77,False,True,False
42,8,78,False,True,False
42,8,79,False,True,False
42,8,80,True,True,False
42,8,81,False,False,True
42,8,82,False,True,False
42,8,83,False,True,False
42,8,84,True,True,False
42,8,85,False,True,False
42,8,86,False,True,False
42,8,87,True,True,False
42,8,88,True,False,True
42,8,89,False,True,False
42,8,90,False,True,False
42,8,91,False,True,False
42,8,92,False,True,False
42,8,93,True,False,True
42,8,94,False,True,False
42,8,95,False,True,False
42,8,96,True,True,False
42,8,97,False,True,False
42,8,98,False,True,False
42,8,99,False,True,False
42,8,100,False,True,False
42,8,101,False,True,False
42,8,102,False,True,False
42,8,103,False,True,False
42,8,104,False,True,False
42,8,105,False,True,False
42,8,106,False,True,False
42,8,107,False,True,False
42,8,108,False,True,False
42,8,109,False,True,False
42,8,110,False,True,False
42,8,111,False,True,False
42,8,112,False,False,True
42,8,113,True,False,True
42,8,114,False,False,True
42,8,115,True,False,True
42,8,116,False,True,False
42,8,117,False,True,False
42,8,118,True,False,True
42,8,119,False,True,False
42,8,120,False,True,False
42,8,121,True,False,True
42,8,122,False,True,False
42,8,123,False,False,True
42,8,124,True,True,False
42,8,125,False,True,False
42,8,126,False,True,False
42,8,127,False,False,True
42,8,128,False,True,False
42,8,129,False,True,False
42,8,130,False,True,False
42,8,131,False,True,False
42,8,132,False,True,False
42,8,133,False,True,False
42,8,134,False,True,False
42,8,135,True,False,True
42,8,136,False,True,False
42,8,137,True,True,False
42,8,138,False,True,False
42,8,139,False,False,True
42,8,140,False,True,False
42,8,141,False,True,False
42,8,142,False,True,False
42,8,143,False,True,False
42,8,144,False,True,False
42,8,145,False,True,False
42,8,146,False,True,False
42,8,147,False,True,False
42,8,148,False,True,False
42,8,149,True,False,True
42,8,150,False,True,False
42,8,151,False,True,False
42,8,152,False,True,False
42,8,153,False,True,False
42,8,154,False,True,False
42,8,155,False,True,False
42,8,156,False,True,False
42,8,157,False,True,False
42,8,158,False,False,True
42,8,159,False,True,False
42,8,160,False,True,False
42,8,161,False,True,False
42,8,162,False,True,False
42,8,163,False,True,False
42,8,164,False,True,False
42,8,165,False,True,False
42,8,166,False,True,False
42,8,167,True,True,False
42,8,168,False,False,True
42,8,169,True,False,True
42,8,170,False,True,False
42,8,171,False,True,False
42,8,172,False,True,False
42,8,173,True,True,False
42,8,174,False,True,False
42,8,175,False,True,False
42,8,176,False,False,True
42,8,177,False,True,False
42,8,178,False,True,False
42,8,179,False,True,False
42,8,180,False,True,False
42,8,181,False,True,False
42,8,182,False,True,False
42,8,183,False,True,False
42,8,184,False,True,False
42,8,185,False,True,False
42,8,186,False,True,False
42,9,1,False,True,False
42,9,2,True,False,True
42,9,3,False,True,False
42,9,4,True,False,True
42,9,5,False,True,False
42,9,6,True,True,False
42,9,7,False,True,False
42,9,8,False,True,False
42,9,9,False,True,False
42,9,10,False,True,False
42,9,11,True,False,True
42,9,12,False,True,False
42,9,13,True,True,False
42,9,14,False,True,False
42,9,15,False,True,False
42,9,16,True,False,True
42,9,17,False,True,False
42,9,18,True,True,False
42,9,19,False,True,False
42,9,20,False,True,False
42,9,21,True,False,True
42,9,22,False,True,False
42,9,23,False,True,False
42,9,24,False,True,False
42,9,25,False,True,False
42,9,26,False,True,False
42,9,27,True,False,True
42,9,28,False,True,False
42,9,29,False,True,False
42,9,30,True,True,False
42,9,31,False,True,False
42,9,32,False,True,False
42,9,33,True,True,False
42,9,34,False,True,False
42,9,35,False,True,False
42,9,36,False,True,False
42,9,37,False,False,True
42,9,38,False,True,False
42,9,39,False,False,True
42,9,40,False,True,False
42,9,41,False,True,False
42,9,42,False,True,False
42,9,43,False,True,False
42,9,44,False,True,False
42,9,45,False,True,False
42,9,46,False,False,True
42,9,47,False,True,False
42,9,48,False,True,False
42,9,49,False,True,False
42,9,50,False,True,False
42,9,51,False,True,False
42,9,52,False,True,False
42,9,53,True,False,True
42,9,54,False,True,False
42,9,55,False,True,False
42,9,56,False,True,False
42,9,57,False,True,False
42,9,58,False,True,False
42,9,59,False,True,False
42,9,60,True,True,False
42,9,61,True,False,True
42,9,62,True,False,True
42,9,63,False,True,False
42,9,64,False,True,False
42,9,65,False,True,False
42,9,66,False,True,False
42,9,67,False,True,False
42,9,68,False,True,False
42,9,69,False,True,False
42,9,70,True,True,False
42,9,71,False,True,False
42,9,72,False,True,False
42,9,73,False,True,False
42,9,74,False,True,False
42,9,75,False,False,True
42,9,76,False,False,True
42,9,77,True,True,False
42,9,78,False,True,False
42,9,79,False,True,False
42,9,80,False,True,False
42,9,81,False,True,False
42,9,82,False,True,False
42,10,1,False,True,False
42,10,2,False,True,False
42,10,3,True,False,True
42,10,4,False,True,False
42,10,5,False,True,False
42,10,6,False,True,False
42,10,7,False,True,False
42,10,8,False,True,False
42,10,9,False,True,False
42,10,10,False,True,False
42,10,11,True,True,False
42,10,12,False,True,False
42,10,13,True,False,True
42,10,14,False,True,False
42,10,15,True,False,True
42,10,16,False,True,False
42,10,17,False,True,False
42,10,18,False,True,False
42,10,19,False,True,False
42,10,20,False,True,False
42,10,21,True,False,True
42,10,22,False,True,False
42,10,23,False,True,False
42,10,24,False,True,False
42,10,25,True,True,False
42,10,26,True,False,True
42,10,27,False,True,False
42,10,28,False,True,False
42,10,29,False,True,False
42,10,30,True,True,False
42,10,31,False,True,False
42,10,32,True,True,False
42,10,33,False,True,False
42,10,34,False,True,False
42,10,35,False,True,False
42,10,36,False,True,False
42,10,37,False,True,False
42,10,38,False,True,False
42,10,39,False,False,True
42,10,40,False,True,False
42,10,41,False,True,False
42,10,42,False,True,False
42,10,43,False,True,False
42,10,44,False,True,False
42,10,45,False,True,False
42,10,46,False,True,False
42,10,47,False,True,False
42,10,48,False,False,True
42,10,49,False,True,False
42,10,50,False,True,False
42,10,51,False,True,False
42,10,52,False,True,False
42,10,53,False,True,False
42,10,54,False,True,False
42,10,55,False,True,False
42,10,56,True,False,True
42,10,57,False,True,False
42,10,58,False,True,False
42,10,59,True,True,False
42,10,60,True,True,False
42,10,61,False,True,False
42,10,62,False,True,False
42,10,63,False,True,False
42,10,64,False,True,False
42,10,65,False,True,False
42,10,66,False,True,False
42,10,67,False,True,False
42,10,68,False,True,False
42,10,69,False,True,False
42,10,70,False,True,False
42,10,71,True,False,True
42,10,72,False,True,False
42,10,73,False,False,True
42,10,74,False,True,False
42,10,75,True,True,False
42,10,76,True,True,False
42,10,77,True,False,True
42,10,78,False,True,False
42,10,79,True,True,False
42,10,80,False,True,False
42,10,81,False,True,False
42,10,82,False,True,False
42,10,83,False,True,False
42,10,84,False,True,False
42,10,85,False,True,False
42,10,86,True,True,False
42,10,87,False,True,False
42,10,88,False,True,False
42,10,89,False,True,False
42,10,90,True,False,True
42,10,91,False,True,False
42,10,92,False,True,False
42,10,93,False,False,True
42,10,94,False,True,False
42,10,95,False,True,False
42,10,96,True,True,False
42,10,97,False,True,False
42,10,98,False,True,False
42,10,99,False,True,False
42,10,100,False,True,False
42,11,1,True,False,True
42,11,2,False,False,True
42,11,3,False,True,False
42,11,4,True,True,False
42,11,5,True,False,True
42,11,6,False,True,False
42,11,7,False,True,False
42,11,8,False,True,False
42,11,9,False,True,False
42,11,10,False,True,False
42,11,11,True,True,False
42,11,12,True,False,True
42,11,13,False,True,False
42,11,14,False,True,False
42,11,15,False,True,False
42,11,16,False,True,False
42,11,17,True,False,True
42,11,18,False,True,False
42,11,19,False,True,False
42,11,20,False,True,False
42,11,21,False,True,False
42,11,22,False,True,False
42,11,23,False,True,False
42,11,24,False,True,False
42,11,25,True,True,False
42,11,26,True,False,True
42,11,27,False,True,False
42,11,28,False,True,False
42,11,29,False,True,False
42,11,30,False,True,False
42,11,31,True,True,False
42,11,32,False,True,False
42,11,33,True,True,False
42,11,34,True,False,True
42,11,35,False,True,False
42,11,36,False,True,False
42,11,37,False,True,False
42,11,38,False,True,False
42,11,39,True,False,True
42,11,40,False,True,False
42,11,41,False,True,False
42,11,42,False,True,False
42,11,43,True,False,True
42,11,44,False,True,False
42,11,45,False,True,False
42,11,46,False,True,False
42,11,47,False,True,False
42,11,48,True,True,False
42,11,49,False,True,False
42,11,50,False,False,True
42,11,51,False,True,False
42,11,52,True,False,True
42,11,53,False,True,False
42,11,54,False,False,True
42,11,55,False,True,False
42,11,56,True,True,False
42,11,57,False,True,False
42,11,58,True,False,True
42,11,59,False,True,False
42,11,60,False,True,False
42,11,61,False,True,False
42,11,62,False,True,False
42,11,63,True,False,True
42,11,64,False,True,False
42,11,65,False,True,False
42,11,66,False,True,False
42,11,67,False,True,False
42,11,68,False,True,False
42,11,69,False,True,False
42,11,70,True,False,True
42,11,71,False,True,False
42,11,72,True,True,False
42,11,73,False,True,False
42,11,74,True,True,False
42,11,75,False,True,False
42,11,76,False,True,False
42,11,77,False,True,False
42,11,78,False,True,False
42,11,79,False,False,True
42,11,80,True,False,True
42,11,81,False,True,False
42,11,82,False,True,False
42,11,83,False,True,False
42,11,84,False,True,False
42,11,85,False,True,False
42,11,86,False,True,False
42,11,87,False,True,False
42,11,88,False,True,False
42,11,89,True,True,False
42,11,90,False,True,False
42,11,91,False,True,False
42,11,92,False,True,False
42,11,93,False,True,False
42,11,94,False,True,False
42,11,95,False,True,False
42,11,96,False,True,False
42,11,97,True,False,True
42,11,98,False,True,False
42,11,99,True,True,False
42,11,100,True,False,True
42,11,101,False,True,False
42,11,102,True,False,True
42,11,103,False,True,False
42,11,104,False,True,False
42,11,105,False,True,False
42,11,106,False,True,False
42,11,107,False,True,False
42,11,108,False,True,False
42,11,109,False,True,False
42,11,110,True,False,True
42,11,111,False,True,False
42,11,112,False,True,False
42,11,113,False,True,False
42,11,114,False,True,False
42,11,115,False,True,False
42,11,116,False,True,False
42,11,117,False,True,False
42,11,118,True,False,True
42,11,119,True,False,True
42,11,120,False,True,False
42,11,121,False,True,False
42,11,122,False,True,False
42,11,123,False,True,False
42,11,124,False,True,False
42,11,125,False,True,False
42,11,126,False,True,False
42,11,127,True,False,True
42,11,128,False,False,True
42,11,129,False,True,False
42,11,130,False,True,False
42,11,131,False,True,False
42,11,132,False,True,False
42,11,133,False,True,False
42,11,134,False,True,False
42,11,135,False,True,False
42,11,136,False,True,False
42,11,137,False,True,False
42,11,138,False,True,False
42,11,139,False,True,False
42,11,140,False,True,False
42,11,141,False,True,False
42,11,142,False,True,False
42,11,143,True,False,True
42,11,144,False,True,False
42,11,145,False,True,False
42,11,146,False,True,False
42,11,147,False,True,False
42,11,148,True,False,True
42,11,149,False,True,False
42,11,150,False,True,False
42,11,151,False,True,False
42,11,152,False,True,False
42,11,153,False,True,False
42,11,154,False,True,False
42,11,155,False,True,False
42,11,156,False,True,False
42,11,157,False,True,False
42,11,158,False,True,False
42,11,159,False,True,False
42,11,160,True,True,False
42,11,161,False,True,False
42,11,162,False,True,False
42,11,163,True,False,True
42,11,164,True,False,True
42,11,165,False,True,False
42,11,166,False,True,False
42,11,167,False,True,False
42,11,168,False,True,False
42,11,169,False,True,False
42,11,170,True,False,True
42,11,171,False,True,False
42,11,172,False,True,False
42,11,173,False,True,False
42,11,174,False,True,False
42,11,175,True,True,False
42,11,176,False,True,False
42,11,177,False,True,False
42,11,178,False,True,False
42,11,179,True,False,True
42,11,180,False,True,False
42,11,181,False,True,False
42,11,182,False,True,False
42,11,183,False,True,False
42,11,184,False,True,False
42,11,185,False,False,True
42,11,186,False,True,False
42,11,187,False,True,False
42,11,188,False,True,False
42,11,189,False,True,False
42,11,190,True,False,True
42,11,191,False,True,False
42,11,192,False,True,False
42,11,193,False,True,False
42,11,194,False,True,False
42,11,195,False,True,False
42,11,196,False,True,False
42,11,197,False,True,False
42,11,198,False,True,False
42,11,199,False,True,False
42,11,200,False,True,False
42,11,201,False,False,True
42,11,202,False,True,False
42,11,203,False,False,True
42,11,204,False,True,False
42,11,205,False,True,False
42,11,206,True,True,False
42,11,207,True,True,False
42,11,208,False,True,False
42,11,209,False,True,False
42,11,210,False,True,False
42,11,211,False,True,False
42,11,212,False,True,False
42,11,213,False,True,False
42,11,214,False,True,False
42,11,215,False,True,False
42,11,216,True,True,False
42,11,217,False,True,False
42,11,218,False,True,False
42,11,219,False,True,False
42,11,220,False,True,False
42,11,221,False,True,False
42,11,222,False,True,False
42,11,223,True,True,False
42,11,224,False,True,False
42,11,225,False,True,False
42,11,226,False,True,False
42,11,227,True,False,True
42,11,228,False,True,False
42,11,229,True,False,True
42,11,230,False,True,False
42,12,1,True,True,False
42,12,2,True,False,True
42,12,3,False,True,False
42,12,4,True,True,False
42,12,5,False,True,False
42,12,6,True,False,True
42,12,7,False,True,False
42,12,8,True,True,False
42,12,9,True,True,False
42,12,10,True,True,False
42,12,11,True,False,True
42,12,12,True,False,True
42,12,13,False,True,False
42,12,14,False,True,False
42,12,15,False,False,True
42,12,16,False,True,False
42,12,17,False,True,False
42,12,18,False,True,False
42,12,19,False,True,False
42,12,20,False,True,False
42,12,21,False,True,False
42,12,22,False,True,False
42,12,23,True,True,False
42,12,24,True,False,True
42,12,25,False,True,False
42,12,26,False,True,False
42,12,27,False,True,False
42,12,28,False,True,False
42,12,29,False,True,False
42,12,30,True,False,True
42,12,31,False,True,False
42,12,32,True,False,True
42,12,33,False,True,False
42,12,34,False,True,False
42,12,35,False,True,False
42,12,36,False,True,False
42,12,37,False,True,False
42,12,38,False,True,False
42,12,39,True,True,False
42,12,40,False,True,False
42,12,41,False,True,False
42,12,42,True,True,False
42,12,43,False,True,False
42,12,44,False,True,False
42,12,45,True,True,False
42,12,46,True,True,False
42,12,47,False,True,False
42,12,48,False,True,False
42,12,49,False,True,False
42,12,50,False,True,False
42,12,51,False,True,False
42,12,52,True,True,False
42,12,53,False,True,False
42,12,54,False,True,False
42,12,55,False,True,False
42,12,56,False,True,False
42,12,57,False,True,False
42,12,58,False,True,False
42,12,59,False,True,False
42,12,60,True,False,True
42,12,61,False,True,False
42,12,62,True,False,True
42,12,63,False,True,False
42,12,64,False,False,True
42,12,65,False,True,False
42,12,66,False,True,False
42,12,67,False,True,False
42,12,68,False,True,False
42,12,69,False,True,False
42,12,70,False,True,False
42,12,71,False,True,False
42,12,72,False,True,False
42,12,73,False,True,False
42,12,74,False,True,False
42,12,75,False,True,False
42,12,76,True,True,False
42,12,77,False,True,False
42,12,78,False,True,False
42,12,79,False,False,True
42,12,80,False,True,False
42,12,81,False,True,False
42,12,82,False,True,False
42,12,83,False,True,False
42,12,84,False,True,False
42,12,85,False,True,False
42,12,86,False,True,False
42,12,87,False,True,False
42,12,88,False,True,False
42,12,89,True,True,False
42,12,90,False,True,False
42,12,91,False,True,False
42,12,92,False,True,False
42,12,93,False,True,False
42,12,94,False,True,False
42,12,95,False,True,False
42,12,96,False,True,False
42,12,97,False,True,False
42,12,98,False,True,False
42,12,99,True,False,True
42,12,100,False,True,False
42,12,101,False,True,False
42,12,102,False,True,False
42,12,103,False,True,False
42,12,104,True,True,False
42,12,105,False,True,False
42,12,106,False,True,False
42,12,107,True,True,False
42,12,108,False,True,False
42,12,109,True,False,True
42,12,110,False,True,False
42,12,111,False,True,False
42,12,112,False,True,False
42,12,113,False,True,False
42,12,114,False,True,False
42,12,115,False,True,False
42,12,116,False,True,False
42,12,117,False,True,False
42,12,118,False,True,False
42,12,119,False,True,False
42,12,120,False,True,False
42,12,121,False,True,False
42,12,122,False,True,False
42,12,123,False,True,False
42,12,124,True,True,False
42,12,125,False,True,False
42,12,126,False,True,False
42,12,127,True,False,True
42,12,128,False,True,False
42,12,129,False,True,False
42,12,130,False,True,False
42,12,131,False,True,False
42,12,132,False,True,False
42,12,133,False,True,False
42,12,134,False,True,False
42,12,135,False,True,False
42,12,136,False,True,False
42,13,1,False,True,False
42,13,2,True,True,False
42,13,3,False,True,False
42,13,4,True,False,True
42,13,5,False,True,False
42,13,6,False,True,False
42,13,7,True,False,True
42,13,8,False,True,False
42,13,9,False,True,False
42,13,10,True,False,True
42,13,11,False,True,False
42,13,12,False,True,False
42,13,13,False,True,False
42,13,14,True,False,True
42,13,15,False,True,False
42,13,16,False,True,False
42,13,17,True,True,False
42,13,18,False,True,False
42,13,19,False,True,False
42,13,20,False,True,False
42,13,21,False,True,False
42,13,22,False,True,False
42,13,23,False,True,False
42,13,24,False,True,False
42,13,25,False,True,False
42,13,26,True,False,True
42,13,27,False,True,False
42,13,28,False,True,False
42,13,29,False,True,False
42,13,30,False,True,False
42,13,31,True,False,True
42,13,32,True,True,False
42,13,33,False,True,False
42,13,34,False,True,False
42,13,35,False,True,False
42,13,36,True,True,False
42,13,37,False,True,False
42,13,38,False,True,False
42,13,39,False,True,False
42,13,40,False,True,False
42,13,41,False,False,True
42,13,42,False,True,False
42,13,43,False,True,False
42,13,44,False,True,False
42,13,45,True,False,True
42,13,46,False,True,False
42,13,47,False,False,True
42,13,48,False,True,False
42,13,49,True,True,False
42,13,50,False,True,False
42,13,51,True,False,True
42,13,52,False,True,False
42,13,53,False,True,False
42,13,54,False,True,False
42,13,55,False,True,False
42,13,56,False,True,False
42,13,57,True,False,True
42,13,58,False,True,False
42,13,59,True,True,False
42,13,60,True,True,False
42,13,61,False,True,False
42,13,62,True,True,False
42,13,63,False,True,False
42,13,64,False,True,False
42,13,65,False,True,False
42,13,66,False,True,False
42,13,67,False,True,False
42,13,68,False,True,False
42,13,69,False,True,False
42,13,70,False,False,True
42,13,71,False,False,True
42,13,72,False,True,False
42,13,73,False,True,False
42,13,74,False,True,False
42,13,75,False,True,False
42,13,76,False,True,False
42,13,77,False,True,False
42,13,78,True,True,False
42,13,79,False,True,False
42,13,80,False,True,False
42,13,81,False,True,False
42,13,82,False,True,False
42,13,83,True,False,True
42,13,84,False,True,False
42,13,85,False,True,False
42,13,86,False,True,False
42,13,87,False,True,False
42,13,88,False,True,False
42,13,89,False,True,False
42,13,90,False,True,False
42,13,91,False,True,False
42,13,92,False,False,True
42,13,93,True,False,True
42,13,94,True,True,False
42,13,95,False,True,False
42,13,96,False,True,False
42,13,97,False,True,False
42,13,98,False,True,False
42,13,99,False,True,False
42,13,100,False,True,False
42,13,101,True,False,True
42,13,102,False,True,False
42,13,103,False,True,False
42,13,104,False,True,False
42,13,105,False,True,False
42,13,106,False,True,False
42,13,107,False,True,False
42,13,108,False,True,False
42,13,109,False,False,True
42,13,110,False,True,False
42,14,1,True,False,True
42,14,2,False,False,True
42,14,3,False,True,False
42,14,4,False,True,False
42,14,5,False,True,False
42,14,6,False,True,False
42,14,7,False,True,False
42,14,8,True,True,False
42,14,9,False,True,False
42,14,10,False,True,False
42,14,11,False,True,False
42,14,12,True,False,True
42,14,13,False,True,False
42,14,14,True,True,False
42,14,15,False,True,False
42,14,16,False,True,False
42,14,17,False,True,False
42,14,18,False,True,False
42,14,19,False,True,False
42,14,20,False,True,False
42,14,21,True,True,False
42,14,22,True,False,True
42,14,23,True,False,True
42,14,24,False,True,False
42,14,25,False,True,False
42,14,26,True,True,False
42,14,27,False,True,False
42,14,28,False,True,False
42,14,29,False,True,False
42,14,30,False,True,False
42,14,31,True,True,False
42,14,32,False,True,False
42,14,33,False,True,False
42,14,34,True,True,False
42,14,35,False,True,False
42,14,36,False,True,False
42,14,37,True,False,True
42,14,38,False,True,False
42,14,39,False,True,False
42,14,40,False,True,False
42,14,41,True,False,True
42,14,42,True,True,False
42,14,43,False,True,False
42,14,44,False,True,False
42,14,45,False,True,False
42,14,46,False,True,False
42,14,47,False,True,False
42,14,48,False,True,False
42,14,49,False,True,False
42,14,50,False,True,False
42,14,51,False,True,False
42,14,52,False,True,False
42,14,53,False,True,False
42,14,54,False,False,True
42,14,55,False,True,False
42,14,56,False,True,False
42,14,57,False,True,False
42,14,58,False,True,False
42,14,59,False,True,False
42,14,60,True,False,True
42,14,61,False,True,False
42,14,62,False,True,False
42,14,63,False,True,False
42,14,64,False,True,False
42,14,65,False,True,False
42,14,66,False,True,False
42,14,67,True,False,True
42,14,68,False,True,False
42,14,69,False,True,False
42,14,70,False,True,False
42,14,71,False,True,False
42,14,72,False,True,False
42,14,73,False,True,False
42,14,74,False,True,False
42,14,75,False,True,False
42,14,76,True,False,True
42,14,77,False,True,False
42,15,1,False,True,False
42,15,2,True,True,False
42,15,3,True,False,True
42,15,4,False,True,False
42,15,5,False,True,False
42,15,6,False,True,False
42,15,7,True,False,True
42,15,8,True,False,True
42,15,9,False,True,False
42,15,10,False,True,False
42,15,11,False,True,False
42,15,12,True,True,False
42,15,13,False,False,True
42,15,14,False,True,False
42,15,15,True,True,False
42,15,16,False,True,False
42,15,17,False,True,False
42,15,18,False,True,False
42,15,19,False,True,False
42,15,20,False,True,False
42,15,21,False,True,False
42,15,22,True,False,True
42,15,23,True,False,True
42,15,24,False,True,False
42,15,25,False,True,False
42,15,26,False,True,False
42,15,27,True,True,False
42,15,28,False,True,False
42,15,29,True,True,False
42,15,30,True,True,False
42,15,31,False,True,False
42,15,32,False,True,False
42,15,33,False,False,True
42,15,34,False,False,True
42,15,35,False,True,False
42,15,36,False,True,False
42,15,37,False,False,True
42,15,38,False,True,False
42,15,39,False,True,False
42,15,40,False,True,False
42,15,41,False,True,False
42,15,42,False,True,False
42,15,43,True,False,True
42,15,44,False,True,False
42,15,45,False,True,False
42,15,46,True,True,False
42,15,47,False,True,False
42,15,48,False,True,False
42,15,49,True,True,False
42,15,50,True,False,True
42,15,51,False,True,False
42,15,52,False,True,False
42,15,53,False,True,False
42,15,54,True,False,True
42,15,55,False,True,False
42,15,56,False,True,False
42,15,57,False,True,False
42,15,58,False,True,False
42,15,59,False,True,False
42,15,60,False,True,False
42,15,61,False,True,False
42,15,62,False,True,False
42,15,63,False,True,False
42,15,64,False,True,False
42,15,65,False,True,False
42,15,66,False,True,False
42,15,67,False,True,False
42,15,68,False,True,False
42,15,69,True,False,True
42,15,70,False,True,False
42,15,71,False,False,True
42,15,72,False,True,False
42,15,73,False,True,False
42,15,74,False,True,False
42,15,75,False,True,False
42,15,76,False,True,False
42,15,77,False,True,False
42,15,78,False,True,False
42,15,79,False,True,False
42,15,80,False,True,False
42,15,81,False,True,False
42,15,82,True,False,True
42,15,83,False,True,False
42,15,84,False,True,False
42,15,85,True,True,False
42,15,86,False,True,False
42,15,87,False,True,False
42,15,88,False,True,False
42,15,89,False,True,False
42,15,90,False,True,False
42,15,91,False,True,False
42,15,92,False,True,False
42,15,93,True,True,False
42,15,94,False,True,False
42,15,95,False,True,False
42,15,96,True,True,False
42,15,97,True,False,True
42,15,98,True,True,False
42,15,99,False,True,False
42,15,100,False,True,False
42,15,101,False,True,False
42,15,102,True,False,True
42,15,103,False,True,False
42,15,104,True,False,True
42,15,105,False,True,False
42,15,106,False,True,False
42,15,107,False,True,False
42,15,108,False,True,False
42,15,109,False,True,False
42,15,110,False,True,False
42,15,111,True,True,False
42,15,112,False,True,False
42,15,113,False,True,False
42,15,114,False,True,False
42,15,115,False,True,False
42,15,116,False,True,False
42,15,117,False,True,False
42,15,118,True,True,False
42,15,119,False,True,False
42,15,120,False,True,False
42,15,121,False,True,False
42,15,122,False,True,False
42,15,123,False,True,False
42,15,124,False,True,False
42,15,125,True,False,True
42,15,126,False,True,False
42,15,127,False,True,False
42,15,128,True,False,True
42,15,129,True,False,True
42,15,130,False,True,False
42,15,131,True,False,True
42,15,132,False,True,False
42,15,133,True,False,True
42,15,134,False,True,False
42,15,135,False,True,False
42,15,136,False,True,False
42,15,137,False,False,True
42,15,138,False,True,False
42,15,139,False,True,False
42,15,140,False,True,False
42,15,141,True,True,False
42,15,142,False,True,False
42,15,143,False,True,False
42,15,144,False,True,False
42,15,145,False,True,False
42,15,146,True,False,True
42,15,147,False,True,False
42,15,148,False,True,False
42,15,149,False,True,False
42,15,150,False,True,False
42,15,151,False,True,False
42,15,152,False,True,False
42,15,153,True,True,False
42,15,154,False,True,False
42,15,155,True,True,False
42,15,156,False,True,False
42,15,157,False,True,False
42,15,158,False,True,False
42,15,159,False,True,False
42,15,160,True,False,True
42,15,161,False,True,False
42,15,162,False,True,False
42,15,163,False,True,False
42,15,164,False,True,False
42,15,165,False,True,False
42,15,166,True,False,True
42,15,167,False,False,True
42,15,168,False,True,False
42,15,169,False,True,False
42,15,170,True,False,True
42,15,171,False,True,False
42,15,172,True,False,True
42,15,173,False,True,False
42,15,174,True,True,False
42,15,175,False,True,False
42,15,176,False,True,False
42,15,177,False,True,False
42,15,178,False,True,False
42,15,179,True,False,True
42,15,180,False,True,False
42,15,181,False,True,False
42,15,182,False,True,False
42,15,183,False,True,False
42,15,184,False,True,False
42,15,185,True,False,True
42,15,186,False,True,False
42,15,187,False,True,False
42,15,188,False,True,False
42,15,189,False,True,False
42,15,190,False,True,False
42,15,191,False,True,False
42,15,192,False,True,False
42,15,193,True,True,False
42,15,194,True,False,True
42,15,195,False,True,False
42,15,196,False,True,False
42,15,197,True,True,False
42,15,198,False,True,False
42,15,199,False,True,False
42,15,200,False,True,False
42,15,201,False,True,False
42,15,202,False,True,False
42,15,203,True,False,True
42,15,204,False,True,False
42,15,205,False,True,False
42,15,206,False,True,False
42,15,207,False,True,False
42,15,208,False,True,False
42,15,209,False,True,False
42,15,210,False,True,False
42,15,211,False,True,False
42,15,212,False,True,False
42,15,213,False,True,False
42,15,214,False,True,False
42,15,215,False,True,False
42,15,216,False,True,False
42,15,217,True,False,True
42,15,218,False,True,False
42,15,219,False,True,False
42,15,220,False,True,False
42,15,221,False,True,False
42,15,222,True,True,False
42,15,223,False,True,False
42,15,224,False,True,False
42,15,225,False,True,False
42,15,226,False,True,False
42,15,227,False,True,False
42,15,228,False,True,False
42,15,229,False,True,False
42,15,230,False,True,False
42,15,231,False,True,False
42,15,232,False,True,False
42,15,233,False,True,False
42,15,234,False,True,False
42,15,235,False,True,False
42,15,236,False,True,False
42,15,237,False,True,False
42,15,238,False,True,False
42,15,239,False,True,False
42,15,240,False,True,False
42,15,241,True,False,True
42,15,242,False,True,False
42,15,243,True,False,True
42,15,244,False,True,False
42,15,245,False,True,False
42,15,246,False,True,False
42,15,247,False,True,False
42,15,248,False,True,False
42,15,249,True,False,True
42,15,250,False,True,False
42,15,251,True,False,True
42,15,252,True,True,False
42,15,253,False,True,False
42,15,254,False,True,False
42,15,255,False,True,False
42,15,256,False,True,False
42,15,257,False,True,False
42,15,258,False,True,False
42,15,259,False,True,False
42,15,260,False,True,False
42,15,261,False,True,False
42,15,262,False,True,False
42,15,263,False,True,False
42,15,264,False,True,False
42,15,265,False,True,False
42,15,266,False,True,False
42,15,267,False,True,False
42,16,1,False,True,False
42,16,2,False,True,False
42,16,3,False,False,True
42,16,4,False,True,False
42,16,5,False,True,False
42,16,6,False,True,False
42,16,7,True,True,False
42,16,8,True,True,False
42,16,9,False,True,False
42,16,10,False,True,False
42,16,11,True,True,False
42,16,12,False,True,False
42,16,13,True,False,True
42,16,14,True,False,True
42,16,15,False,True,False
42,16,16,False,True,False
42,16,17,False,True,False
42,16,18,False,True,False
42,16,19,True,False,True
42,16,20,False,True,False
42,16,21,False,True,False
42,16,22,True,False,True
42,16,23,False,True,False
42,16,24,False,True,False
42,16,25,False,True,False
42,16,26,False,True,False
42,16,27,False,True,False
42,16,28,False,False,True
42,16,29,False,True,False
42,16,30,False,True,False
42,16,31,False,True,False
42,16,32,False,True,False
42,16,33,True,False,True
42,16,34,False,True,False
42,16,35,False,True,False
42,16,36,True,False,True
42,16,37,True,False,True
42,16,38,False,True,False
42,16,39,False,True,False
42,16,40,True,False,True
42,16,41,False,True,False
42,16,42,False,True,False
42,16,43,False,True,False
42,16,44,False,True,False
42,16,45,False,True,False
42,16,46,False,True,False
42,16,47,False,True,False
42,16,48,False,True,False
42,16,49,False,True,False
42,16,50,False,True,False
42,16,51,False,True,False
42,16,52,False,True,False
42,16,53,False,False,True
42,16,54,False,True,False
42,16,55,True,True,False
42,16,56,True,True,False
42,16,57,False,True,False
42,16,58,False,True,False
42,16,59,True,False,True
42,16,60,False,True,False
42,16,61,False,True,False
42,16,62,True,True,False
42,16,63,True,False,True
42,16,64,True,False,True
42,16,65,False,True,False
42,16,66,True,False,True
42,16,67,False,True,False
42,16,68,False,True,False
42,16,69,False,True,False
42,16,70,False,True,False
42,16,71,True,False,True
42,16,72,False,True,False
42,16,73,False,True,False
42,16,74,False,True,False
42,16,75,True,False,True
42,16,76,False,True,False
42,16,77,False,True,False
42,16,78,False,True,False
42,16,79,False,True,False
42,16,80,False,True,False
42,16,81,True,True,False
42,16,82,False,True,False
42,16,83,False,True,False
42,16,84,False,True,False
42,16,85,False,True,False
42,16,86,False,False,True
42,16,87,False,True,False
42,16,88,False,True,False
42,16,89,True,True,False
42,16,90,True,True,False
42,16,91,False,True,False
42,16,92,False,True,False
42,16,93,False,True,False
42,16,94,False,False,True
42,16,95,False,True,False
42,16,96,False,True,False
42,16,97,False,True,False
42,16,98,False,True,False
42,16,99,False,True,False
42,16,100,False,True,False
42,16,101,False,False,True
42,16,102,False,True,False
42,16,103,False,True,False
42,16,104,False,True,False
42,16,105,False,True,False
42,16,106,True,False,True
42,16,107,False,True,False
42,16,108,False,False,True
42,16,109,False,True,False
42,16,110,False,True,False
42,16,111,False,False,True
42,16,112,False,True,False
42,16,113,True,True,False
42,16,114,False,True,False
42,16,115,False,True,False
42,16,116,False,True,False
42,16,117,True,False,True
42,16,118,False,True,False
42,16,119,False,True,False
42,16,120,False,True,False
42,16,121,False,True,False
42,16,122,False,True,False
42,16,123,False,True,False
42,16,124,False,True,False
42,16,125,False,True,False
42,16,126,True,True,False
42,16,127,False,True,False
42,16,128,False,True,False
42,16,129,True,False,True
42,16,130,False,True,False
42,16,131,False,False,True
42,16,132,True,True,False
42,16,133,False,True,False
42,16,134,False,True,False
42,16,135,False,True,False
42,16,136,False,True,False
42,16,137,False,True,False
42,16,138,False,True,False
42,16,139,False,True,False
42,16,140,False,True,False
42,16,141,False,True,False
42,16,142,False,True,False
42,17,1,False,True,False
42,17,2,True,True,False
42,17,3,False,False,True
42,17,4,False,True,False
42,17,5,True,False,True
42,17,6,False,True,False
42,17,7,True,False,True
42,17,8,True,False,True
42,17,9,False,True,False
42,17,10,True,False,True
42,17,11,True,False,True
42,17,12,False,True,False
42,17,13,True,True,False
42,17,14,False,True,False
42,17,15,True,True,False
42,17,16,True,True,False
42,17,17,False,True,False
42,17,18,False,True,False
42,17,19,True,False,True
42,17,20,False,True,False
42,17,21,True,True,False
42,17,22,True,False,True
42,17,23,False,True,False
42,17,24,False,True,False
42,17,25,False,True,False
42,17,26,False,True,False
42,17,27,False,True,False
42,17,28,True,False,True
42,17,29,False,True,False
42,17,30,False,False,True
42,17,31,False,True,False
42,17,32,False,True,False
42,17,33,False,True,False
42,17,34,False,True,False
42,17,35,False,True,False
42,17,36,False,True,False
42,17,37,False,True,False
42,17,38,False,True,False
42,17,39,True,True,False
42,17,40,False,True,False
42,17,41,False,True,False
42,17,42,True,False,True
42,17,43,False,True,False
42,17,44,False,True,False
42,17,45,False,True,False
42,17,46,False,True,False
42,17,47,False,False,True
42,17,48,False,True,False
42,17,49,False,True,False
42,17,50,False,True,False
42,17,51,False,True,False
42,17,52,False,True,False
42,17,53,False,True,False
42,17,54,False,True,False
42,17,55,True,False,True
42,17,56,False,True,False
42,17,57,True,False,True
42,17,58,False,True,False
42,17,59,False,True,False
42,17,60,True,True,False
42,17,61,False,True,False
42,17,62,False,True,False
42,17,63,False,True,False
42,17,64,False,True,False
42,17,65,False,True,False
42,17,66,True,True,False
42,17,67,True,True,False
42,17,68,False,True,False
42,17,69,False,True,False
42,17,70,False,True,False
42,17,71,False,True,False
42,17,72,False,True,False
42,17,73,False,True,False
42,17,74,False,True,False
42,17,75,False,True,False
42,17,76,False,True,False
42,17,77,False,True,False
42,17,78,True,True,False
42,17,79,False,True,False
42,17,80,False,True,False
42,17,81,False,True,False
42,17,82,True,True,False
42,17,83,False,True,False
42,17,84,False,False,True
42,17,85,False,True,False
42,17,86,False,True,False
42,17,87,False,True,False
42,17,88,False,True,False
42,17,89,True,True,False
42,17,90,False,True,False
42,17,91,False,True,False
42,17,92,False,True,False
42,17,93,False,False,True
42,17,94,False,True,False
42,17,95,False,True,False
42,17,96,False,False,True
42,17,97,False,True,False
42,17,98,False,True,False
42,17,99,False,True,False
42,17,100,False,True,False
42,17,101,True,False,True
42,17,102,False,True,False
42,17,103,False,True,False
42,17,104,False,True,False
42,17,105,False,True,False
42,17,106,True,True,False
42,17,107,False,True,False
42,17,108,False,True,False
42,17,109,False,True,False
42,17,110,False,False,True
42,17,111,False,True,False
42,17,112,False,True,False
42,17,113,True,False,True
42,17,114,False,True,False
42,17,115,False,False,True
42,17,116,False,True,False
42,17,117,False,True,False
42,17,118,True,False,True
42,17,119,False,True,False
42,17,120,False,True,False
42,17,121,False,True,False
42,17,122,False,True,False
42,17,123,False,True,False
42,17,124,True,False,True
42,17,125,False,True,False
42,17,126,True,False,True
42,17,127,False,True,False
42,17,128,False,True,False
42,17,129,True,False,True
42,17,130,False,True,False
42,17,131,False,True,False
42,17,132,False,True,False
42,17,133,False,True,False
42,17,134,False,True,False
42,17,135,False,False,True
42,17,136,False,True,False
42,17,137,False,True,False
42,17,138,False,True,False
42,17,139,False,True,False
42,17,140,False,True,False
42,17,141,False,True,False
42,17,142,False,True,False
42,17,143,False,True,False
42,17,144,True,True,False
42,17,145,False,True,False
42,17,146,True,False,True
42,17,147,False,True,False
42,17,148,False,True,False
42,17,149,False,True,False
42,17,150,False,True,False
42,17,151,False,True,False
42,17,152,False,False,True
42,17,153,False,True,False
42,17,154,False,True,False
42,17,155,False,True,False
42,17,156,False,True,False
42,17,157,True,False,True
42,17,158,False,True,False
42,17,159,False,False,True
42,17,160,False,True,False
42,17,161,False,True,False
42,17,162,False,True,False
42,17,163,False,True,False
42,17,164,False,False,True
42,17,165,False,True,False
42,17,166,False,True,False
42,17,167,False,True,False
42,17,168,False,True,False
42,17,169,False,True,False
42,17,170,False,True,False
42,17,171,False,True,False
42,17,172,True,True,False
42,17,173,False,True,False
42,17,174,False,True,False
42,17,175,True,False,True
42,17,176,True,False,True
42,17,177,False,True,False
42,17,178,False,True,False
42,17,179,False,True,False
42,17,180,True,False,True
42,17,181,True,True,False
42,17,182,False,False,True
42,17,183,False,True,False
42,17,184,False,True,False
42,17,185,True,False,True
42,17,186,False,True,False
42,17,187,False,True,False
42,17,188,False,True,False
42,17,189,True,False,True
42,17,190,False,True,False
42,17,191,False,True,False
42,17,192,False,True,False
42,17,193,True,False,True
42,17,194,False,True,False
42,17,195,False,True,False
42,17,196,False,True,False
42,17,197,False,True,False
42,17,198,False,False,True
42,17,199,False,True,False
42,17,200,False,False,True
42,17,201,False,True,False
42,17,202,False,True,False
42,17,203,False,True,False
42,17,204,False,True,False
42,17,205,False,True,False
42,17,206,True,True,False
42,17,207,True,True,False
42,17,208,False,True,False
42,17,209,False,False,True
42,17,210,False,True,False
42,17,211,False,True,False
42,17,212,False,True,False
42,17,213,True,False,True
42,17,214,False,True,False
42,17,215,False,True,False
42,17,216,False,True,False
42,17,217,False,True,False
42,17,218,False,True,False
42,17,219,False,True,False
42,17,220,False,True,False
42,17,221,True,False,True
42,17,222,True,True,False
42,17,223,False,True,False
42,17,224,False,False,True
42,17,225,False,True,False
42,17,226,False,True,False
42,17,227,False,True,False
42,17,228,False,True,False
42,17,229,False,True,False
42,17,230,True,False,True
42,17,231,False,True,False
42,17,232,False,True,False
42,17,233,True,False,True
42,17,234,False,True,False
42,17,235,False,True,False
42,17,236,False,True,False
42,17,237,True,False,True
42,17,238,False,True,False
42,17,239,False,True,False
42,17,240,True,True,False
42,17,241,False,True,False
42,17,242,False,True,False
42,17,243,False,False,True
42,17,244,False,True,False
42,17,245,False,True,False
42,17,246,False,True,False
42,17,247,False,True,False
42,17,248,True,False,True
42,17,249,False,True,False
42,17,250,False,True,False
42,17,251,False,True,False
42,17,252,False,True,False
42,17,253,False,True,False
42,17,254,False,True,False
42,17,255,True,False,True
42,17,256,True,True,False
42,17,257,False,True,False
42,17,258,False,True,False
42,17,259,False,True,False
42,17,260,False,False,True
42,17,261,False,True,False
42,17,262,False,True,False
42,17,263,False,True,False
42,17,264,True,False,True
42,17,265,False,True,False
42,17,266,False,True,False
42,17,267,False,True,False
42,17,268,False,True,False
42,17,269,False,True,False
42,17,270,False,True,False
42,17,271,False,True,False
42,17,272,True,False,True
42,17,273,True,False,True
42,17,274,False,True,False
42,17,275,False,False,True
42,17,276,False,True,False
42,17,277,False,True,False
42,17,278,False,True,False
42,17,279,False,False,True
42,17,280,False,True,False
42,17,281,False,False,True
42,17,282,False,True,False
42,17,283,False,False,True
42,17,284,True,True,False
42,17,285,False,True,False
42,17,286,True,False,True
42,17,287,False,False,True
42,17,288,False,True,False
42,17,289,False,True,False
42,17,290,False,True,False
42,17,291,False,True,False
42,17,292,False,True,False
42,17,293,False,True,False
42,17,294,True,False,True
42,17,295,False,True,False
42,17,296,False,True,False
42,17,297,False,True,False
42,17,298,False,True,False
42,17,299,False,True,False
42,17,300,True,False,True
42,17,301,False,True,False
42,17,302,True,True,False
42,17,303,False,True,False
42,17,304,False,False,True
42,17,305,False,True,False
42,17,306,False,True,False
42,17,307,False,True,False
42,17,308,False,True,False
42,17,309,False,True,False
42,17,310,False,True,False
42,17,311,True,True,False
42,17,312,False,True,False
42,17,313,False,False,True
42,17,314,False,True,False
42,17,315,True,False,True
42,17,316,False,True,False
42,17,317,True,False,True
42,17,318,False,True,False
42,17,319,True,False,True
42,17,320,False,True,False
42,17,321,False,False,True
42,17,322,False,True,False
42,17,323,False,True,False
42,17,324,True,False,True
42,17,325,False,True,False
42,17,326,True,False,True
42,17,327,False,True,False
42,17,328,False,True,False
42,17,329,False,False,True
42,17,330,False,True,False
42,17,331,False,True,False
42,17,332,False,True,False
42,17,333,False,True,False
42,17,334,False,True,False
42,17,335,True,True,False
42,17,336,False,False,True
42,17,337,False,True,False
42,17,338,True,False,True
42,17,339,False,True,False
42,17,340,False,True,False
42,17,341,True,True,False
42,17,342,False,True,False
42,17,343,False,True,False
42,17,344,False,True,False
42,17,345,False,True,False
42,17,346,False,True,False
42,17,347,False,True,False
42,17,348,False,True,False
42,17,349,False,True,False
42,17,350,False,True,False
42,17,351,False,True,False
42,17,352,False,True,False
42,17,353,False,True,False
42,17,354,False,True,False
42,17,355,False,True,False
42,17,356,False,True,False
42,17,357,False,True,False
42,17,358,True,False,True
42,17,359,False,True,False
42,17,360,False,True,False
42,17,361,False,True,False
42,17,362,False,True,False
42,17,363,False,True,False
42,17,364,False,True,False
42,17,365,False,True,False
42,17,366,False,True,False
42,17,367,False,False,True
42,17,368,False,True,False
42,17,369,True,False,True
42,17,370,True,True,False
42,17,371,False,False,True
42,17,372,True,False,True
42,17,373,False,True,False
42,17,374,True,False,True
42,17,375,False,True,False
42,17,376,False,True,False
42,17,377,False,True,False
42,17,378,False,True,False
42,17,379,False,True,False
42,17,380,False,True,False
42,17,381,False,False,True
42,17,382,False,True,False
42,17,383,True,True,False
42,17,384,True,False,True
42,17,385,False,True,False
42,17,386,True,False,True
42,17,387,False,True,False
42,17,388,False,True,False
42,17,389,False,True,False
42,17,390,False,True,False
42,17,391,False,True,False
42,17,392,False,True,False
42,17,393,False,True,False
42,17,394,False,True,False
42,17,395,False,True,False
42,17,396,True,False,True
42,17,397,False,True,False
42,17,398,False,True,False
42,17,399,False,True,False
42,17,400,True,False,True
42,17,401,False,False,True
42,17,402,False,True,False
42,17,403,False,True,False
42,17,404,False,True,False
42,17,405,True,True,False
42,17,406,False,True,False
42,17,407,False,True,False
42,17,408,False,True,False
42,17,409,False,True,False
42,17,410,False,True,False
42,17,411,False,True,False
42,17,412,False,True,False
42,17,413,False,True,False
42,17,414,False,True,False
42,17,415,False,True,False
42,17,416,False,True,False
42,17,417,False,True,False
42,17,418,True,False,True
42,17,419,False,True,False
42,17,420,True,False,True
42,17,421,False,True,False
42,17,422,True,False,True
42,17,423,False,True,False
42,17,424,False,True,False
42,17,425,False,True,False
42,17,426,False,True,False
42,17,427,False,True,False
42,17,428,False,True,False
42,17,429,False,True,False
42,17,430,False,True,False
42,17,431,True,True,False
42,17,432,False,True,False
42,17,433,False,False,True
42,17,434,False,True,False
42,17,435,False,True,False
42,17,436,False,True,False
42,17,437,True,True,False
42,17,438,True,False,True
42,17,439,True,False,True
42,17,440,False,True,False
42,17,441,True,True,False
42,17,442,False,True,False
42,17,443,False,True,False
42,17,444,False,True,False
42,17,445,False,True,False
42,17,446,False,False,True
42,17,447,False,True,False
42,17,448,False,True,False
42,17,449,False,True,False
42,17,450,False,False,True
42,17,451,True,False,True
42,17,452,False,True,False
42,17,453,False,True,False
42,17,454,False,True,False
42,17,455,False,True,False
42,17,456,False,True,False
42,17,457,False,True,False
42,17,458,False,True,False
42,17,459,False,True,False
42,17,460,True,False,True
42,17,461,False,True,False
42,17,462,False,True,False
42,17,463,False,True,False
42,17,464,False,True,False
42,17,465,False,True,False
42,17,466,False,True,False
42,17,467,False,True,False
42,17,468,False,True,False
42,17,469,False,True,False
42,17,470,False,True,False
42,17,471,False,False,True
42,17,472,False,True,False
42,17,473,True,True,False
42,17,474,False,True,False
42,17,475,False,True,False
42,17,476,False,True,False
42,17,477,True,False,True
42,17,478,False,True,False
42,17,479,False,False,True
42,17,480,True,False,True
42,17,481,False,True,False
42,17,482,False,True,False
42,17,483,False,True,False
42,17,484,True,False,True
42,17,485,True,False,True
42,17,486,True,False,True
42,17,487,False,True,False
42,17,488,True,False,True
42,17,489,False,False,True
42,17,490,False,True,False
42,17,491,True,False,True
42,17,492,True,True,False
42,17,493,False,True,False
42,17,494,False,False,True
42,17,495,False,True,False
42,17,496,False,True,False
42,17,497,False,True,False
42,17,498,False,True,False
42,17,499,False,False,True
42,17,500,False,False,True
42,17,501,False,True,False
42,17,502,False,True,False
42,17,503,True,False,True
42,17,504,False,True,False
42,18,1,False,True,False
42,18,2,True,True,False
42,18,3,False,False,True
42,18,4,False,False,True
42,18,5,False,True,False
42,18,6,False,True,False
42,18,7,True,False,True
42,18,8,False,True,False
42,18,9,False,True,False
42,18,10,False,True,False
42,18,11,False,True,False
42,18,12,False,True,False
42,18,13,False,True,False
42,18,14,False,True,False
42,18,15,False,True,False
42,18,16,False,True,False
42,18,17,True,True,False
42,18,18,False,True,False
42,18,19,False,True,False
42,18,20,False,True,False
42,18,21,False,True,False
42,18,22,False,True,False
42,18,23,True,False,True
42,18,24,False,True,False
42,18,25,False,False,True
42,18,26,False,True,False
42,18,27,False,True,False
42,18,28,False,True,False
42,18,29,True,True,False
42,18,30,False,True,False
42,18,31,False,True,False
42,18,32,True,True,False
42,18,33,False,True,False
42,18,34,True,True,False
42,18,35,False,True,False
42,18,36,False,True,False
42,18,37,False,True,False
42,18,38,False,True,False
42,18,39,False,True,False
42,18,40,True,False,True
42,18,41,False,True,False
42,18,42,False,True,False
42,18,43,True,True,False
42,18,44,True,True,False
42,18,45,False,True,False
42,18,46,False,True,False
42,18,47,True,True,False
42,18,48,False,False,True
42,18,49,False,True,False
42,18,50,False,True,False
42,18,51,False,True,False
42,18,52,True,False,True
42,18,53,False,True,False
42,18,54,False,False,True
42,18,55,True,True,False
42,18,56,False,True,False
42,18,57,False,True,False
42,18,58,False,True,False
42,18,59,False,True,False
42,18,60,False,True,False
42,18,61,False,True,False
42,18,62,False,True,False
42,18,63,False,True,False
42,18,64,False,True,False
42,18,65,False,True,False
42,18,66,False,True,False
42,18,67,False,True,False
42,18,68,False,True,False
42,18,69,False,True,False
42,18,70,False,True,False
42,18,71,False,True,False
42,18,72,False,True,False
42,18,73,False,True,False
42,18,74,True,True,False
42,18,75,False,True,False
42,18,76,False,True,False
42,18,77,True,False,True
42,18,78,False,True,False
42,18,79,False,True,False
42,18,80,True,False,True
42,18,81,False,True,False
42,18,82,True,False,True
42,18,83,False,True,False
42,18,84,False,True,False
42,18,85,True,True,False
42,18,86,False,True,False
42,18,87,False,True,False
42,18,88,False,True,False
42,18,89,False,True,False
42,18,90,False,True,False
42,18,91,False,True,False
42,18,92,False,True,False
42,18,93,False,True,False
42,18,94,False,True,False
42,18,95,False,True,False
42,18,96,False,True,False
42,18,97,False,True,False
42,18,98,True,False,True
42,18,99,True,False,True
42,18,100,False,True,False
42,18,101,False,True,False
42,18,102,False,True,False
42,18,103,False,True,False
42,18,104,False,True,False
42,18,105,False,True,False
42,18,106,True,True,False
42,18,107,False,True,False
42,18,108,True,True,False
42,18,109,False,True,False
42,18,110,True,True,False
42,18,111,False,True,False
42,18,112,False,True,False
42,18,113,False,True,False
42,18,114,False,True,False
42,18,115,False,True,False
42,19,1,False,True,False
42,19,2,False,True,False
42,19,3,False,True,False
42,19,4,False,True,False
42,19,5,False,True,False
42,19,6,True,True,False
42,19,7,False,True,False
42,19,8,False,True,False
42,19,9,False,True,False
42,19,10,False,True,False
42,19,11,False,True,False
42,19,12,False,True,False
42,19,13,False,True,False
42,19,14,False,True,False
42,19,15,False,True,False
42,19,16,False,True,False
42,19,17,False,True,False
42,19,18,False,True,False
42,19,19,False,True,False
42,19,20,False,True,False
42,19,21,True,False,True
42,19,22,False,True,False
42,19,23,False,True,False
42,19,24,False,True,False
42,19,25,False,True,False
42,19,26,False,True,False
42,19,27,False,True,False
42,19,28,True,False,True
42,19,29,False,True,False
42,19,30,True,False,True
42,19,31,True,False,True
42,19,32,True,False,True
42,19,33,False,True,False
42,19,34,True,False,True
42,19,35,True,True,False
42,19,36,False,True,False
42,19,37,True,False,True
42,19,38,False,True,False
42,19,39,False,True,False
42,19,40,False,True,False
42,19,41,False,True,False
42,19,42,False,True,False
42,19,43,False,True,False
42,19,44,False,True,False
42,19,45,False,True,False
42,19,46,False,True,False
42,19,47,False,True,False
42,19,48,False,True,False
42,19,49,True,False,True
42,19,50,False,True,False
42,19,51,False,True,False
42,19,52,False,True,False
42,19,53,True,True,False
42,19,54,False,True,False
42,19,55,False,True,False
42,19,56,False,True,False
42,19,57,False,True,False
42,19,58,False,True,False
42,19,59,True,False,True
42,19,60,False,True,False
42,20,1,False,True,False
42,20,2,True,False,True
42,20,3,False,True,False
42,20,4,True,True,False
42,20,5,True,True,False
42,20,6,False,True,False
42,20,7,True,False,True
42,20,8,False,True,False
42,20,9,False,True,False
42,20,10,False,True,False
42,20,11,False,True,False
42,20,12,False,True,False
42,20,13,True,False,True
42,20,14,False,True,False
42,20,15,False,True,False
42,20,16,False,True,False
42,20,17,False,True,False
42,20,18,False,True,False
42,20,19,False,True,False
42,20,20,False,True,False
42,20,21,True,False,True
42,20,22,False,True,False
42,20,23,False,True,False
42,20,24,False,True,False
42,20,25,False,True,False
42,20,26,False,True,False
42,20,27,False,True,False
42,20,28,False,True,False
42,20,29,False,True,False
42,20,30,False,True,False
42,20,31,False,True,False
42,20,32,False,True,False
42,20,33,False,True,False
42,20,34,True,True,False
42,20,35,False,True,False
42,20,36,False,True,False
42,20,37,False,True,False
42,20,38,False,True,False
42,20,39,False,True,False
42,20,40,False,True,False
42,20,41,False,False,True
42,20,42,False,True,False
42,20,43,False,True,False
42,20,44,False,True,False
42,20,45,False,True,False
42,20,46,False,True,False
42,20,47,True,False,True
42,20,48,False,True,False
42,20,49,False,True,False
42,20,50,True,False,True
42,20,51,False,True,False
42,20,52,True,True,False
42,20,53,False,True,False
42,20,54,True,True,False
42,20,55,False,True,False
42,20,56,False,True,False
42,20,57,True,True,False
42,20,58,False,True,False
42,20,59,False,True,False
42,20,60,False,True,False
42,20,61,False,True,False
42,20,62,True,False,True
42,20,63,False,True,False
42,20,64,True,True,False
42,20,65,False,True,False
42,20,66,False,True,False
42,20,67,True,True,False
42,20,68,False,True,False
42,20,69,False,True,False
42,20,70,True,True,False
42,20,71,False,True,False
42,20,72,False,True,False
42,20,73,False,True,False
42,20,74,False,True,False
42,20,75,False,True,False
42,20,76,False,True,False
42,20,77,False,True,False
42,20,78,False,True,False
42,20,79,False,True,False
42,20,80,False,True,False
42,20,81,False,True,False
42,20,82,False,True,False
42,20,83,True,True,False
42,20,84,False,True,False
42,20,85,False,True,False
42,20,86,False,True,False
42,20,87,False,True,False
42,20,88,True,True,False
42,20,89,False,True,False
42,20,90,True,True,False
42,20,91,False,True,False
42,20,92,False,True,False
42,20,93,False,True,False
42,20,94,False,True,False
42,20,95,False,True,False
42,20,96,False,True,False
42,20,97,True,True,False
42,20,98,False,True,False
42,20,99,False,True,False
42,20,100,False,True,False
42,20,101,False,True,False
42,20,102,False,True,False
42,20,103,False,True,False
42,20,104,False,True,False
42,20,105,False,True,False
42,20,106,False,True,False
42,20,107,False,True,False
42,20,108,False,True,False
42,20,109,False,True,False
42,20,110,True,False,True
42,20,111,False,True,False
42,20,112,False,True,False
42,20,113,False,True,False
42,20,114,False,True,False
42,20,115,False,True,False
42,20,116,False,True,False
42,20,117,False,True,False
42,20,118,True,True,False
42,20,119,False,True,False
42,20,120,False,True,False
42,20,121,False,False,True
42,20,122,False,True,False
42,20,123,False,True,False
42,20,124,False,True,False
42,20,125,False,True,False
42,20,126,False,True,False
42,20,127,False,True,False
42,20,128,False,True,False
42,20,129,False,True,False
42,20,130,False,True,False
42,20,131,True,False,True
42,20,132,False,True,False
42,20,133,False,True,False
42,20,134,True,True,False
42,20,135,False,True,False
42,20,136,True,False,True
42,20,137,True,False,True
42,20,138,False,True,False
42,20,139,False,True,False
42,20,140,False,True,False
42,20,141,False,True,False
42,20,142,False,True,False
42,20,143,True,True,False
42,20,144,True,True,False
42,20,145,False,True,False
42,20,146,True,False,True
42,20,147,False,True,False
42,20,148,False,True,False
42,20,149,False,True,False
42,20,150,False,False,True
42,20,151,True,True,False
42,20,152,False,True,False
42,20,153,False,True,False
42,20,154,False,True,False
42,20,155,False,True,False
42,20,156,True,True,False
42,20,157,True,False,True
42,20,158,False,True,False
42,20,159,False,True,False
42,20,160,False,True,False
42,20,161,True,True,False
42,20,162,False,True,False
42,21,1,False,True,False
42,21,2,False,True,False
42,21,3,False,True,False
42,21,4,False,True,False
42,21,5,False,True,False
42,21,6,True,False,True
42,21,7,False,True,False
42,21,8,False,True,False
42,21,9,True,False,True
42,21,10,False,True,False
42,21,11,False,False,True
42,21,12,True,True,False
42,21,13,False,True,False
42,21,14,False,True,False
42,21,15,False,True,False
42,21,16,True,False,True
42,21,17,False,True,False
42,21,18,True,False,True
42,21,19,False,False,True
42,21,20,False,True,False
42,21,21,True,False,True
42,21,22,False,True,False
42,21,23,False,True,False
42,21,24,False,True,False
42,21,25,False,True,False
42,21,26,False,True,False
42,21,27,True,True,False
42,21,28,False,True,False
42,21,29,False,True,False
42,21,30,False,True,False
42,21,31,False,True,False
42,21,32,True,True,False
42,21,33,False,True,False
42,21,34,False,True,False
42,21,35,True,False,True
42,21,36,False,True,False
42,21,37,False,True,False
42,21,38,False,True,False
42,21,39,False,True,False
42,21,40,True,False,True
42,21,41,True,True,False
42,21,42,True,False,True
42,21,43,True,True,False
42,21,44,False,True,False
42,21,45,False,True,False
42,21,46,False,False,True
42,21,47,False,False,True
42,21,48,False,True,False
42,21,49,False,True,False
42,21,50,True,False,True
42,21,51,False,True,False
42,21,52,True,True,False
42,21,53,False,True,False
42,21,54,False,True,False
42,21,55,False,True,False
42,21,56,False,True,False
42,21,57,False,True,False
42,21,58,False,True,False
42,21,59,False,True,False
42,21,60,False,True,False
42,21,61,False,True,False
42,21,62,False,True,False
42,21,63,False,True,False
42,21,64,False,True,False
42,21,65,False,False,True
42,21,66,False,True,False
42,21,67,False,True,False
42,21,68,False,True,False
42,21,69,True,True,False
42,21,70,False,True,False
42,21,71,False,True,False
42,21,72,False,True,False
42,21,73,False,True,False
42,21,74,False,True,False
42,21,75,False,True,False
42,21,76,True,False,True
42,21,77,False,True,False
42,21,78,True,True,False
42,21,79,False,True,False
42,21,80,False,True,False
42,21,81,False,True,False
42,21,82,False,True,False
42,21,83,False,True,False
42,21,84,False,True,False
42,21,85,False,True,False
42,21,86,False,True,False
42,21,87,False,True,False
42,21,88,False,True,False
42,21,89,True,True,False
42,21,90,False,True,False
42,21,91,False,True,False
42,21,92,False,True,False
42,21,93,False,True,False
42,21,94,True,True,False
42,21,95,False,True,False
42,21,96,False,True,False
42,21,97,True,True,False
42,21,98,False,True,False
42,21,99,False,True,False
42,21,100,False,True,False
42,21,101,True,True,False
42,21,102,True,True,False
42,21,103,False,True,False
42,21,104,False,True,False
42,21,105,True,True,False
42,21,106,False,True,False
42,21,107,False,True,False
42,21,108,False,True,False
42,21,109,True,True,False
42,21,110,True,True,False
42,21,111,False,True,False
42,21,112,False,True,False
42,21,113,False,True,False
42,21,114,False,True,False
42,21,115,False,True,False
42,21,116,False,True,False
42,21,117,False,True,False
42,21,118,False,False,True
42,21,119,False,True,False
42,21,120,False,True,False
42,21,121,False,True,False
42,21,122,False,True,False
42,21,123,False,True,False
42,21,124,True,False,True
42,21,125,False,True,False
42,21,126,False,True,False
42,21,127,False,True,False
42,21,128,True,False,True
42,21,129,False,True,False
42,21,130,False,True,False
42,21,131,False,True,False
42,21,132,False,True,False
42,21,133,False,True,False
42,21,134,True,True,False
42,21,135,False,True,False
42,21,136,False,True,False
42,21,137,False,True,False
42,21,138,False,True,False
42,21,139,False,True,False
42,21,140,False,True,False
42,21,141,False,True,False
42,21,142,False,True,False
42,21,143,False,True,False
42,21,144,False,True,False
42,21,145,False,True,False
42,21,146,True,True,False
42,21,147,True,True,False
42,21,148,False,True,False
42,21,149,False,True,False
42,21,150,False,True,False
42,21,151,False,True,False
42,21,152,True,True,False
42,21,153,True,True,False
42,21,154,False,True,False
42,21,155,False,True,False
42,21,156,False,True,False
42,21,157,False,True,False
42,21,158,False,True,False
42,21,159,False,True,False
42,21,160,False,True,False
42,21,161,False,True,False
42,21,162,False,True,False
42,21,163,False,True,False
42,21,164,False,True,False
42,22,1,False,True,False
42,22,2,True,True,False
42,22,3,False,True,False
42,22,4,True,True,False
42,22,5,True,True,False
42,22,6,False,True,False
42,22,7,False,True,False
42,22,8,False,True,False
42,22,9,False,True,False
42,22,10,False,True,False
42,22,11,False,True,False
42,22,12,False,True,False
42,22,13,False,True,False
42,22,14,False,True,False
42,22,15,False,True,False
42,22,16,False,True,False
42,22,17,True,True,False
42,22,18,True,False,True
42,22,19,False,True,False
42,22,20,False,True,False
42,22,21,False,True,False
42,22,22,False,True,False
42,22,23,False,True,False
42,22,24,False,False,True
42,22,25,False,True,False
42,22,26,False,True,False
42,22,27,False,True,False
42,22,28,False,True,False
42,22,29,False,True,False
42,22,30,False,True,False
42,22,31,False,True,False
42,22,32,False,True,False
42,22,33,False,True,False
42,22,34,False,True,False
42,22,35,False,False,True
42,22,36,True,False,True
42,22,37,False,True,False
42,22,38,True,False,True
42,22,39,False,True,False
42,22,40,False,True,False
42,22,41,False,True,False
42,22,42,False,True,False
42,22,43,True,True,False
42,22,44,False,True,False
42,22,45,False,True,False
42,22,46,False,True,False
42,22,47,False,True,False
42,22,48,True,True,False
42,22,49,False,True,False
42,22,50,False,False,True
42,22,51,True,False,True
42,22,52,False,True,False
42,22,53,False,True,False
42,22,54,False,True,False
42,22,55,False,True,False
42,22,56,True,True,False
42,22,57,False,False,True
42,22,58,False,True,False
42,22,59,True,True,False
42,22,60,False,True,False
42,22,61,False,True,False
42,22,62,True,True,False
42,22,63,False,True,False
42,22,64,False,True,False
42,22,65,True,False,True
42,22,66,True,True,False
42,22,67,True,True,False
42,22,68,False,True,False
42,22,69,False,True,False
42,22,70,False,True,False
42,22,71,False,True,False
42,22,72,False,True,False
42,22,73,True,True,False
42,22,74,False,True,False
42,22,75,False,True,False
42,22,76,True,True,False
42,22,77,True,False,True
42,22,78,False,False,True
42,22,79,False,True,False
42,22,80,False,True,False
42,22,81,False,True,False
42,22,82,False,True,False
42,22,83,True,False,True
42,22,84,False,True,False
42,22,85,False,True,False
42,22,86,False,True,False
42,22,87,False,True,False
42,22,88,False,True,False
42,22,89,False,True,False
42,22,90,False,True,False
42,22,91,False,True,False
42,22,92,False,True,False
42,22,93,False,True,False
42,22,94,False,True,False
42,22,95,False,True,False
42,22,96,False,True,False
42,22,97,False,True,False
42,22,98,False,True,False
42,22,99,True,True,False
42,22,100,True,False,True
42,22,101,False,True,False
42,22,102,False,True,False
42,22,103,False,True,False
42,22,104,False,True,False
42,22,105,False,True,False
42,22,106,False,True,False
42,22,107,False,True,False
42,22,108,False,True,False
42,22,109,True,False,True
42,22,110,False,True,False
42,22,111,True,False,True
42,22,112,False,True,False
42,22,113,False,True,False
42,22,114,False,True,False
42,22,115,False,True,False
42,22,116,True,False,True
42,22,117,True,False,True
42,22,118,False,True,False
42,22,119,True,False,True
42,22,120,False,True,False
42,22,121,False,True,False
42,22,122,True,True,False
42,22,123,False,True,False
42,22,124,False,True,False
42,22,125,True,False,True
42,22,126,False,True,False
42,22,127,False,True,False
42,22,128,False,True,False
42,22,129,False,True,False
42,22,130,True,True,False
42,22,131,False,True,False
42,22,132,True,False,True
42,22,133,False,True,False
42,22,134,False,True,False
42,22,135,False,True,False
42,22,136,False,True,False
42,22,137,False,True,False
42,22,138,False,True,False
42,22,139,False,True,False
42,22,140,False,True,False
42,22,141,False,True,False
42,22,142,False,True,False
42,22,143,False,True,False
42,22,144,True,True,False
42,22,145,False,True,False
42,22,146,True,True,False
42,22,147,True,False,True
42,22,148,True,False,True
42,22,149,False,True,False
42,22,150,False,True,False
42,22,151,False,True,False
42,22,152,True,False,True
42,22,153,False,True,False
42,22,154,False,True,False
42,22,155,False,True,False
42,22,156,False,True,False
42,22,157,False,True,False
42,22,158,False,True,False
42,22,159,False,True,False
42,22,160,False,True,False
42,22,161,False,True,False
42,22,162,True,False,True
42,22,163,False,True,False
42,22,164,False,True,False
42,22,165,False,True,False
42,22,166,False,True,False
42,22,167,False,True,False
42,22,168,False,True,False
42,22,169,False,True,False
42,22,170,False,True,False
42,22,171,False,True,False
42,22,172,False,True,False
42,22,173,False,True,False
42,22,174,False,True,False
42,22,175,False,True,False
42,22,176,False,True,False
42,22,177,False,True,False
42,22,178,False,True,False
42,22,179,False,False,True
42,22,180,False,True,False
42,22,181,False,True,False
42,22,182,False,True,False
42,22,183,False,True,False
42,22,184,False,True,False
42,22,185,True,True,False
42,22,186,False,True,False
42,23,1,False,True,False
42,23,2,False,True,False
42,23,3,False,True,False
42,23,4,True,True,False
42,23,5,False,True,False
42,23,6,False,True,False
42,23,7,False,True,False
42,23,8,False,True,False
42,23,9,False,True,False
42,23,10,False,True,False
42,23,11,False,True,False
42,23,12,True,True,False
42,23,13,True,True,False
42,23,14,True,False,True
42,23,15,True,True,False
42,23,16,False,True,False
42,23,17,False,False,True
42,23,18,True,True,False
42,23,19,False,True,False
42,23,20,False,True,False
42,23,21,True,False,True
42,23,22,True,False,True
42,23,23,True,True,False
42,23,24,False,True,False
42,23,25,False,False,True
42,23,26,False,True,False
42,23,27,False,True,False
42,23,28,False,True,False
42,23,29,True,True,False
42,23,30,False,True,False
42,23,31,False,True,False
42,23,32,False,True,False
42,23,33,True,False,True
42,23,34,True,False,True
42,23,35,True,False,True
42,23,36,False,True,False
42,23,37,False,True,False
42,23,38,False,True,False
42,23,39,False,True,False
42,23,40,False,True,False
42,23,41,True,False,True
42,23,42,False,True,False
42,23,43,False,True,False
42,23,44,False,True,False
42,23,45,False,True,False
42,23,46,False,True,False
42,23,47,False,True,False
42,23,48,False,True,False
42,23,49,False,True,False
42,23,50,True,False,True
42,23,51,False,True,False
42,23,52,False,True,False
42,23,53,False,True,False
42,23,54,False,True,False
42,23,55,True,True,False
42,23,56,False,True,False
42,23,57,False,True,False
42,23,58,False,True,False
42,23,59,False,True,False
42,23,60,False,True,False
42,23,61,True,False,True
42,23,62,True,False,True
42,23,63,False,True,False
42,23,64,False,True,False
42,23,65,True,False,True
42,23,66,False,True,False
42,23,67,False,True,False
42,23,68,False,False,True
42,23,69,False,True,False
42,23,70,False,True,False
42,23,71,False,True,False
42,23,72,False,True,False
42,23,73,True,True,False
42,23,74,False,True,False
42,23,75,False,True,False
42,23,76,False,True,False
42,23,77,False,True,False
42,23,78,False,True,False
42,23,79,False,True,False
42,23,80,False,True,False
42,23,81,False,True,False
42,23,82,False,True,False
42,23,83,False,False,True
42,23,84,False,True,False
42,23,85,False,True,False
42,23,86,False,False,True
42,23,87,False,True,False
42,23,88,False,False,True
42,23,89,False,True,False
42,23,90,False,True,False
42,23,91,True,False,True
42,23,92,True,False,True
42,23,93,False,True,False
42,23,94,False,True,False
42,23,95,False,True,False
42,23,96,True,True,False
42,23,97,False,True,False
42,23,98,False,True,False
42,23,99,False,True,False
42,23,100,False,True,False
42,23,101,False,True,False
42,23,102,False,True,False
42,23,103,False,False,True
42,23,104,False,True,False
42,23,105,False,True,False
42,23,106,False,True,False
42,23,107,False,True,False
42,23,108,False,True,False
42,23,109,False,True,False
42,23,110,False,True,False
42,23,111,False,True,False
42,23,112,False,True,False
42,23,113,False,True,False
42,23,114,False,True,False
42,23,115,False,True,False
42,23,116,False,True,False
42,23,117,False,True,False
42,23,118,False,True,False
42,23,119,True,True,False
42,23,120,False,True,False
42,23,121,False,True,False
42,23,122,False,True,False
42,23,123,False,True,False
42,23,124,False,True,False
42,23,125,False,True,False
42,23,126,True,False,True
42,23,127,False,True,False
42,23,128,False,True,False
42,23,129,False,True,False
42,23,130,True,False,True
42,23,131,True,True,False
42,23,132,False,True,False
42,23,133,False,False,True
42,23,134,False,True,False
42,23,135,False,True,False
42,23,136,False,True,False
42,23,137,False,True,False
42,23,138,True,False,True
42,23,139,False,False,True
42,23,140,False,True,False
42,23,141,True,False,True
42,24,1,True,True,False
42,24,2,False,True,False
42,24,3,False,True,False
42,24,4,False,True,False
42,24,5,False,True,False
42,24,6,False,False,True
42,24,7,False,True,False
42,24,8,True,True,False
42,24,9,False,True,False
42,24,10,True,False,True
42,24,11,False,True,False
42,24,12,False,True,False
42,24,13,True,True,False
42,24,14,True,True,False
42,24,15,True,False,True
42,24,16,True,False,True
42,24,17,False,True,False
42,24,18,True,True,False
42,24,19,False,True,False
42,24,20,False,False,True
42,24,21,True,True,False
42,24,22,True,False,True
42,24,23,False,True,False
42,24,24,True,True,False
42,24,25,False,True,False
42,24,26,False,True,False
42,24,27,False,True,False
42,24,28,False,True,False
42,24,29,False,True,False
42,24,30,False,True,False
42,24,31,False,True,False
42,24,32,False,True,False
42,24,33,False,True,False
42,24,34,False,True,False
42,24,35,True,True,False
42,24,36,True,True,False
42,24,37,False,True,False
42,24,38,True,False,True
42,24,39,True,False,True
42,24,40,False,True,False
42,24,41,False,True,False
42,24,42,False,True,False
42,24,43,False,True,False
42,24,44,False,True,False
42,24,45,False,True,False
42,24,46,False,True,False
42,24,47,False,True,False
42,24,48,False,True,False
42,24,49,False,True,False
42,24,50,False,True,False
42,24,51,False,True,False
42,24,52,False,True,False
42,24,53,True,False,True
42,24,54,False,True,False
42,24,55,False,True,False
42,24,56,False,True,False
42,24,57,False,True,False
42,24,58,False,True,False
42,24,59,False,True,False
42,24,60,True,False,True
42,24,61,False,True,False
42,24,62,False,True,False
42,24,63,False,True,False
42,24,64,False,True,False
42,24,65,False,True,False
42,24,66,False,True,False
42,24,67,True,True,False
42,24,68,False,True,False
42,24,69,False,True,False
42,24,70,False,True,False
42,24,71,True,True,False
42,24,72,False,True,False
42,24,73,False,True,False
42,24,74,False,True,False
42,24,75,False,False,True
42,24,76,False,True,False
42,24,77,False,True,False
42,24,78,False,False,True
42,24,79,True,False,True
42,24,80,False,True,False
42,24,81,False,True,False
42,24,82,False,True,False
42,24,83,False,True,False
42,24,84,True,True,False
42,24,85,False,True,False
42,24,86,False,True,False
42,24,87,True,False,True
42,24,88,False,True,False
42,24,89,True,False,True
42,24,90,True,False,True
42,24,91,False,True,False
42,24,92,False,True,False
42,24,93,False,True,False
42,24,94,False,True,False
42,24,95,False,True,False
42,24,96,False,True,False
42,24,97,False,True,False
42,24,98,False,True,False
42,24,99,False,True,False
42,24,100,False,True,False
42,24,101,False,True,False
42,24,102,False,True,False
42,24,103,False,True,False
42,24,104,True,True,False
42,24,105,False,True,False
42,24,106,True,True,False
42,24,107,False,True,False
42,24,108,False,True,False
42,24,109,False,True,False
42,24,110,False,True,False
42,24,111,False,True,False
42,24,112,False,True,False
42,24,113,False,True,False
42,24,114,False,True,False
42,24,115,False,True,False
42,24,116,False,True,False
42,24,117,False,True,False
42,24,118,False,True,False
42,24,119,False,True,False
42,24,120,False,True,False
42,24,121,False,True,False
42,24,122,False,True,False
42,24,123,False,True,False
42,24,124,False,True,False
42,24,125,False,True,False
42,24,126,True,True,False
42,24,127,False,True,False
42,24,128,False,True,False
42,24,129,False,True,False
42,24,130,False,True,False
42,24,131,False,True,False
42,24,132,False,True,False
42,24,133,False,True,False
42,24,134,True,False,True
42,24,135,False,True,False
42,24,136,False,True,False
42,24,137,False,True,False
42,24,138,False,True,False
42,24,139,False,True,False
42,24,140,False,True,False
42,25,1,False,False,True
42,25,2,False,False,True
42,25,3,True,False,True
42,25,4,False,False,True
42,25,5,True,False,True
42,25,6,False,False,True
42,25,7,False,False,True
42,25,8,False,False,True
42,25,9,False,False,True
42,25,10,False,False,True
42,25,11,True,False,True
42,25,12,True,False,True
42,25,13,False,False,True
42,25,14,False,True,False
42,25,15,False,False,True
42,25,16,True,True,False
42,25,17,False,True,False
42,25,18,True,True,False
42,25,19,False,True,False
42,25,20,True,False,True
42,25,21,True,False,True
42,25,22,False,False,True
42,25,23,False,False,True
42,25,24,False,True,False
42,25,25,True,False,True
42,25,26,False,False,True
42,25,27,True,False,True
42,25,28,True,False,True
42,25,29,False,True,False
42,25,30,False,False,True
42,25,31,True,False,True
42,25,32,True,False,True
42,25,33,True,False,True
42,25,34,False,False,True
42,25,35,False,False,True
42,25,36,True,False,True
42,25,37,False,False,True
42,25,38,False,False,True
42,25,39,True,False,True
42,25,40,True,False,True
42,25,41,True,True,False
42,25,42,True,False,True
42,25,43,False,False,True
42,25,44,True,False,True
42,25,45,False,False,True
42,25,46,False,True,False
42,25,47,False,False,True
42,25,48,False,False,True
42,25,49,False,False,True
42,25,50,False,False,True
42,25,51,False,False,True
42,25,52,True,False,True
42,25,53,True,False,True
42,25,54,True,False,True
42,25,55,False,False,True
42,25,56,False,False,True
42,25,57,True,False,True
42,25,58,False,False,True
42,25,59,False,False,True
42,25,60,True,False,True
42,25,61,False,False,True
42,25,62,False,False,True
42,25,63,False,False,True
42,25,64,True,False,True
42,25,65,False,False,True
42,25,66,True,False,True
42,25,67,True,False,True
42,25,68,False,True,False
42,25,69,False,False,True
42,25,70,False,False,True
42,25,71,False,False,True
42,25,72,True,False,True
42,25,73,False,False,True
42,25,74,False,True,False
42,25,75,True,False,True
42,25,76,False,False,True
42,25,77,False,True,False
42,25,78,True,False,True
42,25,79,False,False,True
42,25,80,False,False,True
42,25,81,False,False,True
42,25,82,False,False,True
42,25,83,False,False,True
42,25,84,False,False,True
42,25,85,False,False,True
42,25,86,False,False,True
42,25,87,False,True,False
42,25,88,True,False,True
42,25,89,True,False,True
42,25,90,False,True,False
42,25,91,False,True,False
42,25,92,False,True,False
42,25,93,False,False,True
42,25,94,False,False,True
42,25,95,False,True,False
42,25,96,False,False,True
42,25,97,False,True,False
42,25,98,True,False,True
42,25,99,True,True,False
42,25,100,False,False,True
42,25,101,False,True,False
42,25,102,False,False,True
42,25,103,True,False,True
42,25,104,False,False,True
42,25,105,False,False,True
42,25,106,False,False,True
42,25,107,True,False,True
42,25,108,True,False,True
42,25,109,False,False,True
42,25,110,False,False,True
42,25,111,True,False,True
42,25,112,True,False,True
42,25,113,True,False,True
42,25,114,True,False,True
42,25,115,False,False,True
42,25,116,False,False,True
42,25,117,False,False,True
42,25,118,True,False,True
42,25,119,True,True,False
42,25,120,False,True,False
42,25,121,False,True,False
42,25,122,False,False,True
42,25,123,True,False,True
42,25,124,True,False,True
42,25,125,False,False,True
42,25,126,False,True,False
42,25,127,True,False,True
42,25,128,False,True,False
42,25,129,False,True,False
42,25,130,False,True,False
42,25,131,True,False,True
42,25,132,False,False,True
42,25,133,False,True,False
42,25,134,True,False,True
42,25,135,False,False,True
42,25,136,True,False,True
42,25,137,False,True,False
42,25,138,False,False,True
42,25,139,False,False,True
42,25,140,False,True,False
42,25,141,False,True,False
42,25,142,True,False,True
42,25,143,False,True,False
42,25,144,False,True,False
42,25,145,False,True,False
42,25,146,False,True,False
42,25,147,True,False,True
42,25,148,False,True,False
42,25,149,False,True,False
42,25,150,False,True,False
42,25,151,False,False,True
42,25,152,False,True,False
42,25,153,False,True,False
42,25,154,False,True,False
42,25,155,False,True,False
42,25,156,False,False,True
42,25,157,True,False,True
42,25,158,False,True,False
42,25,159,False,True,False
42,25,160,False,True,False
42,25,161,False,True,False
42,25,162,False,True,False
42,25,163,False,True,False
42,25,164,False,True,False
42,25,165,False,True,False
42,25,166,False,False,True
42,25,167,False,False,True
42,25,168,False,False,True
42,25,169,False,True,False
42,25,170,False,True,False
42,25,171,False,True,False
42,25,172,False,True,False
42,25,173,False,True,False
42,25,174,True,False,True
42,25,175,False,True,False
42,25,176,True,False,True
42,25,177,False,True,False
42,25,178,False,True,False
42,25,179,False,True,False
42,25,180,False,True,False
42,25,181,False,True,False
42,25,182,True,False,True
42,25,183,False,True,False
42,25,184,False,True,False
42,25,185,False,True,False
42,25,186,True,False,True
42,25,187,False,True,False
42,25,188,False,True,False
42,25,189,False,True,False
42,25,190,False,False,True
42,25,191,False,True,False
42,25,192,True,True,False
42,25,193,False,True,False
42,25,194,False,True,False
42,25,195,True,False,True
42,25,196,True,False,True
42,25,197,False,True,False
42,25,198,False,True,False
42,25,199,False,False,True
42,25,200,False,True,False
42,25,201,True,False,True
42,25,202,False,True,False
42,25,203,False,True,False
42,25,204,True,False,True
42,25,205,False,False,True
42,25,206,False,True,False
42,25,207,False,True,False
42,25,208,False,True,False
42,25,209,False,False,True
42,25,210,False,True,False
42,25,211,False,True,False
42,25,212,True,False,True
42,25,213,False,False,True
42,25,214,False,False,True
42,25,215,False,False,True
42,25,216,False,True,False
42,25,217,False,True,False
42,25,218,False,True,False
42,25,219,False,True,False
42,25,220,False,True,False
42,25,221,False,True,False
42,25,222,False,False,True
42,25,223,False,True,False
42,25,224,True,False,True
42,25,225,False,True,False
42,25,226,True,True,False
42,25,227,False,True,False
42,25,228,True,False,True
42,25,229,False,True,False
42,25,230,False,True,False
42,25,231,True,True,False
42,25,232,False,True,False
42,25,233,False,True,False
42,25,234,False,True,False
42,25,235,False,False,True
42,25,236,True,False,True
42,25,237,False,True,False
42,25,238,True,False,True
42,25,239,False,False,True
42,25,240,False,True,False
42,25,241,False,True,False
42,25,242,False,True,False
42,25,243,False,True,False
42,25,244,False,True,False
42,25,245,False,False,True
42,25,246,False,False,True
42,25,247,False,True,False
42,25,248,False,True,False
42,25,249,False,True,False
42,25,250,False,True,False
42,25,251,False,False,True
42,25,252,False,False,True
42,25,253,False,False,True
42,25,254,False,True,False
42,25,255,False,False,True
42,25,256,False,True,False
42,25,257,False,True,False
42,25,258,False,False,True
42,25,259,False,False,True
42,25,260,False,False,True
42,25,261,True,False,True
42,25,262,False,True,False
42,25,263,False,True,False
42,25,264,False,False,True
42,25,265,False,True,False
42,25,266,True,False,True
42,25,267,False,True,False
42,25,268,False,True,False
42,25,269,False,True,False
42,25,270,False,False,True
42,25,271,True,False,True
42,25,272,False,True,False
42,25,273,True,False,True
42,25,274,False,True,False
42,25,275,False,False,True
42,25,276,False,True,False
42,25,277,False,True,False
42,25,278,False,True,False
42,25,279,False,True,False
42,25,280,False,False,True
42,25,281,False,False,True
42,25,282,False,True,False
42,25,283,False,True,False
42,25,284,False,False,True
42,25,285,False,False,True
42,25,286,False,True,False
42,25,287,True,False,True
42,25,288,False,True,False
42,25,289,False,False,True
42,25,290,False,True,False
42,25,291,False,True,False
42,25,292,False,True,False
42,25,293,False,True,False
42,25,294,False,False,True
42,25,295,False,True,False
42,25,296,False,True,False
42,25,297,False,False,True
42,25,298,False,False,True
42,25,299,False,True,False
42,25,300,False,True,False
42,25,301,False,True,False
42,25,302,False,True,False
42,25,303,False,True,False
42,25,304,False,True,False
42,25,305,False,True,False
42,25,306,False,True,False
42,25,307,False,True,False
42,25,308,True,False,True
42,25,309,False,True,False
42,25,310,False,False,True
42,25,311,False,False,True
42,25,312,False,True,False
42,25,313,False,True,False
42,25,314,False,True,False
42,25,315,False,True,False
42,25,316,False,True,False
42,25,317,False,True,False
42,25,318,False,True,False
42,25,319,False,True,False
42,25,320,False,True,False
42,25,321,True,False,True
42,25,322,True,False,True
42,25,323,False,True,False
42,25,324,False,True,False
42,25,325,False,True,False
42,25,326,False,False,True
42,25,327,False,True,False
42,25,328,True,False,True
42,25,329,False,True,False
42,25,330,False,True,False
42,25,331,False,True,False
42,25,332,False,True,False
42,25,333,False,False,True
42,25,334,False,True,False
42,25,335,False,False,True
42,25,336,False,True,False
42,25,337,False,False,True
42,25,338,False,True,False
42,25,339,False,True,False
42,25,340,False,True,False
42,25,341,False,True,False
42,25,342,False,True,False
42,25,343,False,False,True
42,25,344,False,True,False
42,25,345,False,False,True
42,25,346,False,True,False
42,25,347,False,True,False
42,25,348,False,False,True
42,25,349,False,True,False
42,25,350,False,False,True
42,25,351,False,True,False
42,25,352,False,True,False
42,25,353,True,True,False
42,25,354,False,True,False
42,25,355,False,True,False
42,25,356,False,False,True
42,25,357,False,True,False
42,25,358,False,True,False
42,25,359,True,False,True
42,25,360,False,True,False
42,25,361,False,True,False
42,25,362,False,True,False
42,25,363,False,False,True
42,25,364,False,False,True
42,25,365,False,True,False
42,25,366,False,True,False
42,25,367,False,True,False
42,25,368,False,True,False
42,25,369,False,True,False
42,25,370,False,True,False
42,25,371,False,True,False
42,25,372,False,False,True
42,25,373,False,True,False
42,25,374,False,True,False
42,25,375,False,True,False
42,25,376,False,True,False
42,25,377,False,True,False
42,25,378,True,True,False
42,25,379,False,True,False
42,25,380,False,True,False
42,25,381,False,True,False
42,25,382,False,False,True
42,25,383,False,True,False
42,25,384,False,True,False
42,25,385,False,True,False
42,25,386,False,True,False
42,25,387,False,False,True
42,25,388,False,True,False
42,25,389,False,True,False
42,25,390,True,False,True
42,25,391,False,True,False
42,25,392,False,True,False
42,25,393,False,True,False
42,25,394,False,True,False
42,25,395,False,False,True
42,25,396,True,False,True
42,25,397,False,True,False
42,25,398,False,True,False
42,25,399,True,False,True
42,25,400,False,False,True
42,25,401,False,True,False
42,25,402,False,True,False
42,25,403,False,True,False
42,25,404,False,True,False
42,25,405,False,True,False
42,25,406,False,True,False
42,25,407,False,True,False
42,25,408,False,True,False
42,25,409,False,True,False
42,25,410,True,True,False
42,25,411,False,True,False
42,25,412,False,False,True
42,25,413,False,True,False
42,25,414,False,False,True
42,25,415,False,True,False
42,25,416,True,False,True
42,25,417,False,False,True
42,25,418,False,True,False
42,25,419,False,True,False
42,25,420,False,True,False
42,25,421,False,True,False
42,25,422,False,True,False
42,25,423,False,False,True
42,25,424,False,True,False
42,25,425,False,False,True
42,25,426,False,True,False
42,25,427,False,True,False
42,25,428,False,True,False
42,26,1,False,True,False
42,26,2,True,True,False
42,26,3,False,True,False
42,26,4,False,True,False
42,26,5,False,True,False
42,26,6,False,True,False
42,26,7,False,True,False
42,26,8,False,True,False
42,26,9,False,True,False
42,26,10,True,False,True
42,26,11,False,True,False
42,26,12,False,True,False
42,26,13,False,True,False
42,26,14,True,False,True
42,26,15,True,True,False
42,26,16,False,True,False
42,26,17,False,True,False
42,26,18,False,True,False
42,26,19,True,True,False
42,26,20,False,True,False
42,26,21,False,True,False
42,26,22,False,True,False
42,26,23,False,True,False
42,26,24,False,True,False
42,26,25,False,True,False
42,26,26,False,True,False
42,26,27,False,True,False
42,26,28,False,True,False
42,26,29,False,True,False
42,26,30,False,True,False
42,26,31,False,True,False
42,26,32,False,True,False
42,26,33,False,True,False
42,26,34,False,True,False
42,26,35,False,True,False
42,26,36,False,True,False
42,26,37,True,False,True
42,26,38,False,True,False
42,26,39,True,False,True
42,26,40,False,True,False
42,26,41,False,True,False
42,26,42,False,True,False
42,26,43,True,True,False
42,26,44,False,True,False
42,26,45,False,True,False
42,26,46,False,True,False
42,26,47,False,True,False
42,26,48,True,True,False
42,26,49,False,True,False
42,26,50,False,True,False
42,26,51,False,True,False
42,26,52,True,True,False
42,26,53,False,True,False
42,26,54,False,True,False
42,26,55,False,False,True
42,26,56,True,False,True
42,26,57,False,True,False
42,26,58,False,True,False
42,26,59,False,True,False
42,26,60,False,True,False
42,26,61,False,True,False
42,26,62,False,True,False
42,26,63,False,True,False
42,26,64,False,True,False
42,26,65,False,True,False
42,26,66,False,True,False
42,26,67,False,True,False
42,26,68,True,True,False
42,26,69,True,False,True
42,26,70,False,True,False
42,26,71,False,True,False
42,26,72,False,True,False
42,26,73,False,True,False
42,26,74,True,True,False
42,26,75,True,True,False
42,26,76,False,False,True
42,26,77,False,True,False
42,26,78,False,True,False
42,26,79,False,True,False
42,26,80,True,False,True
42,26,81,True,False,True
42,26,82,False,True,False
42,26,83,True,True,False
42,26,84,False,True,False
42,26,85,False,True,False
42,26,86,False,True,False
42,26,87,False,True,False
42,26,88,False,False,True
42,26,89,False,True,False
42,26,90,False,True,False
42,26,91,False,True,False
42,26,92,False,True,False
42,26,93,False,True,False
42,26,94,False,True,False
42,26,95,False,True,False
42,26,96,False,True,False
42,26,97,False,True,False
42,26,98,True,False,True
42,26,99,True,True,False
42,26,100,False,True,False
42,26,101,True,False,True
42,26,102,False,True,False
42,26,103,True,False,True
42,26,104,False,True,False
42,26,105,True,False,True
42,26,106,False,True,False
42,26,107,False,True,False
42,26,108,False,True,False
42,26,109,False,True,False
42,26,110,False,True,False
42,26,111,False,True,False
42,26,112,False,True,False
42,26,113,True,False,True
42,26,114,True,False,True
42,26,115,False,True,False
42,26,116,False,True,False
42,26,117,False,True,False
42,26,118,False,True,False
42,26,119,False,True,False
42,26,120,True,True,False
42,26,121,False,True,False
42,26,122,False,True,False
42,26,123,False,True,False
42,26,124,False,True,False
42,26,125,False,True,False
42,26,126,True,False,True
42,26,127,False,True,False
42,26,128,True,False,True
42,26,129,True,False,True
42,26,130,False,True,False
42,26,131,True,True,False
42,26,132,False,True,False
42,26,133,False,True,False
42,26,134,False,True,False
42,26,135,True,True,False
42,26,136,False,True,False
42,26,137,False,True,False
42,26,138,False,True,False
42,26,139,False,True,False
42,26,140,False,True,False
42,26,141,False,True,False
42,26,142,False,True,False
42,26,143,False,False,True
42,26,144,True,True,False
42,26,145,False,True,False
42,26,146,False,True,False
42,26,147,True,False,True
42,26,148,False,True,False
42,26,149,False,True,False
42,26,150,False,True,False
42,26,151,False,True,False
42,26,152,True,False,True
42,26,153,False,True,False
42,26,154,False,True,False
42,26,155,False,True,False
42,26,156,True,False,True
42,26,157,True,True,False
42,26,158,False,True,False
42,26,159,False,True,False
42,26,160,True,True,False
42,26,161,False,True,False
42,26,162,True,True,False
42,26,163,True,True,False
42,26,164,False,True,False
42,26,165,False,True,False
42,26,166,False,True,False
42,26,167,False,True,False
42,26,168,False,True,False
42,26,169,False,True,False
42,26,170,False,True,False
42,26,171,False,True,False
42,26,172,False,True,False
42,26,173,False,True,False
42,26,174,False,True,False
42,26,175,False,True,False
42,26,176,False,True,False
42,26,177,False,True,False
42,26,178,False,True,False
42,26,179,False,True,False
42,26,180,False,True,False
42,26,181,False,True,False
42,26,182,False,True,False
42,26,183,False,True,False
42,26,184,False,True,False
42,26,185,False,True,False
42,26,186,False,True,False
42,26,187,True,False,True
42,26,188,False,True,False
42,26,189,False,True,False
42,26,190,False,True,False
42,26,191,False,True,False
42,26,192,False,True,False
42,26,193,False,True,False
42,26,194,False,True,False
42,26,195,False,True,False
42,26,196,False,True,False
42,26,197,False,True,False
42,26,198,True,False,True
42,26,199,False,True,False
42,26,200,True,True,False
42,26,201,False,True,False
42,26,202,False,True,False
42,26,203,False,True,False
42,26,204,False,True,False
42,26,205,False,True,False
42,26,206,False,True,False
42,26,207,False,True,False
42,26,208,True,False,True
42,26,209,False,True,False
42,26,210,False,True,False
42,26,211,False,False,True
42,26,212,False,True,False
42,26,213,False,True,False
42,26,214,False,True,False
42,26,215,True,False,True
42,26,216,False,True,False
42,26,217,False,True,False
42,26,218,False,True,False
42,26,219,False,True,False
42,26,220,False,True,False
42,26,221,False,False,True
42,26,222,False,False,True
42,26,223,False,True,False
42,26,224,True,False,True
42,26,225,True,True,False
42,26,226,False,True,False
42,26,227,False,True,False
42,26,228,False,True,False
42,26,229,False,False,True
42,26,230,True,True,False
42,26,231,True,False,True
42,26,232,False,True,False
42,26,233,True,True,False
42,26,234,False,True,False
42,26,235,False,True,False
42,26,236,False,True,False
42,26,237,False,True,False
42,26,238,False,True,False
42,26,239,False,True,False
42,26,240,False,False,True
42,26,241,False,True,False
42,26,242,False,True,False
42,26,243,False,True,False
42,26,244,False,False,True
42,26,245,False,True,False
42,26,246,False,False,True
42,26,247,False,True,False
42,26,248,False,True,False
42,26,249,False,True,False
42,26,250,True,True,False
42,26,251,False,False,True
42,26,252,False,True,False
42,26,253,True,False,True
42,26,254,True,False,True
42,26,255,True,False,True
42,26,256,False,True,False
42,26,257,True,True,False
42,26,258,False,True,False
42,26,259,False,True,False
42,26,260,False,True,False
42,26,261,False,True,False
42,26,262,False,True,False
42,26,263,False,False,True
42,26,264,True,True,False
42,26,265,True,False,True
42,26,266,False,True,False
42,26,267,False,True,False
42,26,268,True,False,True
42,26,269,False,True,False
42,26,270,False,True,False
42,26,271,False,True,False
42,26,272,True,False,True
42,26,273,False,True,False
42,26,274,True,False,True
42,26,275,False,True,False
42,26,276,False,False,True
42,26,277,False,False,True
42,26,278,False,True,False
42,26,279,False,True,False
42,26,280,False,False,True
42,26,281,False,True,False
42,26,282,False,False,True
42,26,283,False,True,False
42,26,284,False,True,False
42,26,285,False,True,False
42,26,286,False,True,False
42,26,287,False,True,False
42,26,288,False,True,False
42,26,289,False,True,False
42,26,290,False,True,False
42,26,291,False,True,False
42,26,292,False,True,False
42,26,293,False,True,False
42,26,294,True,False,True
42,26,295,False,True,False
42,26,296,False,True,False
42,27,1,True,True,False
42,27,2,True,True,False
42,27,3,False,True,False
42,27,4,False,True,False
42,27,5,True,True,False
42,27,6,False,True,False
42,27,7,False,True,False
42,27,8,True,True,False
42,27,9,False,True,False
42,27,10,True,True,False
42,27,11,False,True,False
42,27,12,True,False,True
42,27,13,False,True,False
42,27,14,False,True,False
42,27,15,False,True,False
42,27,16,False,True,False
42,27,17,False,True,False
42,27,18,False,True,False
42,27,19,False,True,False
42,27,20,False,True,False
42,27,21,False,True,False
42,27,22,True,True,False
42,27,23,False,False,True
42,27,24,False,True,False
42,27,25,False,True,False
42,27,26,False,True,False
42,27,27,True,True,False
42,27,28,True,True,False
42,27,29,False,True,False
42,27,30,False,True,False
42,27,31,False,True,False
42,27,32,False,True,False
42,27,33,False,True,False
42,27,34,False,True,False
42,27,35,False,True,False
42,27,36,False,True,False
42,27,37,False,True,False
42,27,38,False,True,False
42,27,39,True,False,True
42,27,40,True,False,True
42,27,41,False,True,False
42,27,42,False,True,False
42,27,43,False,True,False
42,27,44,False,True,False
42,27,45,False,True,False
42,27,46,False,True,False
42,27,47,True,False,True
42,27,48,False,True,False
42,27,49,True,False,True
42,27,50,True,False,True
42,27,51,False,True,False
42,27,52,True,False,True
42,27,53,False,True,False
42,27,54,True,True,False
42,27,55,True,False,True
42,27,56,False,True,False
42,27,57,False,True,False
42,27,58,True,True,False
42,27,59,False,True,False
42,27,60,False,True,False
42,27,61,False,True,False
42,27,62,False,True,False
42,27,63,False,True,False
42,27,64,False,True,False
42,27,65,False,True,False
42,27,66,True,False,True
42,27,67,False,True,False
42,27,68,False,True,False
42,27,69,False,True,False
42,27,70,False,True,False
42,27,71,False,True,False
42,27,72,False,True,False
42,27,73,False,True,False
42,27,74,False,True,False
42,27,75,False,True,False
42,27,76,True,False,True
42,27,77,False,True,False
42,27,78,False,True,False
42,27,79,False,True,False
42,27,80,True,True,False
42,27,81,True,False,True
42,27,82,False,True,False
42,27,83,False,False,True
42,27,84,False,True,False
42,27,85,False,True,False
42,27,86,False,False,True
42,27,87,False,True,False
42,27,88,False,True,False
42,27,89,False,True,False
42,27,90,False,True,False
42,27,91,False,True,False
42,27,92,False,True,False
42,27,93,False,True,False
42,27,94,False,True,False
42,27,95,False,True,False
42,27,96,False,True,False
42,27,97,False,True,False
42,27,98,False,True,False
42,27,99,False,True,False
42,27,100,False,True,False
42,27,101,False,True,False
42,27,102,False,True,False
42,27,103,True,True,False
42,27,104,False,True,False
42,27,105,False,True,False
42,27,106,True,False,True
42,27,107,False,True,False
42,27,108,False,True,False
42,27,109,False,True,False
42,27,110,False,True,False
42,27,111,False,True,False
42,27,112,False,True,False
42,27,113,False,True,False
42,27,114,True,True,False
42,27,115,False,True,False
42,27,116,False,True,False
42,27,117,False,True,False
42,27,118,False,False,True
42,27,119,False,True,False
42,27,120,False,True,False
42,27,121,True,False,True
42,27,122,True,False,True
42,27,123,False,True,False
42,27,124,False,True,False
42,27,125,False,True,False
42,27,126,False,True,False
42,27,127,False,True,False
42,27,128,False,True,False
42,27,129,False,True,False
42,27,130,False,True,False
42,27,131,False,True,False
43,0,1,False,True,False
43,0,2,False,True,False
43,0,3,False,True,False
43,0,4,True,False,True
43,0,5,False,True,False
43,0,6,False,False,True
43,0,7,True,True,False
43,0,8,True,False,True
43,0,9,True,False,True
43,0,10,False,True,False
43,0,11,True,False,True
43,0,12,True,False,True
43,0,13,False,True,False
43,0,14,False,True,False
43,0,15,False,True,False
43,0,16,False,True,False
43,0,17,False,True,False
43,0,18,True,False,True
43,0,19,False,True,False
43,0,20,True,False,True
43,0,21,True,False,True
43,0,22,True,False,True
43,0,23,False,True,False
43,0,24,False,True,False
43,0,25,False,True,False
43,0,26,False,True,False
43,0,27,False,True,False
43,0,28,False,True,False
43,0,29,False,True,False
43,0,30,False,True,False
43,0,31,False,True,False
43,0,32,False,True,False
43,0,33,True,False,True
43,0,34,False,True,False
43,0,35,False,True,False
43,0,36,True,False,True
43,0,37,True,True,False
43,0,38,False,True,False
43,0,39,False,False,True
43,0,40,False,True,False
43,0,41,False,True,False
43,0,42,False,True,False
43,0,43,False,True,False
43,0,44,False,True,False
43,0,45,False,False,True
43,0,46,False,True,False
43,0,47,False,True,False
43,0,48,False,True,False
43,0,49,False,True,False
43,0,50,False,True,False
43,0,51,False,True,False
43,0,52,False,True,False
43,0,53,False,True,False
43,0,54,False,True,False
43,0,55,True,True,False
43,0,56,False,True,False
43,0,57,False,True,False
43,0,58,False,True,False
43,0,59,False,False,True
43,0,60,False,True,False
43,0,61,False,True,False
43,0,62,False,True,False
43,0,63,False,True,False
43,0,64,True,False,True
43,0,65,False,True,False
43,0,66,False,True,False
43,0,67,False,False,True
43,0,68,False,True,False
43,0,69,False,True,False
43,0,70,False,True,False
43,0,71,False,True,False
43,0,72,False,True,False
43,0,73,False,True,False
43,0,74,False,True,False
43,0,75,True,False,True
43,0,76,True,True,False
43,0,77,False,True,False
43,0,78,False,True,False
43,0,79,False,True,False
43,0,80,False,True,False
43,0,81,False,True,False
43,0,82,False,False,True
43,0,83,False,True,False
43,0,84,False,True,False
43,0,85,True,False,True
43,0,86,False,False,True
43,1,1,True,False,True
43,1,2,False,True,False
43,1,3,False,True,False
43,1,4,False,True,False
43,1,5,True,True,False
43,1,6,False,False,True
43,1,7,False,True,False
43,1,8,False,True,False
43,1,9,True,True,False
43,1,10,False,True,False
43,1,11,False,True,False
43,1,12,False,True,False
43,1,13,False,True,False
43,1,14,False,False,True
43,1,15,False,True,False
43,1,16,False,True,False
43,1,17,True,True,False
43,1,18,False,True,False
43,1,19,False,True,False
43,1,20,False,True,False
43,1,21,False,True,False
43,1,22,False,True,False
43,1,23,False,True,False
43,1,24,True,True,False
43,1,25,False,True,False
43,1,26,True,True,False
43,1,27,False,True,False
43,1,28,False,True,False
43,1,29,True,True,False
43,1,30,False,True,False
43,1,31,False,False,True
43,1,32,False,True,False
43,1,33,False,True,False
43,1,34,False,True,False
43,1,35,False,True,False
43,1,36,False,True,False
43,1,37,False,True,False
43,1,38,False,True,False
43,1,39,False,True,False
43,1,40,False,True,False
43,1,41,False,True,False
43,1,42,False,True,False
43,1,43,False,True,False
43,1,44,False,True,False
43,1,45,False,True,False
43,1,46,False,True,False
43,1,47,False,True,False
43,1,48,True,True,False
43,1,49,False,True,False
43,1,50,True,True,False
43,1,51,True,False,True
43,1,52,True,True,False
43,1,53,False,True,False
43,1,54,True,False,True
43,1,55,False,True,False
43,1,56,True,True,False
43,1,57,False,True,False
43,1,58,False,True,False
43,1,59,False,True,False
43,1,60,False,True,False
43,1,61,False,True,False
43,1,62,False,True,False
43,1,63,False,True,False
43,1,64,True,False,True
43,1,65,False,True,False
43,1,66,False,True,False
43,1,67,True,True,False
43,1,68,True,False,True
43,1,69,False,True,False
43,1,70,False,False,True
43,1,71,False,True,False
43,1,72,True,False,True
43,1,73,False,True,False
43,1,74,False,True,False
43,1,75,False,True,False
43,1,76,False,True,False
43,1,77,True,True,False
43,1,78,False,True,False
43,1,79,False,True,False
43,1,80,False,True,False
43,1,81,False,True,False
43,1,82,False,True,False
43,1,83,True,True,False
43,1,84,False,True,False
43,1,85,True,False,True
43,1,86,False,True,False
43,1,87,False,True,False
43,1,88,False,True,False
43,1,89,False,True,False
43,1,90,False,True,False
43,1,91,True,True,False
43,1,92,False,True,False
43,1,93,True,False,True
43,1,94,False,True,False
43,1,95,True,False,True
43,1,96,False,True,False
43,1,97,False,True,False
43,1,98,False,True,False
43,1,99,True,False,True
43,1,100,False,True,False
43,1,101,False,True,False
43,1,102,False,True,False
43,1,103,False,True,False
43,1,104,False,True,False
43,1,105,False,True,False
43,1,106,False,True,False
43,1,107,False,True,False
43,1,108,False,True,False
43,1,109,False,True,False
43,1,110,True,False,True
43,1,111,False,True,False
43,1,112,False,True,False
43,1,113,False,True,False
43,1,114,False,True,False
43,1,115,False,True,False
43,1,116,False,True,False
43,1,117,False,False,True
43,1,118,False,True,False
43,1,119,False,True,False
43,1,120,False,True,False
43,1,121,False,True,False
43,1,122,False,True,False
43,1,123,False,True,False
43,2,1,True,True,False
43,2,2,False,True,False
43,2,3,False,True,False
43,2,4,True,True,False
43,2,5,False,True,False
43,2,6,False,True,False
43,2,7,False,True,False
43,2,8,True,False,True
43,2,9,False,True,False
43,2,10,True,False,True
43,2,11,False,True,False
43,2,12,False,True,False
43,2,13,True,True,False
43,2,14,False,True,False
43,2,15,False,True,False
43,2,16,True,False,True
43,2,17,True,True,False
43,2,18,True,True,False
43,2,19,False,True,False
43,2,20,False,True,False
43,2,21,False,True,False
43,2,22,True,False,True
43,2,23,False,True,False
43,2,24,True,True,False
43,2,25,False,True,False
43,2,26,False,True,False
43,2,27,False,True,False
43,2,28,False,True,False
43,2,29,True,True,False
43,2,30,False,True,False
43,2,31,False,True,False
43,2,32,False,True,False
43,2,33,False,True,False
43,2,34,False,True,False
43,2,35,False,True,False
43,2,36,True,False,True
43,2,37,False,True,False
43,2,38,False,True,False
43,2,39,False,True,False
43,2,40,True,True,False
43,2,41,False,True,False
43,2,42,False,True,False
43,2,43,False,True,False
43,2,44,False,True,False
43,2,45,False,True,False
43,2,46,False,True,False
43,2,47,False,True,False
43,2,48,False,True,False
43,2,49,False,True,False
43,2,50,False,True,False
43,2,51,True,True,False
43,2,52,False,True,False
43,2,53,True,True,False
43,2,54,False,True,False
43,2,55,False,True,False
43,2,56,False,True,False
43,2,57,False,True,False
43,2,58,False,True,False
43,2,59,False,True,False
43,2,60,True,False,True
43,2,61,False,True,False
43,2,62,False,True,False
43,2,63,False,True,False
43,2,64,True,True,False
43,2,65,False,False,True
43,2,66,False,True,False
43,2,67,True,False,True
43,2,68,False,True,False
43,2,69,False,True,False
43,2,70,False,True,False
43,2,71,True,False,True
43,2,72,False,True,False
43,2,73,False,True,False
43,2,74,False,True,False
43,2,75,False,True,False
43,2,76,False,True,False
43,2,77,False,True,False
43,2,78,False,True,False
43,2,79,True,False,True
43,2,80,False,True,False
43,2,81,False,True,False
43,2,82,False,True,False
43,2,83,False,True,False
43,2,84,False,True,False
43,2,85,False,True,False
43,2,86,False,True,False
43,2,87,True,True,False
43,2,88,True,True,False
43,2,89,True,False,True
43,2,90,True,False,True
43,2,91,True,True,False
43,2,92,False,True,False
43,2,93,False,True,False
43,2,94,False,True,False
43,2,95,False,True,False
43,2,96,False,True,False
43,2,97,False,True,False
43,2,98,False,True,False
43,2,99,False,True,False
43,2,100,False,True,False
43,2,101,False,True,False
43,2,102,False,True,False
43,2,103,False,True,False
43,2,104,True,True,False
43,2,105,False,True,False
43,2,106,False,True,False
43,2,107,False,True,False
43,2,108,False,True,False
43,2,109,False,True,False
43,2,110,True,True,False
43,2,111,False,True,False
43,2,112,False,True,False
43,2,113,False,True,False
43,2,114,False,True,False
43,2,115,False,True,False
43,2,116,False,True,False
43,2,117,False,True,False
43,2,118,False,True,False
43,2,119,False,True,False
43,2,120,False,True,False
43,2,121,False,True,False
43,2,122,False,True,False
43,2,123,False,True,False
43,2,124,False,True,False
43,2,125,False,True,False
43,2,126,True,True,False
43,2,127,False,True,False
43,2,128,False,True,False
43,2,129,False,True,False
43,2,130,False,True,False
43,2,131,False,True,False
43,2,132,False,True,False
43,2,133,False,True,False
43,2,134,False,True,False
43,2,135,False,True,False
43,2,136,False,True,False
43,2,137,False,True,False
43,2,138,False,True,False
43,2,139,False,True,False
43,2,140,False,True,False
43,3,1,False,True,False
43,3,2,True,False,True
43,3,3,False,True,False
43,3,4,False,True,False
43,3,5,True,True,False
43,3,6,False,True,False
43,3,7,False,True,False
43,3,8,False,True,False
43,3,9,False,True,False
43,3,10,True,False,True
43,3,11,False,True,False
43,3,12,True,False,True
43,3,13,False,True,False
43,3,14,False,True,False
43,3,15,False,True,False
43,3,16,False,True,False
43,3,17,False,True,False
43,3,18,False,True,False
43,3,19,False,True,False
43,3,20,False,True,False
43,3,21,False,False,True
43,3,22,False,False,True
43,3,23,True,True,False
43,3,24,False,True,False
43,3,25,False,True,False
43,3,26,True,False,True
43,3,27,True,True,False
43,3,28,True,True,False
43,3,29,False,True,False
43,3,30,False,True,False
43,3,31,False,True,False
43,3,32,False,True,False
43,3,33,True,True,False
43,3,34,False,True,False
43,3,35,False,True,False
43,3,36,False,True,False
43,3,37,False,True,False
43,3,38,False,True,False
43,3,39,False,True,False
43,3,40,True,False,True
43,3,41,True,False,True
43,3,42,False,True,False
43,3,43,False,True,False
43,3,44,False,True,False
43,3,45,False,True,False
43,3,46,False,True,False
43,3,47,False,True,False
43,3,48,False,True,False
43,3,49,True,False,True
43,3,50,False,True,False
43,3,51,False,True,False
43,3,52,True,False,True
43,3,53,False,True,False
43,3,54,True,True,False
43,3,55,True,False,True
43,3,56,False,True,False
43,3,57,False,True,False
43,3,58,True,False,True
43,3,59,False,True,False
43,3,60,True,False,True
43,3,61,False,True,False
43,3,62,False,True,False
43,3,63,False,True,False
43,3,64,False,True,False
43,3,65,False,True,False
43,3,66,True,False,True
43,3,67,False,True,False
43,3,68,False,True,False
43,3,69,False,True,False
43,3,70,False,True,False
43,3,71,False,True,False
43,3,72,False,True,False
43,3,73,True,True,False
43,3,74,False,True,False
43,3,75,True,False,True
43,3,76,True,False,True
43,3,77,False,True,False
43,3,78,False,True,False
43,3,79,False,True,False
43,3,80,False,True,False
43,3,81,True,False,True
43,3,82,False,True,False
43,3,83,True,True,False
43,3,84,False,True,False
43,3,85,False,True,False
43,3,86,False,False,True
43,3,87,False,True,False
43,3,88,False,True,False
43,3,89,False,True,False
43,3,90,False,True,False
43,3,91,False,True,False
43,3,92,False,True,False
43,3,93,False,True,False
43,3,94,False,True,False
43,3,95,False,True,False
43,3,96,False,True,False
43,3,97,False,True,False
43,3,98,False,True,False
43,3,99,False,True,False
43,3,100,False,True,False
43,3,101,False,True,False
43,3,102,False,True,False
43,3,103,True,True,False
43,3,104,False,True,False
43,3,105,True,False,True
43,3,106,True,False,True
43,3,107,False,True,False
43,3,108,False,True,False
43,3,109,False,True,False
43,3,110,False,True,False
43,3,111,False,True,False
43,3,112,False,True,False
43,3,113,False,True,False
43,3,114,False,True,False
43,3,115,False,True,False
43,3,116,False,True,False
43,3,117,False,True,False
43,3,118,False,False,True
43,3,119,False,True,False
43,3,120,False,True,False
43,3,121,True,False,True
43,3,122,False,True,False
43,3,123,False,True,False
43,3,124,False,True,False
43,3,125,False,True,False
43,3,126,False,True,False
43,3,127,False,True,False
43,3,128,False,True,False
43,3,129,False,True,False
43,3,130,False,True,False
43,3,131,False,True,False
43,4,1,False,True,False
43,4,2,False,True,False
43,4,3,False,True,False
43,4,4,False,True,False
43,4,5,False,True,False
43,4,6,False,True,False
43,4,7,False,True,False
43,4,8,False,True,False
43,4,9,False,True,False
43,4,10,False,True,False
43,4,11,True,False,True
43,4,12,False,True,False
43,4,13,False,True,False
43,4,14,False,True,False
43,4,15,True,False,True
43,4,16,False,True,False
43,4,17,True,False,True
43,4,18,False,True,False
43,4,19,False,True,False
43,4,20,False,True,False
43,4,21,False,True,False
43,4,22,False,True,False
43,4,23,False,True,False
43,4,24,True,True,False
43,4,25,False,True,False
43,4,26,False,True,False
43,4,27,False,True,False
43,4,28,False,False,True
43,4,29,False,False,True
43,4,30,False,True,False
43,4,31,False,True,False
43,4,32,False,True,False
43,4,33,False,False,True
43,4,34,False,True,False
43,4,35,False,True,False
43,4,36,False,True,False
43,4,37,True,True,False
43,4,38,False,True,False
43,4,39,False,True,False
43,4,40,True,True,False
43,4,41,False,True,False
43,4,42,False,True,False
43,4,43,False,True,False
43,4,44,False,True,False
43,4,45,True,True,False
43,4,46,True,False,True
43,4,47,False,True,False
43,4,48,False,True,False
43,4,49,False,False,True
43,4,50,False,True,False
43,4,51,True,True,False
43,4,52,True,True,False
43,4,53,False,True,False
43,4,54,False,True,False
43,4,55,False,True,False
43,4,56,False,True,False
43,4,57,False,True,False
43,4,58,False,True,False
43,4,59,True,False,True
43,4,60,False,True,False
43,4,61,False,True,False
43,4,62,False,False,True
43,4,63,False,True,False
43,4,64,False,True,False
43,4,65,False,True,False
43,4,66,False,True,False
43,4,67,True,False,True
43,4,68,True,True,False
43,4,69,False,True,False
43,4,70,False,True,False
43,4,71,False,True,False
43,4,72,False,True,False
43,4,73,True,True,False
43,4,74,False,True,False
43,4,75,True,True,False
43,4,76,False,True,False
43,4,77,True,True,False
43,4,78,False,True,False
43,4,79,False,True,False
43,4,80,False,True,False
43,4,81,False,True,False
43,4,82,True,False,True
43,4,83,True,False,True
43,4,84,False,True,False
43,4,85,False,True,False
43,4,86,True,False,True
43,4,87,False,True,False
43,4,88,False,True,False
43,4,89,False,True,False
43,4,90,True,False,True
43,4,91,True,False,True
43,4,92,False,True,False
43,4,93,True,False,True
43,4,94,False,True,False
43,4,95,False,True,False
43,4,96,False,True,False
43,4,97,False,True,False
43,4,98,False,True,False
43,4,99,False,True,False
43,4,100,False,False,True
43,4,101,False,True,False
43,4,102,False,True,False
43,4,103,False,True,False
43,4,104,False,True,False
43,4,105,False,True,False
43,4,106,False,True,False
43,4,107,False,True,False
43,4,108,False,False,True
43,4,109,False,True,False
43,4,110,False,True,False
43,4,111,False,True,False
43,4,112,False,True,False
43,4,113,False,True,False
43,4,114,True,True,False
43,4,115,False,True,False
43,4,116,True,False,True
43,4,117,False,True,False
43,4,118,False,True,False
43,4,119,False,True,False
43,4,120,False,True,False
43,4,121,True,False,True
43,4,122,False,True,False
43,4,123,False,True,False
43,4,124,True,True,False
43,4,125,False,True,False
43,4,126,False,True,False
43,4,127,False,True,False
43,4,128,False,True,False
43,4,129,False,True,False
43,4,130,False,True,False
43,4,131,False,True,False
43,4,132,False,True,False
43,4,133,True,False,True
43,4,134,False,True,False
43,5,1,False,True,False
43,5,2,False,True,False
43,5,3,False,True,False
43,5,4,False,True,False
43,5,5,True,True,False
43,5,6,False,True,False
43,5,7,False,True,False
43,5,8,False,True,False
43,5,9,False,True,False
43,5,10,False,True,False
43,5,11,False,True,False
43,5,12,False,True,False
43,5,13,False,True,False
43,5,14,False,True,False
43,5,15,False,True,False
43,5,16,False,True,False
43,5,17,True,True,False
43,5,18,True,False,True
43,5,19,False,True,False
43,5,20,False,True,False
43,5,21,False,True,False
43,5,22,False,True,False
43,5,23,False,True,False
43,5,24,True,True,False
43,5,25,False,True,False
43,5,26,False,True,False
43,5,27,False,True,False
43,5,28,False,True,False
43,5,29,False,True,False
43,5,30,False,True,False
43,5,31,False,True,False
43,5,32,False,True,False
43,5,33,False,True,False
43,5,34,False,True,False
43,5,35,True,False,True
43,5,36,True,False,True
43,5,37,False,True,False
43,5,38,False,True,False
43,5,39,False,True,False
43,5,40,False,True,False
43,5,41,False,True,False
43,5,42,False,True,False
43,5,43,False,True,False
43,5,44,False,True,False
43,5,45,False,True,False
43,5,46,False,True,False
43,5,47,False,True,False
43,5,48,False,True,False
43,5,49,False,True,False
43,5,50,True,False,True
43,5,51,False,True,False
43,5,52,False,True,False
43,5,53,False,True,False
43,5,54,False,True,False
43,5,55,False,True,False
43,5,56,True,False,True
43,5,57,True,False,True
43,5,58,False,True,False
43,5,59,True,False,True
43,5,60,True,True,False
43,5,61,False,True,False
43,5,62,True,True,False
43,5,63,False,True,False
43,5,64,False,True,False
43,5,65,True,False,True
43,5,66,False,True,False
43,5,67,False,True,False
43,5,68,False,True,False
43,5,69,False,True,False
43,5,70,False,True,False
43,5,71,True,True,False
43,5,72,False,True,False
43,5,73,False,True,False
43,5,74,False,True,False
43,5,75,True,True,False
43,5,76,False,True,False
43,5,77,True,True,False
43,5,78,True,True,False
43,5,79,False,True,False
43,5,80,False,True,False
43,5,81,False,True,False
43,5,82,False,True,False
43,5,83,True,False,True
43,5,84,False,True,False
43,5,85,False,True,False
43,5,86,False,True,False
43,5,87,False,True,False
43,5,88,False,True,False
43,5,89,False,True,False
43,5,90,False,True,False
43,5,91,True,False,True
43,5,92,False,True,False
43,5,93,False,True,False
43,5,94,False,True,False
43,5,95,False,True,False
43,5,96,False,True,False
43,5,97,False,True,False
43,5,98,False,True,False
43,5,99,False,True,False
43,5,100,False,True,False
43,5,101,True,False,True
43,5,102,False,True,False
43,5,103,False,True,False
43,5,104,True,False,True
43,5,105,False,True,False
43,5,106,True,False,True
43,5,107,False,True,False
43,5,108,False,False,True
43,5,109,True,False,True
43,5,110,True,True,False
43,5,111,False,False,True
43,5,112,False,True,False
43,5,113,False,True,False
43,5,114,False,True,False
43,5,115,False,True,False
43,5,116,True,False,True
43,5,117,True,False,True
43,5,118,False,True,False
43,5,119,True,False,True
43,5,120,False,True,False
43,5,121,True,True,False
43,5,122,False,True,False
43,5,123,False,True,False
43,5,124,False,True,False
43,5,125,False,False,True
43,5,126,False,True,False
43,5,127,False,True,False
43,5,128,False,True,False
43,5,129,False,True,False
43,5,130,False,True,False
43,5,131,False,True,False
43,5,132,True,False,True
43,5,133,False,True,False
43,5,134,False,True,False
43,5,135,False,True,False
43,5,136,True,False,True
43,5,137,False,True,False
43,5,138,False,True,False
43,5,139,False,True,False
43,5,140,False,True,False
43,5,141,False,True,False
43,5,142,False,True,False
43,5,143,False,True,False
43,5,144,False,True,False
43,5,145,False,True,False
43,5,146,False,True,False
43,5,147,True,True,False
43,5,148,True,False,True
43,5,149,False,True,False
43,5,150,False,True,False
43,5,151,False,True,False
43,5,152,False,False,True
43,5,153,False,True,False
43,5,154,False,True,False
43,5,155,False,True,False
43,5,156,True,True,False
43,5,157,False,True,False
43,5,158,False,True,False
43,5,159,False,True,False
43,5,160,False,True,False
43,5,161,False,True,False
43,5,162,True,False,True
43,5,163,True,True,False
43,5,164,False,True,False
43,5,165,False,True,False
43,5,166,False,True,False
43,5,167,False,True,False
43,5,168,False,True,False
43,5,169,False,True,False
43,5,170,False,True,False
43,5,171,False,True,False
43,5,172,False,True,False
43,5,173,False,True,False
43,5,174,False,True,False
43,5,175,False,True,False
43,5,176,False,True,False
43,5,177,False,True,False
43,5,178,False,True,False
43,5,179,True,False,True
43,5,180,False,True,False
43,5,181,False,True,False
43,5,182,False,True,False
43,5,183,False,True,False
43,5,184,False,True,False
43,5,185,True,True,False
43,5,186,True,True,False
43,6,1,True,False,True
43,6,2,False,True,False
43,6,3,False,True,False
43,6,4,True,True,False
43,6,5,True,False,True
43,6,6,False,False,True
43,6,7,False,True,False
43,6,8,False,True,False
43,6,9,False,True,False
43,6,10,False,True,False
43,6,11,True,True,False
43,6,12,False,True,False
43,6,13,False,True,False
43,6,14,False,True,False
43,6,15,False,True,False
43,6,16,False,True,False
43,6,17,False,False,True
43,6,18,False,True,False
43,6,19,False,True,False
43,6,20,False,True,False
43,6,21,False,True,False
43,6,22,False,True,False
43,6,23,False,True,False
43,6,24,False,True,False
43,6,25,False,True,False
43,6,26,True,False,True
43,6,27,False,True,False
43,6,28,False,True,False
43,6,29,True,True,False
43,6,30,True,True,False
43,6,31,False,True,False
43,6,32,True,False,True
43,6,33,True,True,False
43,6,34,True,False,True
43,6,35,True,True,False
43,6,36,True,True,False
43,6,37,False,True,False
43,6,38,False,True,False
43,6,39,False,False,True
43,6,40,False,True,False
43,6,41,False,True,False
43,6,42,False,True,False
43,6,43,True,False,True
43,6,44,False,True,False
43,6,45,False,True,False
43,6,46,False,True,False
43,6,47,False,True,False
43,6,48,False,False,True
43,6,49,False,True,False
43,6,50,True,False,True
43,6,51,False,True,False
43,6,52,False,False,True
43,6,53,False,True,False
43,6,54,True,False,True
43,6,55,False,True,False
43,6,56,False,False,True
43,6,57,False,True,False
43,6,58,False,True,False
43,6,59,False,True,False
43,6,60,False,True,False
43,6,61,False,True,False
43,6,62,True,False,True
43,6,63,False,True,False
43,6,64,False,True,False
43,6,65,False,True,False
43,6,66,False,True,False
43,6,67,False,True,False
43,6,68,False,True,False
43,6,69,False,True,False
43,6,70,False,False,True
43,6,71,False,True,False
43,6,72,False,True,False
43,6,73,False,True,False
43,6,74,False,True,False
43,6,75,False,True,False
43,6,76,False,True,False
43,6,77,False,True,False
43,6,78,True,True,False
43,6,79,False,False,True
43,6,80,False,False,True
43,6,81,False,True,False
43,6,82,False,True,False
43,6,83,False,True,False
43,6,84,False,True,False
43,6,85,False,True,False
43,6,86,False,True,False
43,6,87,False,True,False
43,6,88,False,True,False
43,6,89,True,True,False
43,6,90,False,True,False
43,6,91,False,True,False
43,6,92,True,True,False
43,6,93,False,True,False
43,6,94,False,True,False
43,6,95,False,True,False
43,6,96,False,True,False
43,6,97,False,True,False
43,6,98,False,True,False
43,6,99,True,True,False
43,6,100,True,False,True
43,6,101,False,True,False
43,6,102,False,True,False
43,6,103,False,True,False
43,6,104,False,True,False
43,6,105,False,True,False
43,6,106,False,True,False
43,6,107,True,False,True
43,6,108,False,True,False
43,6,109,False,True,False
43,6,110,True,False,True
43,6,111,False,True,False
43,6,112,False,True,False
43,6,113,True,False,True
43,6,114,False,True,False
43,6,115,False,True,False
43,6,116,True,False,True
43,6,117,False,True,False
43,6,118,True,False,True
43,6,119,True,False,True
43,6,120,True,True,False
43,6,121,False,True,False
43,6,122,False,True,False
43,6,123,False,True,False
43,6,124,False,True,False
43,6,125,False,True,False
43,6,126,False,True,False
43,6,127,True,False,True
43,6,128,False,False,True
43,6,129,False,False,True
43,6,130,False,True,False
43,6,131,False,True,False
43,6,132,False,True,False
43,6,133,False,True,False
43,6,134,False,True,False
43,6,135,False,True,False
43,6,136,False,True,False
43,6,137,True,False,True
43,6,138,False,True,False
43,6,139,False,True,False
43,6,140,False,True,False
43,6,141,False,True,False
43,6,142,False,True,False
43,6,143,True,False,True
43,6,144,False,True,False
43,6,145,False,True,False
43,6,146,False,True,False
43,6,147,False,True,False
43,6,148,True,False,True
43,6,149,False,True,False
43,6,150,False,True,False
43,6,151,False,True,False
43,6,152,True,True,False
43,6,153,False,True,False
43,6,154,False,True,False
43,6,155,False,True,False
43,6,156,False,True,False
43,6,157,False,True,False
43,6,158,False,True,False
43,6,159,False,True,False
43,6,160,False,True,False
43,6,161,False,True,False
43,6,162,False,True,False
43,6,163,False,False,True
43,6,164,True,False,True
43,6,165,False,True,False
43,6,166,False,True,False
43,6,167,False,True,False
43,6,168,False,True,False
43,6,169,False,True,False
43,6,170,True,False,True
43,6,171,False,True,False
43,6,172,True,True,False
43,6,173,False,True,False
43,6,174,False,True,False
43,6,175,True,False,True
43,6,176,False,True,False
43,6,177,False,True,False
43,6,178,False,True,False
43,6,179,True,False,True
43,6,180,True,True,False
43,6,181,False,True,False
43,6,182,False,True,False
43,6,183,False,True,False
43,6,184,False,True,False
43,6,185,False,False,True
43,6,186,False,True,False
43,6,187,False,True,False
43,6,188,False,True,False
43,6,189,False,True,False
43,6,190,True,False,True
43,6,191,False,True,False
43,6,192,False,True,False
43,6,193,False,True,False
43,6,194,False,True,False
43,6,195,False,True,False
43,6,196,False,True,False
43,6,197,False,True,False
43,6,198,False,True,False
43,6,199,False,True,False
43,6,200,False,True,False
43,6,201,False,False,True
43,6,202,False,True,False
43,6,203,True,False,True
43,6,204,True,True,False
43,6,205,False,True,False
43,6,206,True,True,False
43,6,207,True,False,True
43,6,208,True,False,True
43,6,209,False,True,False
43,6,210,False,True,False
43,6,211,False,True,False
43,6,212,False,True,False
43,6,213,False,True,False
43,6,214,False,True,False
43,6,215,False,True,False
43,6,216,False,True,False
43,6,217,False,True,False
43,6,218,False,True,False
43,6,219,False,True,False
43,6,220,False,True,False
43,6,221,False,True,False
43,6,222,False,True,False
43,6,223,False,True,False
43,6,224,False,True,False
43,6,225,False,True,False
43,6,226,False,True,False
43,6,227,True,False,True
43,6,228,False,True,False
43,6,229,False,False,True
43,6,230,False,True,False
43,7,1,True,False,True
43,7,2,False,False,True
43,7,3,True,False,True
43,7,4,True,False,True
43,7,5,True,False,True
43,7,6,True,False,True
43,7,7,True,False,True
43,7,8,True,False,True
43,7,9,True,False,True
43,7,10,True,False,True
43,7,11,True,False,True
43,7,12,True,False,True
43,7,13,True,False,True
43,7,14,True,False,True
43,7,15,False,True,False
43,7,16,False,True,False
43,7,17,False,True,False
43,7,18,False,True,False
43,7,19,True,True,False
43,7,20,False,True,False
43,7,21,False,True,False
43,7,22,False,True,False
43,7,23,True,False,True
43,7,24,False,True,False
43,7,25,False,False,True
43,7,26,False,True,False
43,7,27,False,True,False
43,7,28,False,True,False
43,7,29,False,True,False
43,7,30,False,False,True
43,7,31,False,True,False
43,7,32,False,True,False
43,7,33,False,True,False
43,7,34,False,True,False
43,7,35,False,True,False
43,7,36,False,True,False
43,7,37,False,True,False
43,7,38,False,True,False
43,7,39,False,True,False
43,7,40,False,True,False
43,7,41,False,True,False
43,7,42,False,True,False
43,7,43,True,False,True
43,7,44,False,True,False
43,7,45,False,True,False
43,7,46,False,True,False
43,7,47,False,True,False
43,7,48,False,False,True
43,7,49,False,True,False
43,7,50,False,True,False
43,7,51,False,True,False
43,7,52,False,True,False
43,7,53,False,True,False
43,7,54,False,False,True
43,7,55,False,True,False
43,7,56,False,True,False
43,7,57,False,True,False
43,7,58,True,False,True
43,7,59,True,False,True
43,7,60,False,True,False
43,7,61,False,True,False
43,7,62,False,True,False
43,7,63,False,True,False
43,7,64,False,True,False
43,7,65,False,True,False
43,7,66,False,True,False
43,7,67,False,True,False
43,7,68,False,True,False
43,7,69,False,True,False
43,7,70,False,True,False
43,7,71,False,True,False
43,7,72,False,True,False
43,7,73,False,True,False
43,7,74,False,True,False
43,7,75,False,True,False
43,7,76,False,True,False
43,7,77,False,True,False
43,7,78,False,True,False
43,7,79,False,True,False
43,7,80,True,False,True
43,7,81,False,True,False
43,7,82,False,True,False
43,7,83,False,True,False
43,7,84,False,True,False
43,7,85,False,True,False
43,7,86,False,True,False
43,7,87,False,True,False
43,7,88,False,True,False
43,7,89,False,True,False
43,7,90,False,True,False
43,7,91,False,True,False
43,7,92,False,True,False
43,7,93,False,True,False
43,7,94,False,True,False
43,7,95,False,True,False
43,7,96,False,True,False
43,7,97,True,False,True
43,7,98,False,False,True
43,7,99,True,False,True
43,7,100,False,True,False
43,7,101,False,True,False
43,7,102,False,True,False
43,7,103,False,True,False
43,7,104,False,True,False
43,7,105,False,True,False
43,7,106,True,True,False
43,7,107,False,True,False
43,7,108,False,True,False
43,7,109,False,True,False
43,7,110,True,True,False
43,7,111,False,False,True
43,7,112,False,True,False
43,7,113,False,True,False
43,7,114,False,True,False
43,7,115,False,True,False
43,8,1,False,True,False
43,8,2,True,False,True
43,8,3,True,False,True
43,8,4,False,True,False
43,8,5,True,False,True
43,8,6,False,True,False
43,8,7,False,False,True
43,8,8,True,False,True
43,8,9,False,True,False
43,8,10,True,False,True
43,8,11,True,False,True
43,8,12,False,True,False
43,8,13,True,False,True
43,8,14,False,True,False
43,8,15,False,True,False
43,8,16,True,True,False
43,8,17,True,False,True
43,8,18,False,True,False
43,8,19,True,False,True
43,8,20,False,True,False
43,8,21,False,False,True
43,8,22,False,False,True
43,8,23,True,True,False
43,8,24,False,True,False
43,8,25,False,True,False
43,8,26,False,True,False
43,8,27,False,True,False
43,8,28,False,True,False
43,8,29,False,True,False
43,8,30,False,True,False
43,8,31,False,True,False
43,8,32,False,True,False
43,8,33,True,False,True
43,8,34,False,True,False
43,8,35,False,True,False
43,8,36,False,True,False
43,8,37,False,True,False
43,8,38,False,True,False
43,8,39,True,False,True
43,8,40,True,True,False
43,8,41,False,True,False
43,8,42,True,False,True
43,8,43,False,True,False
43,8,44,False,True,False
43,8,45,False,True,False
43,8,46,False,True,False
43,8,47,False,True,False
43,8,48,False,True,False
43,8,49,False,True,False
43,8,50,False,True,False
43,8,51,False,True,False
43,8,52,False,True,False
43,8,53,False,True,False
43,8,54,False,True,False
43,8,55,False,True,False
43,8,56,False,True,False
43,8,57,True,False,True
43,8,58,False,True,False
43,8,59,False,False,True
43,8,60,False,True,False
43,8,61,False,True,False
43,8,62,False,True,False
43,8,63,False,True,False
43,8,64,False,True,False
43,8,65,False,True,False
43,8,66,True,True,False
43,8,67,False,True,False
43,8,68,False,True,False
43,8,69,False,True,False
43,8,70,False,True,False
43,8,71,False,True,False
43,8,72,False,True,False
43,8,73,False,True,False
43,8,74,False,True,False
43,8,75,False,True,False
43,8,76,False,True,False
43,8,77,False,True,False
43,8,78,False,True,False
43,8,79,False,True,False
43,8,80,False,True,False
43,8,81,False,False,True
43,8,82,True,True,False
43,8,83,False,True,False
43,8,84,False,True,False
43,8,85,False,True,False
43,8,86,True,False,True
43,8,87,False,True,False
43,8,88,False,True,False
43,8,89,True,True,False
43,8,90,False,True,False
43,8,91,False,True,False
43,8,92,False,True,False
43,8,93,True,True,False
43,8,94,False,True,False
43,8,95,False,True,False
43,8,96,False,False,True
43,8,97,False,True,False
43,8,98,False,True,False
43,8,99,False,True,False
43,8,100,False,True,False
43,8,101,True,False,True
43,8,102,False,True,False
43,8,103,False,True,False
43,8,104,True,True,False
43,8,105,True,True,False
43,8,106,False,True,False
43,8,107,False,True,False
43,8,108,False,True,False
43,8,109,False,True,False
43,8,110,True,True,False
43,8,111,False,True,False
43,8,112,False,True,False
43,8,113,True,False,True
43,8,114,False,True,False
43,8,115,True,False,True
43,8,116,False,True,False
43,8,117,False,True,False
43,8,118,True,False,True
43,8,119,False,True,False
43,8,120,False,True,False
43,8,121,True,False,True
43,8,122,False,True,False
43,8,123,False,True,False
43,8,124,True,False,True
43,8,125,False,True,False
43,8,126,False,True,False
43,8,127,False,True,False
43,8,128,False,False,True
43,8,129,False,True,False
43,8,130,False,True,False
43,8,131,False,True,False
43,8,132,False,True,False
43,8,133,False,True,False
43,8,134,False,True,False
43,8,135,True,False,True
43,8,136,False,True,False
43,8,137,False,True,False
43,8,138,False,True,False
43,8,139,False,True,False
43,8,140,False,True,False
43,8,141,False,True,False
43,8,142,False,True,False
43,8,143,False,True,False
43,8,144,False,False,True
43,8,145,False,True,False
43,8,146,True,True,False
43,8,147,False,True,False
43,8,148,False,True,False
43,8,149,False,True,False
43,8,150,False,True,False
43,8,151,True,False,True
43,8,152,True,False,True
43,8,153,False,True,False
43,8,154,False,True,False
43,8,155,False,True,False
43,8,156,False,True,False
43,8,157,True,False,True
43,8,158,False,True,False
43,8,159,True,False,True
43,8,160,False,True,False
43,8,161,False,True,False
43,8,162,False,True,False
43,8,163,False,True,False
43,8,164,True,False,True
43,8,165,False,True,False
43,8,166,False,True,False
43,8,167,True,False,True
43,8,168,False,True,False
43,8,169,False,True,False
43,8,170,False,True,False
43,8,171,False,True,False
43,8,172,True,True,False
43,8,173,False,True,False
43,8,174,False,True,False
43,8,175,True,True,False
43,8,176,True,True,False
43,8,177,False,True,False
43,8,178,False,True,False
43,8,179,False,True,False
43,8,180,True,False,True
43,8,181,False,True,False
43,8,182,False,False,True
43,8,183,False,True,False
43,8,184,False,True,False
43,8,185,False,True,False
43,8,186,False,True,False
43,8,187,False,True,False
43,8,188,False,True,False
43,8,189,False,False,True
43,8,190,False,True,False
43,8,191,False,True,False
43,8,192,False,True,False
43,8,193,True,False,True
43,8,194,False,True,False
43,8,195,False,True,False
43,8,196,False,True,False
43,8,197,False,True,False
43,8,198,False,False,True
43,8,199,True,False,True
43,8,200,True,False,True
43,8,201,False,True,False
43,8,202,False,True,False
43,8,203,False,True,False
43,8,204,False,True,False
43,8,205,True,False,True
43,8,206,True,False,True
43,8,207,False,True,False
43,8,208,False,False,True
43,8,209,False,True,False
43,8,210,False,True,False
43,8,211,False,True,False
43,8,212,False,True,False
43,8,213,False,True,False
43,8,214,False,True,False
43,8,215,False,True,False
43,8,216,False,True,False
43,8,217,False,True,False
43,8,218,True,False,True
43,8,219,False,True,False
43,8,220,False,True,False
43,8,221,True,True,False
43,8,222,False,True,False
43,8,223,False,True,False
43,8,224,False,False,True
43,8,225,False,True,False
43,8,226,False,True,False
43,8,227,False,True,False
43,8,228,False,True,False
43,8,229,False,True,False
43,8,230,True,True,False
43,8,231,False,True,False
43,8,232,False,True,False
43,8,233,True,False,True
43,8,234,True,False,True
43,8,235,False,True,False
43,8,236,False,True,False
43,8,237,False,True,False
43,8,238,False,True,False
43,8,239,False,True,False
43,8,240,False,False,True
43,8,241,False,True,False
43,8,242,False,True,False
43,8,243,False,True,False
43,8,244,False,True,False
43,8,245,False,True,False
43,8,246,False,True,False
43,8,247,False,True,False
43,8,248,True,False,True
43,8,249,False,True,False
43,8,250,True,False,True
43,8,251,True,True,False
43,8,252,False,True,False
43,8,253,False,True,False
43,8,254,False,True,False
43,8,255,True,False,True
43,8,256,False,True,False
43,8,257,False,True,False
43,8,258,True,True,False
43,8,259,True,False,True
43,8,260,True,True,False
43,8,261,False,True,False
43,8,262,False,True,False
43,8,263,False,True,False
43,8,264,True,False,True
43,8,265,False,True,False
43,8,266,False,False,True
43,8,267,False,True,False
43,8,268,False,True,False
43,8,269,True,False,True
43,8,270,False,True,False
43,8,271,False,True,False
43,8,272,True,False,True
43,8,273,True,False,True
43,8,274,False,True,False
43,8,275,True,True,False
43,8,276,False,True,False
43,8,277,False,True,False
43,8,278,False,True,False
43,8,279,False,False,True
43,8,280,False,True,False
43,8,281,False,False,True
43,8,282,False,True,False
43,8,283,False,False,True
43,8,284,False,True,False
43,8,285,False,True,False
43,8,286,False,True,False
43,8,287,True,False,True
43,8,288,False,True,False
43,8,289,False,True,False
43,8,290,False,True,False
43,8,291,False,True,False
43,8,292,False,True,False
43,8,293,False,True,False
43,8,294,True,True,False
43,8,295,False,True,False
43,8,296,False,True,False
43,8,297,False,True,False
43,8,298,False,True,False
43,8,299,True,True,False
43,8,300,True,False,True
43,8,301,False,True,False
43,8,302,False,True,False
43,8,303,False,True,False
43,8,304,False,False,True
43,8,305,False,True,False
43,8,306,False,True,False
43,8,307,False,True,False
43,8,308,False,True,False
43,8,309,False,True,False
43,8,310,False,True,False
43,8,311,False,False,True
43,8,312,False,True,False
43,8,313,False,False,True
43,8,314,False,True,False
43,8,315,False,True,False
43,8,316,False,True,False
43,8,317,True,False,True
43,8,318,False,True,False
43,8,319,False,True,False
43,8,320,False,True,False
43,8,321,False,False,True
43,8,322,False,True,False
43,8,323,False,True,False
43,8,324,True,False,True
43,8,325,False,True,False
43,8,326,False,False,True
43,8,327,False,True,False
43,8,328,False,False,True
43,8,329,False,False,True
43,8,330,False,True,False
43,8,331,False,True,False
43,8,332,False,True,False
43,8,333,True,True,False
43,8,334,False,True,False
43,8,335,True,True,False
43,8,336,False,False,True
43,8,337,False,True,False
43,8,338,False,False,True
43,8,339,False,True,False
43,8,340,False,True,False
43,8,341,False,True,False
43,8,342,False,True,False
43,8,343,False,True,False
43,8,344,False,True,False
43,8,345,True,True,False
43,8,346,False,True,False
43,8,347,False,True,False
43,8,348,False,True,False
43,8,349,False,True,False
43,8,350,False,True,False
43,8,351,False,True,False
43,8,352,False,True,False
43,8,353,False,True,False
43,8,354,False,True,False
43,8,355,False,True,False
43,8,356,False,True,False
43,8,357,False,True,False
43,8,358,False,False,True
43,8,359,False,False,True
43,8,360,False,False,True
43,8,361,False,False,True
43,8,362,False,True,False
43,8,363,False,True,False
43,8,364,False,True,False
43,8,365,False,True,False
43,8,366,True,True,False
43,8,367,True,True,False
43,8,368,False,True,False
43,8,369,False,True,False
43,8,370,True,False,True
43,8,371,True,False,True
43,8,372,True,False,True
43,8,373,False,True,False
43,8,374,True,False,True
43,8,375,False,True,False
43,8,376,False,True,False
43,8,377,False,True,False
43,8,378,False,True,False
43,8,379,False,True,False
43,8,380,False,True,False
43,8,381,False,True,False
43,8,382,False,True,False
43,8,383,False,True,False
43,8,384,False,True,False
43,8,385,False,True,False
43,8,386,False,False,True
43,8,387,False,True,False
43,8,388,False,True,False
43,8,389,False,True,False
43,8,390,False,True,False
43,8,391,False,True,False
43,8,392,True,False,True
43,8,393,False,True,False
43,8,394,False,True,False
43,8,395,False,True,False
43,8,396,True,False,True
43,8,397,True,False,True
43,8,398,False,True,False
43,8,399,False,True,False
43,8,400,True,False,True
43,8,401,False,True,False
43,8,402,False,True,False
43,8,403,True,True,False
43,8,404,False,True,False
43,8,405,False,True,False
43,8,406,True,False,True
43,8,407,False,True,False
43,8,408,False,True,False
43,8,409,False,True,False
43,8,410,False,True,False
43,8,411,False,True,False
43,8,412,False,True,False
43,8,413,False,True,False
43,8,414,False,False,True
43,8,415,False,True,False
43,8,416,False,True,False
43,8,417,False,True,False
43,8,418,False,True,False
43,8,419,False,True,False
43,8,420,True,False,True
43,8,421,False,True,False
43,8,422,False,False,True
43,8,423,False,True,False
43,8,424,False,True,False
43,8,425,False,True,False
43,8,426,False,True,False
43,8,427,False,True,False
43,8,428,False,True,False
43,8,429,True,False,True
43,8,430,False,True,False
43,8,431,False,True,False
43,8,432,False,True,False
43,8,433,False,False,True
43,8,434,False,True,False
43,8,435,False,True,False
43,8,436,False,True,False
43,8,437,False,True,False
43,8,438,False,False,True
43,8,439,False,True,False
43,8,440,True,False,True
43,8,441,False,False,True
43,8,442,True,False,True
43,8,443,False,True,False
43,8,444,False,True,False
43,8,445,False,True,False
43,8,446,False,True,False
43,8,447,False,True,False
43,8,448,False,True,False
43,8,449,False,True,False
43,8,450,True,False,True
43,8,451,False,False,True
43,8,452,False,True,False
43,8,453,False,True,False
43,8,454,False,True,False
43,8,455,False,True,False
43,8,456,False,True,False
43,8,457,False,True,False
43,8,458,True,False,True
43,8,459,False,True,False
43,8,460,False,False,True
43,8,461,False,True,False
43,8,462,False,True,False
43,8,463,False,True,False
43,8,464,False,True,False
43,8,465,False,True,False
43,8,466,False,True,False
43,8,467,False,True,False
43,8,468,False,True,False
43,8,469,False,True,False
43,8,470,False,True,False
43,8,471,True,False,True
43,8,472,False,True,False
43,8,473,False,True,False
43,8,474,False,True,False
43,8,475,False,True,False
43,8,476,True,True,False
43,8,477,True,False,True
43,8,478,False,True,False
43,8,479,True,False,True
43,8,480,False,False,True
43,8,481,False,True,False
43,8,482,False,True,False
43,8,483,False,True,False
43,8,484,True,False,True
43,8,485,False,False,True
43,8,486,True,True,False
43,8,487,False,True,False
43,8,488,False,False,True
43,8,489,True,False,True
43,8,490,True,True,False
43,8,491,False,True,False
43,8,492,False,True,False
43,8,493,False,True,False
43,8,494,True,False,True
43,8,495,False,True,False
43,8,496,False,True,False
43,8,497,False,True,False
43,8,498,False,True,False
43,8,499,False,False,True
43,8,500,False,False,True
43,8,501,False,True,False
43,8,502,False,True,False
43,8,503,True,False,True
43,8,504,False,True,False
43,9,1,False,True,False
43,9,2,False,True,False
43,9,3,True,False,True
43,9,4,False,True,False
43,9,5,False,True,False
43,9,6,False,True,False
43,9,7,False,True,False
43,9,8,True,False,True
43,9,9,False,True,False
43,9,10,False,True,False
43,9,11,True,True,False
43,9,12,False,True,False
43,9,13,True,False,True
43,9,14,False,True,False
43,9,15,False,True,False
43,9,16,True,False,True
43,9,17,False,True,False
43,9,18,False,True,False
43,9,19,False,True,False
43,9,20,True,False,True
43,9,21,True,False,True
43,9,22,False,True,False
43,9,23,False,True,False
43,9,24,False,True,False
43,9,25,False,True,False
43,9,26,False,True,False
43,9,27,False,True,False
43,9,28,False,True,False
43,9,29,True,False,True
43,9,30,False,True,False
43,9,31,True,False,True
43,9,32,False,True,False
43,9,33,False,True,False
43,9,34,False,True,False
43,9,35,False,False,True
43,9,36,False,True,False
43,9,37,True,False,True
43,9,38,False,True,False
43,9,39,True,True,False
43,9,40,False,True,False
43,9,41,False,True,False
43,9,42,False,True,False
43,9,43,True,True,False
43,9,44,False,True,False
43,9,45,False,True,False
43,9,46,False,True,False
43,9,47,False,True,False
43,9,48,False,True,False
43,9,49,False,True,False
43,9,50,False,True,False
43,9,51,False,True,False
43,9,52,False,True,False
43,9,53,False,True,False
43,9,54,False,True,False
43,9,55,True,False,True
43,9,56,False,True,False
43,9,57,False,True,False
43,9,58,False,True,False
43,9,59,False,True,False
43,9,60,False,True,False
43,9,61,True,True,False
43,9,62,True,False,True
43,9,63,False,True,False
43,9,64,False,True,False
43,9,65,False,True,False
43,9,66,False,True,False
43,9,67,False,True,False
43,9,68,False,True,False
43,9,69,False,True,False
43,9,70,True,True,False
43,9,71,False,True,False
43,9,72,False,True,False
43,9,73,False,True,False
43,9,74,False,True,False
43,9,75,False,True,False
43,9,76,True,False,True
43,9,77,False,True,False
43,9,78,False,True,False
43,9,79,True,False,True
43,9,80,False,True,False
43,9,81,False,True,False
43,9,82,False,True,False
43,9,83,True,False,True
43,9,84,False,True,False
43,9,85,False,True,False
43,9,86,False,True,False
43,9,87,False,True,False
43,9,88,True,False,True
43,9,89,False,True,False
43,9,90,False,True,False
43,9,91,False,True,False
43,9,92,False,True,False
43,9,93,True,True,False
43,9,94,False,True,False
43,9,95,False,False,True
43,9,96,False,True,False
43,9,97,False,False,True
43,9,98,False,True,False
43,9,99,False,True,False
43,9,100,False,True,False
43,9,101,False,True,False
43,9,102,False,True,False
43,9,103,False,True,False
43,9,104,False,True,False
43,9,105,True,True,False
43,9,106,False,True,False
43,9,107,False,True,False
43,9,108,False,True,False
43,9,109,False,True,False
43,9,110,False,True,False
43,9,111,False,True,False
43,9,112,False,True,False
43,9,113,False,True,False
43,9,114,True,True,False
43,10,1,True,True,False
43,10,2,False,True,False
43,10,3,False,True,False
43,10,4,False,True,False
43,10,5,False,True,False
43,10,6,False,True,False
43,10,7,False,True,False
43,10,8,False,True,False
43,10,9,False,True,False
43,10,10,False,True,False
43,10,11,True,True,False
43,10,12,True,True,False
43,10,13,True,True,False
43,10,14,False,True,False
43,10,15,False,True,False
43,10,16,False,True,False
43,10,17,False,True,False
43,10,18,False,True,False
43,10,19,False,True,False
43,10,20,False,True,False
43,10,21,False,True,False
43,10,22,False,True,False
43,10,23,False,True,False
43,10,24,False,True,False
43,10,25,False,True,False
43,10,26,False,True,False
43,10,27,False,True,False
43,10,28,True,False,True
43,10,29,True,True,False
43,10,30,False,True,False
43,10,31,True,True,False
43,10,32,False,True,False
43,11,1,False,True,False
43,11,2,True,True,False
43,11,3,False,True,False
43,11,4,False,True,False
43,11,5,False,True,False
43,11,6,False,False,True
43,11,7,False,True,False
43,11,8,False,True,False
43,11,9,True,False,True
43,11,10,False,True,False
43,11,11,False,True,False
43,11,12,True,True,False
43,11,13,True,False,True
43,11,14,True,False,True
43,11,15,False,True,False
43,11,16,False,True,False
43,11,17,False,True,False
43,11,18,True,False,True
43,11,19,False,True,False
43,11,20,False,True,False
43,11,21,True,True,False
43,11,22,False,True,False
43,11,23,True,False,True
43,11,24,False,True,False
43,11,25,True,False,True
43,11,26,False,True,False
43,11,27,False,False,True
43,11,28,False,True,False
43,11,29,False,True,False
43,11,30,False,True,False
43,11,31,False,True,False
43,11,32,False,True,False
43,11,33,False,False,True
43,11,34,False,True,False
43,11,35,False,False,True
43,11,36,True,True,False
43,11,37,False,True,False
43,11,38,False,True,False
43,11,39,False,True,False
43,11,40,False,True,False
43,11,41,True,False,True
43,11,42,False,True,False
43,11,43,False,True,False
43,11,44,False,True,False
43,11,45,False,True,False
43,11,46,False,True,False
43,11,47,False,True,False
43,11,48,False,True,False
43,11,49,False,True,False
43,11,50,True,True,False
43,11,51,False,True,False
43,11,52,True,True,False
43,11,53,False,True,False
43,11,54,False,True,False
43,11,55,False,True,False
43,11,56,False,True,False
43,11,57,False,True,False
43,11,58,False,True,False
43,11,59,False,True,False
43,11,60,True,False,True
43,11,61,True,False,True
43,11,62,False,False,True
43,11,63,True,True,False
43,11,64,False,True,False
43,11,65,True,False,True
43,11,66,False,True,False
43,11,67,False,True,False
43,11,68,True,False,True
43,11,69,False,True,False
43,11,70,False,True,False
43,11,71,False,True,False
43,11,72,False,True,False
43,11,73,True,True,False
43,11,74,False,True,False
43,11,75,False,True,False
43,11,76,True,False,True
43,11,77,False,True,False
43,11,78,False,True,False
43,11,79,False,True,False
43,11,80,False,True,False
43,11,81,False,True,False
43,11,82,False,True,False
43,11,83,True,False,True
43,11,84,True,True,False
43,11,85,False,True,False
43,11,86,False,False,True
43,11,87,False,True,False
43,11,88,True,True,False
43,11,89,False,True,False
43,11,90,False,True,False
43,11,91,True,False,True
43,11,92,False,True,False
43,11,93,False,True,False
43,11,94,False,True,False
43,11,95,False,True,False
43,11,96,True,False,True
43,11,97,False,True,False
43,11,98,False,True,False
43,11,99,False,True,False
43,11,100,False,True,False
43,11,101,False,True,False
43,11,102,False,True,False
43,11,103,False,False,True
43,11,104,False,True,False
43,11,105,False,True,False
43,11,106,False,True,False
43,11,107,False,True,False
43,11,108,False,True,False
43,11,109,False,True,False
43,11,110,False,True,False
43,11,111,False,True,False
43,11,112,False,True,False
43,11,113,False,True,False
43,11,114,False,True,False
43,11,115,False,True,False
43,11,116,False,True,False
43,11,117,False,True,False
43,11,118,False,True,False
43,11,119,False,True,False
43,11,120,False,True,False
43,11,121,False,True,False
43,11,122,False,True,False
43,11,123,False,True,False
43,11,124,False,True,False
43,11,125,False,True,False
43,11,126,False,True,False
43,11,127,False,True,False
43,11,128,True,False,True
43,11,129,False,True,False
43,11,130,False,True,False
43,11,131,True,False,True
43,11,132,False,True,False
43,11,133,True,False,True
43,11,134,False,True,False
43,11,135,False,True,False
43,11,136,False,True,False
43,11,137,False,True,False
43,11,138,False,False,True
43,11,139,False,False,True
43,11,140,False,True,False
43,11,141,True,False,True
43,12,1,True,True,False
43,12,2,True,False,True
43,12,3,False,True,False
43,12,4,False,True,False
43,12,5,False,True,False
43,12,6,True,False,True
43,12,7,True,True,False
43,12,8,False,True,False
43,12,9,False,True,False
43,12,10,True,False,True
43,12,11,True,True,False
43,12,12,True,False,True
43,12,13,False,True,False
43,12,14,False,True,False
43,12,15,False,False,True
43,12,16,False,True,False
43,12,17,False,True,False
43,12,18,False,True,False
43,12,19,False,True,False
43,12,20,True,False,True
43,12,21,False,True,False
43,12,22,False,True,False
43,12,23,True,False,True
43,12,24,True,False,True
43,12,25,False,True,False
43,12,26,False,True,False
43,12,27,False,True,False
43,12,28,False,True,False
43,12,29,False,True,False
43,12,30,True,True,False
43,12,31,False,True,False
43,12,32,True,False,True
43,12,33,False,True,False
43,12,34,True,True,False
43,12,35,False,True,False
43,12,36,False,True,False
43,12,37,False,True,False
43,12,38,False,True,False
43,12,39,False,True,False
43,12,40,False,True,False
43,12,41,True,False,True
43,12,42,True,True,False
43,12,43,False,True,False
43,12,44,False,True,False
43,12,45,False,True,False
43,12,46,False,False,True
43,12,47,False,True,False
43,12,48,False,True,False
43,12,49,False,True,False
43,12,50,True,True,False
43,12,51,False,True,False
43,12,52,False,True,False
43,12,53,False,True,False
43,12,54,False,True,False
43,12,55,False,True,False
43,12,56,False,True,False
43,12,57,False,True,False
43,12,58,False,True,False
43,12,59,False,True,False
43,12,60,True,False,True
43,12,61,False,True,False
43,12,62,True,False,True
43,12,63,False,True,False
43,12,64,True,False,True
43,12,65,False,True,False
43,12,66,False,True,False
43,12,67,False,True,False
43,12,68,True,False,True
43,12,69,False,True,False
43,12,70,False,True,False
43,12,71,False,True,False
43,12,72,False,True,False
43,12,73,False,True,False
43,12,74,False,True,False
43,12,75,False,True,False
43,12,76,False,True,False
43,12,77,False,True,False
43,12,78,False,True,False
43,12,79,False,True,False
43,12,80,True,True,False
43,12,81,False,True,False
43,12,82,False,True,False
43,12,83,False,True,False
43,12,84,False,True,False
43,12,85,False,True,False
43,12,86,False,True,False
43,12,87,False,True,False
43,12,88,False,True,False
43,12,89,True,False,True
43,12,90,False,True,False
43,12,91,False,True,False
43,12,92,False,True,False
43,12,93,False,True,False
43,12,94,False,True,False
43,12,95,False,True,False
43,12,96,False,True,False
43,12,97,False,True,False
43,12,98,False,True,False
43,12,99,True,False,True
43,12,100,False,True,False
43,12,101,True,True,False
43,12,102,False,True,False
43,12,103,False,True,False
43,12,104,False,True,False
43,12,105,False,True,False
43,12,106,False,True,False
43,12,107,False,True,False
43,12,108,False,True,False
43,12,109,True,False,True
43,12,110,False,True,False
43,12,111,False,True,False
43,12,112,False,True,False
43,12,113,False,True,False
43,12,114,False,True,False
43,12,115,False,True,False
43,12,116,False,True,False
43,12,117,False,True,False
43,12,118,False,True,False
43,12,119,False,True,False
43,12,120,True,True,False
43,12,121,False,True,False
43,12,122,False,True,False
43,12,123,False,True,False
43,12,124,True,True,False
43,12,125,False,True,False
43,12,126,False,True,False
43,12,127,False,False,True
43,12,128,False,True,False
43,12,129,False,True,False
43,12,130,False,True,False
43,12,131,False,True,False
43,12,132,False,True,False
43,12,133,False,True,False
43,12,134,False,True,False
43,12,135,False,True,False
43,12,136,True,True,False
43,13,1,False,True,False
43,13,2,False,True,False
43,13,3,False,True,False
43,13,4,False,True,False
43,13,5,False,True,False
43,13,6,True,True,False
43,13,7,False,True,False
43,13,8,False,True,False
43,13,9,False,True,False
43,13,10,False,True,False
43,13,11,False,True,False
43,13,12,False,True,False
43,13,13,False,True,False
43,13,14,False,True,False
43,13,15,True,False,True
43,13,16,False,True,False
43,13,17,False,True,False
43,13,18,False,True,False
43,13,19,False,True,False
43,13,20,True,True,False
43,13,21,False,True,False
43,13,22,True,False,True
43,13,23,False,True,False
43,13,24,True,False,True
43,13,25,False,True,False
43,13,26,False,True,False
43,13,27,False,True,False
43,13,28,False,True,False
43,13,29,True,True,False
43,13,30,True,True,False
43,13,31,True,True,False
43,13,32,False,True,False
43,13,33,True,True,False
43,13,34,False,True,False
43,13,35,False,True,False
43,13,36,False,True,False
43,13,37,True,False,True
43,13,38,False,True,False
43,13,39,False,True,False
43,13,40,False,True,False
43,13,41,False,True,False
43,13,42,False,True,False
43,13,43,False,True,False
43,13,44,False,True,False
43,13,45,False,True,False
43,13,46,True,True,False
43,13,47,False,True,False
43,13,48,True,True,False
43,13,49,False,True,False
43,13,50,False,True,False
43,13,51,False,True,False
43,13,52,False,True,False
43,13,53,False,True,False
43,13,54,False,True,False
43,13,55,False,True,False
43,13,56,False,True,False
43,13,57,False,True,False
43,13,58,False,True,False
43,13,59,False,True,False
43,13,60,False,True,False
43,13,61,False,True,False
43,13,62,False,True,False
43,13,63,True,False,True
43,13,64,False,True,False
43,13,65,False,True,False
43,13,66,False,True,False
43,13,67,True,True,False
43,13,68,False,True,False
43,13,69,False,True,False
43,13,70,False,True,False
43,14,1,True,True,False
43,14,2,True,True,False
43,14,3,False,True,False
43,14,4,True,True,False
43,14,5,False,True,False
43,14,6,True,True,False
43,14,7,False,True,False
43,14,8,False,True,False
43,14,9,True,True,False
43,14,10,False,True,False
43,14,11,False,True,False
43,14,12,False,True,False
43,14,13,False,True,False
43,14,14,False,True,False
43,14,15,True,True,False
43,14,16,False,True,False
43,14,17,False,True,False
43,14,18,False,True,False
43,14,19,False,True,False
43,14,20,False,True,False
43,14,21,True,False,True
43,14,22,False,True,False
43,14,23,False,True,False
43,14,24,False,True,False
43,14,25,False,True,False
43,14,26,False,True,False
43,14,27,False,True,False
43,14,28,False,False,True
43,14,29,False,True,False
43,14,30,False,False,True
43,14,31,False,True,False
43,14,32,True,False,True
43,14,33,False,True,False
43,14,34,False,True,False
43,14,35,False,True,False
43,14,36,False,True,False
43,14,37,True,True,False
43,14,38,False,True,False
43,14,39,False,True,False
43,14,40,False,True,False
43,14,41,True,False,True
43,14,42,False,True,False
43,14,43,False,True,False
43,14,44,False,True,False
43,14,45,False,True,False
43,14,46,False,True,False
43,14,47,False,True,False
43,14,48,False,True,False
43,14,49,True,False,True
43,14,50,False,True,False
43,14,51,False,True,False
43,14,52,False,True,False
43,14,53,False,True,False
43,14,54,False,True,False
43,14,55,False,True,False
43,14,56,False,True,False
43,14,57,False,True,False
43,14,58,False,True,False
43,14,59,True,False,True
43,14,60,False,True,False
43,15,1,False,True,False
43,15,2,True,False,True
43,15,3,True,False,True
43,15,4,False,True,False
43,15,5,False,True,False
43,15,6,False,True,False
43,15,7,True,False,True
43,15,8,False,True,False
43,15,9,False,True,False
43,15,10,False,True,False
43,15,11,False,True,False
43,15,12,True,True,False
43,15,13,False,True,False
43,15,14,True,True,False
43,15,15,True,True,False
43,15,16,False,True,False
43,15,17,False,True,False
43,15,18,False,True,False
43,15,19,False,False,True
43,15,20,False,True,False
43,15,21,False,True,False
43,15,22,True,False,True
43,15,23,False,True,False
43,15,24,False,True,False
43,15,25,False,True,False
43,15,26,False,True,False
43,15,27,False,True,False
43,15,28,True,False,True
43,15,29,False,True,False
43,15,30,False,True,False
43,15,31,False,True,False
43,15,32,False,True,False
43,15,33,True,False,True
43,15,34,False,True,False
43,15,35,False,True,False
43,15,36,True,True,False
43,15,37,False,True,False
43,15,38,False,True,False
43,15,39,False,True,False
43,15,40,True,False,True
43,15,41,False,True,False
43,15,42,False,True,False
43,15,43,False,True,False
43,15,44,False,True,False
43,15,45,False,True,False
43,15,46,True,False,True
43,15,47,False,True,False
43,15,48,False,True,False
43,15,49,False,True,False
43,15,50,False,True,False
43,15,51,False,True,False
43,15,52,False,True,False
43,15,53,True,False,True
43,15,54,True,True,False
43,15,55,True,True,False
43,15,56,False,True,False
43,15,57,False,True,False
43,15,58,False,True,False
43,15,59,True,False,True
43,15,60,False,True,False
43,15,61,False,True,False
43,15,62,False,True,False
43,15,63,True,False,True
43,15,64,True,False,True
43,15,65,False,True,False
43,15,66,True,True,False
43,15,67,False,True,False
43,15,68,False,True,False
43,15,69,False,True,False
43,15,70,False,True,False
43,15,71,True,False,True
43,15,72,False,True,False
43,15,73,False,True,False
43,15,74,False,True,False
43,15,75,True,False,True
43,15,76,False,True,False
43,15,77,False,True,False
43,15,78,False,True,False
43,15,79,False,True,False
43,15,80,False,True,False
43,15,81,True,True,False
43,15,82,False,True,False
43,15,83,False,True,False
43,15,84,False,True,False
43,15,85,False,True,False
43,15,86,False,False,True
43,15,87,False,True,False
43,15,88,False,True,False
43,15,89,False,True,False
43,15,90,False,True,False
43,15,91,True,False,True
43,15,92,True,True,False
43,15,93,False,True,False
43,15,94,False,False,True
43,15,95,False,True,False
43,15,96,False,True,False
43,15,97,False,True,False
43,15,98,False,True,False
43,15,99,False,True,False
43,15,100,False,True,False
43,15,101,True,False,True
43,15,102,False,True,False
43,15,103,False,True,False
43,15,104,False,True,False
43,15,105,False,True,False
43,15,106,True,False,True
43,15,107,False,True,False
43,15,108,False,True,False
43,15,109,False,True,False
43,15,110,False,True,False
43,15,111,False,False,True
43,15,112,False,True,False
43,15,113,True,True,False
43,15,114,False,True,False
43,15,115,False,True,False
43,15,116,False,True,False
43,15,117,False,False,True
43,15,118,False,True,False
43,15,119,False,True,False
43,15,120,False,True,False
43,15,121,False,True,False
43,15,122,False,True,False
43,15,123,False,True,False
43,15,124,False,True,False
43,15,125,True,True,False
43,15,126,False,True,False
43,15,127,False,True,False
43,15,128,False,True,False
43,15,129,False,False,True
43,15,130,False,True,False
43,15,131,False,False,True
43,15,132,False,True,False
43,15,133,False,True,False
43,15,134,False,True,False
43,15,135,False,True,False
43,15,136,False,True,False
43,15,137,False,True,False
43,15,138,False,True,False
43,15,139,False,True,False
43,15,140,False,True,False
43,15,141,False,True,False
43,15,142,True,True,False
43,16,1,False,True,False
43,16,2,False,True,False
43,16,3,False,False,True
43,16,4,False,True,False
43,16,5,False,True,False
43,16,6,False,True,False
43,16,7,False,True,False
43,16,8,False,True,False
43,16,9,False,True,False
43,16,10,False,True,False
43,16,11,True,True,False
43,16,12,True,False,True
43,16,13,False,True,False
43,16,14,False,True,False
43,16,15,False,True,False
43,16,16,False,True,False
43,16,17,False,True,False
43,16,18,False,True,False
43,16,19,True,True,False
43,16,20,False,True,False
43,16,21,False,True,False
43,16,22,True,True,False
43,16,23,False,True,False
43,16,24,False,True,False
43,16,25,False,True,False
43,16,26,True,False,True
43,16,27,False,True,False
43,16,28,False,True,False
43,16,29,True,False,True
43,16,30,False,False,True
43,16,31,False,True,False
43,16,32,False,True,False
43,16,33,False,True,False
43,16,34,True,False,True
43,16,35,False,True,False
43,16,36,False,True,False
43,16,37,False,True,False
43,16,38,False,True,False
43,16,39,False,True,False
43,16,40,False,True,False
43,16,41,True,True,False
43,16,42,False,True,False
43,16,43,True,True,False
43,16,44,True,True,False
43,16,45,False,True,False
43,16,46,False,True,False
43,16,47,False,True,False
43,16,48,False,True,False
43,16,49,True,True,False
43,16,50,False,True,False
43,16,51,True,True,False
43,16,52,True,False,True
43,16,53,False,True,False
43,16,54,False,False,True
43,16,55,False,True,False
43,16,56,True,False,True
43,16,57,False,True,False
43,16,58,True,False,True
43,16,59,False,True,False
43,16,60,False,True,False
43,16,61,False,True,False
43,16,62,False,True,False
43,16,63,False,False,True
43,16,64,False,True,False
43,16,65,False,True,False
43,16,66,False,True,False
43,16,67,False,True,False
43,16,68,False,True,False
43,16,69,False,True,False
43,16,70,False,True,False
43,16,71,False,True,False
43,16,72,False,True,False
43,16,73,False,True,False
43,16,74,False,True,False
43,16,75,False,True,False
43,16,76,False,True,False
43,16,77,False,True,False
43,16,78,True,True,False
43,16,79,True,True,False
43,16,80,True,True,False
43,16,81,False,True,False
43,16,82,False,True,False
43,16,83,False,True,False
43,16,84,False,True,False
43,16,85,True,False,True
43,16,86,False,True,False
43,16,87,False,True,False
43,16,88,False,True,False
43,16,89,False,True,False
43,16,90,True,False,True
43,16,91,False,True,False
43,16,92,False,False,True
43,16,93,False,True,False
43,16,94,False,True,False
43,16,95,False,True,False
43,16,96,False,True,False
43,16,97,False,True,False
43,16,98,False,True,False
43,16,99,False,True,False
43,16,100,False,True,False
43,16,101,False,True,False
43,16,102,False,True,False
43,16,103,False,True,False
43,16,104,True,False,True
43,16,105,False,True,False
43,16,106,False,True,False
43,16,107,False,True,False
43,16,108,True,False,True
43,16,109,False,True,False
43,16,110,False,True,False
43,16,111,True,True,False
43,16,112,True,True,False
43,16,113,True,False,True
43,16,114,False,False,True
43,16,115,False,True,False
43,16,116,False,True,False
43,16,117,False,True,False
43,16,118,False,False,True
43,16,119,False,True,False
43,16,120,False,True,False
43,16,121,False,True,False
43,16,122,False,True,False
43,16,123,False,True,False
43,16,124,False,True,False
43,16,125,False,True,False
43,17,1,False,True,False
43,17,2,True,True,False
43,17,3,True,True,False
43,17,4,False,True,False
43,17,5,True,False,True
43,17,6,True,False,True
43,17,7,True,False,True
43,17,8,False,True,False
43,17,9,False,True,False
43,17,10,True,False,True
43,17,11,False,True,False
43,17,12,False,True,False
43,17,13,True,False,True
43,17,14,False,True,False
43,17,15,True,True,False
43,17,16,False,True,False
43,17,17,False,True,False
43,17,18,False,True,False
43,17,19,False,True,False
43,17,20,False,True,False
43,17,21,False,True,False
43,17,22,False,True,False
43,17,23,True,False,True
43,17,24,False,True,False
43,17,25,False,True,False
43,17,26,False,True,False
43,17,27,True,False,True
43,17,28,True,False,True
43,17,29,False,True,False
43,17,30,True,False,True
43,17,31,False,True,False
43,17,32,True,True,False
43,17,33,False,True,False
43,17,34,False,True,False
43,17,35,True,True,False
43,17,36,False,True,False
43,17,37,False,False,True
43,17,38,False,False,True
43,17,39,False,True,False
43,17,40,True,False,True
43,17,41,False,True,False
43,17,42,True,True,False
43,17,43,False,True,False
43,17,44,False,True,False
43,17,45,False,True,False
43,17,46,False,True,False
43,17,47,False,True,False
43,17,48,True,True,False
43,17,49,False,True,False
43,17,50,False,True,False
43,17,51,True,False,True
43,17,52,False,True,False
43,17,53,False,True,False
43,17,54,False,False,True
43,17,55,False,True,False
43,17,56,False,True,False
43,17,57,False,True,False
43,17,58,False,True,False
43,17,59,False,True,False
43,17,60,False,True,False
43,17,61,False,True,False
43,17,62,True,False,True
43,17,63,False,True,False
43,17,64,False,True,False
43,17,65,False,True,False
43,17,66,False,True,False
43,17,67,False,True,False
43,17,68,False,True,False
43,17,69,False,True,False
43,17,70,False,True,False
43,17,71,False,True,False
43,17,72,False,True,False
43,17,73,False,True,False
43,17,74,False,True,False
43,17,75,False,True,False
43,17,76,False,True,False
43,17,77,False,True,False
43,17,78,False,True,False
43,17,79,False,True,False
43,17,80,False,False,True
43,17,81,False,True,False
43,17,82,False,True,False
43,17,83,False,True,False
43,17,84,False,True,False
43,17,85,False,False,True
43,17,86,False,False,True
43,17,87,False,True,False
43,17,88,False,True,False
43,17,89,False,True,False
43,17,90,False,True,False
43,17,91,False,True,False
43,17,92,False,True,False
43,17,93,False,True,False
43,17,94,True,True,False
43,17,95,False,True,False
43,17,96,False,True,False
43,17,97,False,True,False
43,17,98,False,True,False
43,17,99,False,True,False
43,17,100,False,False,True
43,17,101,False,False,True
43,17,102,False,True,False
43,17,103,False,True,False
43,17,104,False,True,False
43,17,105,False,True,False
43,17,106,False,True,False
43,17,107,False,True,False
43,17,108,False,True,False
43,17,109,False,True,False
43,17,110,True,False,True
43,17,111,False,True,False
43,17,112,True,True,False
43,17,113,False,True,False
43,17,114,False,True,False
43,17,115,False,True,False
43,17,116,False,True,False
43,17,117,False,True,False
43,17,118,True,False,True
43,17,119,False,True,False
43,17,120,False,True,False
43,17,121,False,True,False
43,17,122,True,True,False
43,17,123,True,False,True
43,17,124,True,True,False
43,17,125,False,True,False
43,17,126,False,True,False
43,17,127,True,False,True
43,17,128,False,True,False
43,17,129,True,False,True
43,17,130,False,True,False
43,17,131,False,True,False
43,17,132,False,True,False
43,17,133,False,True,False
43,17,134,False,True,False
43,17,135,False,True,False
43,17,136,True,False,True
43,17,137,False,True,False
43,17,138,False,True,False
43,17,139,False,True,False
43,17,140,False,True,False
43,17,141,False,True,False
43,17,142,True,False,True
43,17,143,False,True,False
43,17,144,True,True,False
43,17,145,False,True,False
43,17,146,False,True,False
43,17,147,False,True,False
43,17,148,False,True,False
43,17,149,False,True,False
43,17,150,False,True,False
43,17,151,False,True,False
43,17,152,False,True,False
43,17,153,False,True,False
43,17,154,True,False,True
43,17,155,True,False,True
43,17,156,False,True,False
43,17,157,False,True,False
43,17,158,False,True,False
43,17,159,False,True,False
43,17,160,False,True,False
43,17,161,False,True,False
43,17,162,False,True,False
43,17,163,False,True,False
43,17,164,True,True,False
43,17,165,False,True,False
43,17,166,True,False,True
43,17,167,True,True,False
43,17,168,True,False,True
43,17,169,False,True,False
43,17,170,False,False,True
43,17,171,False,True,False
43,17,172,True,False,True
43,17,173,False,True,False
43,17,174,False,True,False
43,17,175,False,True,False
43,17,176,False,True,False
43,17,177,True,False,True
43,17,178,False,True,False
43,17,179,False,True,False
43,17,180,False,True,False
43,17,181,False,True,False
43,17,182,True,False,True
43,17,183,False,True,False
43,17,184,False,True,False
43,17,185,False,True,False
43,17,186,True,True,False
43,17,187,False,True,False
43,17,188,False,True,False
43,17,189,False,True,False
43,17,190,True,False,True
43,17,191,False,True,False
43,17,192,False,True,False
43,17,193,False,True,False
43,17,194,False,True,False
43,17,195,True,True,False
43,17,196,True,False,True
43,17,197,False,True,False
43,17,198,False,True,False
43,17,199,False,True,False
43,17,200,False,True,False
43,17,201,False,True,False
43,17,202,False,True,False
43,17,203,False,True,False
43,17,204,False,True,False
43,17,205,False,True,False
43,17,206,False,True,False
43,17,207,False,True,False
43,17,208,False,True,False
43,17,209,False,False,True
43,17,210,False,True,False
43,17,211,False,True,False
43,17,212,True,True,False
43,17,213,True,False,True
43,17,214,False,True,False
43,17,215,True,False,True
43,17,216,False,True,False
43,17,217,False,True,False
43,17,218,True,True,False
43,17,219,False,True,False
43,17,220,False,True,False
43,17,221,False,True,False
43,17,222,True,False,True
43,17,223,False,True,False
43,17,224,True,False,True
43,17,225,False,True,False
43,17,226,False,False,True
43,17,227,False,True,False
43,17,228,False,True,False
43,17,229,False,True,False
43,17,230,False,True,False
43,17,231,False,True,False
43,17,232,False,True,False
43,17,233,False,True,False
43,17,234,False,True,False
43,17,235,True,True,False
43,17,236,False,True,False
43,17,237,False,True,False
43,17,238,False,False,True
43,17,239,False,False,True
43,17,240,False,True,False
43,17,241,False,True,False
43,17,242,False,True,False
43,17,243,False,True,False
43,17,244,False,True,False
43,17,245,False,True,False
43,17,246,False,False,True
43,17,247,False,True,False
43,17,248,False,True,False
43,17,249,False,True,False
43,17,250,True,True,False
43,17,251,True,False,True
43,17,252,False,True,False
43,17,253,True,False,True
43,17,254,False,True,False
43,17,255,False,True,False
43,17,256,False,True,False
43,17,257,False,True,False
43,17,258,False,True,False
43,17,259,False,True,False
43,17,260,False,True,False
43,17,261,False,True,False
43,17,262,False,True,False
43,17,263,False,True,False
43,17,264,False,True,False
43,17,265,False,True,False
43,17,266,False,False,True
43,17,267,False,True,False
43,17,268,False,True,False
43,17,269,False,True,False
43,17,270,False,False,True
43,17,271,False,True,False
43,17,272,True,True,False
43,17,273,False,True,False
43,17,274,False,True,False
43,17,275,True,True,False
43,17,276,False,True,False
43,17,277,False,True,False
43,17,278,False,True,False
43,17,279,False,True,False
43,17,280,False,True,False
43,17,281,False,True,False
43,17,282,False,True,False
43,17,283,False,True,False
43,17,284,False,True,False
43,17,285,False,False,True
43,17,286,False,True,False
43,17,287,False,True,False
43,17,288,False,True,False
43,17,289,True,True,False
43,17,290,False,True,False
43,17,291,False,True,False
43,17,292,False,True,False
43,17,293,False,True,False
43,17,294,False,True,False
43,17,295,False,True,False
43,17,296,False,False,True
43,17,297,False,False,True
43,17,298,False,True,False
43,17,299,False,True,False
43,17,300,False,True,False
43,17,301,False,True,False
43,17,302,False,True,False
43,17,303,False,True,False
43,17,304,False,True,False
43,17,305,False,True,False
43,17,306,False,True,False
43,17,307,False,False,True
43,17,308,False,True,False
43,17,309,False,True,False
43,17,310,False,True,False
43,17,311,True,False,True
43,17,312,False,True,False
43,17,313,False,True,False
43,17,314,False,True,False
43,17,315,False,True,False
43,17,316,False,True,False
43,17,317,True,False,True
43,17,318,True,True,False
43,17,319,True,False,True
43,17,320,False,True,False
43,17,321,False,True,False
43,17,322,True,True,False
43,17,323,False,True,False
43,17,324,False,True,False
43,17,325,False,True,False
43,17,326,False,True,False
43,17,327,False,True,False
43,17,328,True,False,True
43,17,329,False,True,False
43,17,330,True,False,True
43,17,331,False,True,False
43,17,332,False,True,False
43,17,333,False,True,False
43,17,334,False,True,False
43,17,335,True,True,False
43,17,336,False,True,False
43,17,337,True,False,True
43,17,338,False,True,False
43,17,339,False,True,False
43,17,340,False,True,False
43,17,341,False,True,False
43,17,342,False,True,False
43,17,343,True,False,True
43,17,344,False,True,False
43,17,345,False,False,True
43,17,346,False,True,False
43,17,347,False,True,False
43,17,348,False,False,True
43,17,349,False,True,False
43,17,350,False,False,True
43,17,351,False,True,False
43,17,352,False,True,False
43,17,353,False,True,False
43,17,354,False,True,False
43,17,355,False,True,False
43,17,356,False,False,True
43,17,357,False,True,False
43,17,358,False,True,False
43,17,359,True,False,True
43,17,360,False,True,False
43,17,361,False,True,False
43,17,362,False,True,False
43,17,363,True,False,True
43,17,364,True,False,True
43,17,365,False,True,False
43,17,366,False,True,False
43,17,367,False,True,False
43,17,368,False,True,False
43,17,369,False,True,False
43,17,370,False,True,False
43,17,371,False,True,False
43,17,372,False,True,False
43,17,373,False,True,False
43,17,374,False,True,False
43,17,375,False,True,False
43,17,376,False,True,False
43,17,377,False,True,False
43,17,378,False,True,False
43,17,379,False,True,False
43,17,380,False,True,False
43,17,381,False,True,False
43,17,382,False,True,False
43,17,383,False,True,False
43,17,384,True,False,True
43,17,385,True,True,False
43,17,386,False,True,False
43,17,387,False,True,False
43,17,388,False,True,False
43,17,389,False,True,False
43,17,390,True,True,False
43,17,391,False,True,False
43,17,392,False,True,False
43,17,393,False,True,False
43,17,394,False,True,False
43,17,395,True,False,True
43,17,396,True,False,True
43,17,397,True,False,True
43,17,398,False,True,False
43,17,399,False,True,False
43,17,400,False,True,False
43,17,401,False,True,False
43,17,402,False,True,False
43,17,403,True,True,False
43,17,404,False,True,False
43,17,405,False,True,False
43,17,406,False,True,False
43,17,407,True,True,False
43,17,408,False,True,False
43,17,409,False,True,False
43,17,410,False,True,False
43,17,411,True,True,False
43,17,412,True,False,True
43,17,413,False,True,False
43,17,414,False,False,True
43,17,415,True,True,False
43,17,416,True,False,True
43,17,417,True,True,False
43,17,418,False,True,False
43,17,419,False,True,False
43,17,420,False,True,False
43,17,421,True,True,False
43,17,422,True,False,True
43,17,423,False,False,True
43,17,424,True,False,True
43,17,425,False,True,False
43,17,426,False,True,False
43,17,427,False,True,False
43,17,428,False,True,False
43,18,1,False,True,False
43,18,2,True,False,True
43,18,3,False,True,False
43,18,4,True,False,True
43,18,5,False,True,False
43,18,6,False,True,False
43,18,7,True,False,True
43,18,8,False,True,False
43,18,9,False,True,False
43,18,10,True,False,True
43,18,11,False,True,False
43,18,12,False,True,False
43,18,13,False,True,False
43,18,14,False,True,False
43,18,15,False,True,False
43,18,16,False,True,False
43,18,17,True,True,False
43,18,18,False,True,False
43,18,19,False,True,False
43,18,20,False,True,False
43,18,21,False,True,False
43,18,22,False,True,False
43,18,23,False,True,False
43,18,24,False,True,False
43,18,25,False,True,False
43,18,26,True,False,True
43,18,27,False,True,False
43,18,28,False,True,False
43,18,29,False,True,False
43,18,30,False,True,False
43,18,31,False,True,False
43,18,32,False,True,False
43,18,33,False,True,False
43,18,34,False,True,False
43,18,35,False,True,False
43,18,36,False,True,False
43,18,37,False,True,False
43,18,38,False,True,False
43,18,39,True,False,True
43,18,40,False,True,False
43,18,41,False,False,True
43,18,42,False,True,False
43,18,43,False,True,False
43,18,44,True,True,False
43,18,45,True,False,True
43,18,46,False,True,False
43,18,47,True,False,True
43,18,48,False,True,False
43,18,49,False,True,False
43,18,50,False,True,False
43,18,51,False,True,False
43,18,52,False,True,False
43,18,53,False,True,False
43,18,54,True,True,False
43,18,55,True,True,False
43,18,56,False,True,False
43,18,57,True,False,True
43,18,58,True,True,False
43,18,59,False,True,False
43,18,60,False,True,False
43,18,61,False,True,False
43,18,62,True,True,False
43,18,63,False,True,False
43,18,64,False,True,False
43,18,65,False,True,False
43,18,66,False,True,False
43,18,67,False,True,False
43,18,68,False,True,False
43,18,69,False,True,False
43,18,70,False,True,False
43,18,71,True,False,True
43,18,72,False,True,False
43,18,73,False,True,False
43,18,74,False,True,False
43,18,75,False,True,False
43,18,76,False,True,False
43,18,77,False,True,False
43,18,78,True,True,False
43,18,79,True,True,False
43,18,80,False,True,False
43,18,81,False,True,False
43,18,82,False,True,False
43,18,83,True,False,True
43,18,84,False,True,False
43,18,85,False,True,False
43,18,86,False,True,False
43,18,87,True,True,False
43,18,88,False,True,False
43,18,89,False,True,False
43,18,90,False,True,False
43,18,91,False,True,False
43,18,92,False,True,False
43,18,93,False,False,True
43,18,94,True,False,True
43,18,95,False,True,False
43,18,96,False,True,False
43,18,97,False,True,False
43,18,98,False,True,False
43,18,99,False,True,False
43,18,100,False,True,False
43,18,101,False,True,False
43,18,102,False,True,False
43,18,103,False,True,False
43,18,104,False,True,False
43,18,105,False,True,False
43,18,106,False,True,False
43,18,107,False,True,False
43,18,108,False,True,False
43,18,109,True,True,False
43,18,110,False,True,False
43,19,1,False,True,False
43,19,2,False,False,True
43,19,3,False,True,False
43,19,4,False,True,False
43,19,5,False,True,False
43,19,6,False,True,False
43,19,7,False,True,False
43,19,8,True,True,False
43,19,9,True,True,False
43,19,10,False,True,False
43,19,11,False,True,False
43,19,12,True,False,True
43,19,13,False,True,False
43,19,14,True,True,False
43,19,15,False,True,False
43,19,16,True,True,False
43,19,17,False,True,False
43,19,18,False,True,False
43,19,19,True,False,True
43,19,20,False,True,False
43,19,21,True,True,False
43,19,22,True,False,True
43,19,23,False,True,False
43,19,24,False,True,False
43,19,25,True,True,False
43,19,26,False,True,False
43,19,27,False,True,False
43,19,28,False,True,False
43,19,29,False,True,False
43,19,30,False,True,False
43,19,31,False,True,False
43,19,32,False,True,False
43,19,33,False,True,False
43,19,34,False,True,False
43,19,35,False,True,False
43,19,36,False,True,False
43,19,37,True,True,False
43,19,38,False,True,False
43,19,39,False,True,False
43,19,40,False,True,False
43,19,41,True,False,True
43,19,42,False,True,False
43,19,43,True,True,False
43,19,44,False,True,False
43,19,45,False,True,False
43,19,46,False,True,False
43,19,47,False,True,False
43,19,48,False,True,False
43,19,49,False,True,False
43,19,50,False,True,False
43,19,51,False,True,False
43,19,52,False,True,False
43,19,53,False,True,False
43,19,54,True,False,True
43,19,55,False,True,False
43,19,56,True,True,False
43,19,57,False,True,False
43,19,58,False,True,False
43,19,59,False,True,False
43,19,60,True,False,True
43,19,61,False,True,False
43,19,62,False,True,False
43,19,63,False,True,False
43,19,64,False,True,False
43,19,65,False,True,False
43,19,66,False,True,False
43,19,67,True,False,True
43,19,68,False,True,False
43,19,69,False,True,False
43,19,70,False,True,False
43,19,71,False,True,False
43,19,72,False,True,False
43,19,73,False,True,False
43,19,74,False,True,False
43,19,75,False,True,False
43,19,76,False,False,True
43,19,77,False,True,False
43,20,1,False,True,False
43,20,2,False,True,False
43,20,3,False,True,False
43,20,4,False,True,False
43,20,5,False,True,False
43,20,6,False,True,False
43,20,7,False,True,False
43,20,8,False,True,False
43,20,9,False,True,False
43,20,10,True,False,True
43,20,11,False,True,False
43,20,12,False,True,False
43,20,13,True,True,False
43,20,14,True,True,False
43,20,15,True,True,False
43,20,16,False,True,False
43,20,17,False,True,False
43,20,18,False,True,False
43,20,19,False,True,False
43,20,20,False,True,False
43,20,21,False,True,False
43,20,22,False,True,False
43,20,23,False,True,False
43,20,24,True,True,False
43,20,25,False,True,False
43,20,26,False,True,False
43,20,27,True,False,True
43,20,28,False,True,False
43,20,29,False,True,False
43,20,30,False,True,False
43,20,31,False,True,False
43,20,32,False,True,False
43,20,33,False,True,False
43,20,34,False,True,False
43,20,35,False,True,False
43,20,36,False,True,False
43,20,37,True,False,True
43,20,38,False,True,False
43,20,39,True,False,True
43,20,40,False,True,False
43,20,41,False,True,False
43,20,42,True,True,False
43,20,43,True,True,False
43,20,44,False,True,False
43,20,45,False,True,False
43,20,46,False,True,False
43,20,47,False,True,False
43,20,48,True,True,False
43,20,49,True,True,False
43,20,50,False,True,False
43,20,51,False,True,False
43,20,52,True,True,False
43,20,53,False,True,False
43,20,54,False,True,False
43,20,55,False,True,False
43,20,56,False,False,True
43,20,57,False,True,False
43,20,58,False,True,False
43,20,59,False,True,False
43,20,60,False,True,False
43,20,61,False,True,False
43,20,62,False,True,False
43,20,63,False,True,False
43,20,64,False,True,False
43,20,65,False,True,False
43,20,66,False,True,False
43,20,67,False,True,False
43,20,68,False,True,False
43,20,69,True,False,True
43,20,70,False,True,False
43,20,71,False,True,False
43,20,72,False,True,False
43,20,73,False,True,False
43,20,74,False,True,False
43,20,75,False,True,False
43,20,76,False,False,True
43,20,77,False,True,False
43,20,78,False,True,False
43,20,79,False,True,False
43,20,80,True,False,True
43,20,81,True,True,False
43,20,82,False,True,False
43,20,83,True,True,False
43,20,84,False,True,False
43,20,85,False,True,False
43,20,86,False,True,False
43,20,87,False,True,False
43,20,88,True,False,True
43,20,89,False,True,False
43,20,90,False,True,False
43,20,91,False,True,False
43,20,92,False,True,False
43,20,93,False,True,False
43,20,94,False,True,False
43,20,95,False,True,False
43,20,96,False,True,False
43,20,97,False,True,False
43,20,98,False,False,True
43,20,99,False,True,False
43,20,100,False,True,False
43,20,101,False,False,True
43,20,102,False,True,False
43,20,103,False,False,True
43,20,104,False,True,False
43,20,105,True,False,True
43,20,106,False,True,False
43,20,107,False,True,False
43,20,108,False,True,False
43,20,109,False,True,False
43,20,110,False,True,False
43,20,111,False,True,False
43,20,112,False,True,False
43,20,113,True,False,True
43,20,114,False,True,False
43,20,115,False,True,False
43,20,116,False,True,False
43,20,117,False,True,False
43,20,118,False,True,False
43,20,119,False,True,False
43,20,120,True,True,False
43,20,121,False,True,False
43,20,122,False,True,False
43,20,123,True,True,False
43,20,124,False,True,False
43,20,125,False,True,False
43,20,126,True,False,True
43,20,127,False,True,False
43,20,128,True,False,True
43,20,129,False,True,False
43,20,130,False,True,False
43,20,131,True,True,False
43,20,132,False,True,False
43,20,133,False,True,False
43,20,134,False,True,False
43,20,135,False,True,False
43,20,136,False,True,False
43,20,137,False,True,False
43,20,138,False,True,False
43,20,139,False,True,False
43,20,140,False,True,False
43,20,141,False,True,False
43,20,142,False,True,False
43,20,143,True,True,False
43,20,144,True,False,True
43,20,145,True,True,False
43,20,146,True,False,True
43,20,147,False,False,True
43,20,148,False,True,False
43,20,149,False,True,False
43,20,150,False,True,False
43,20,151,True,True,False
43,20,152,True,False,True
43,20,153,False,True,False
43,20,154,False,True,False
43,20,155,False,True,False
43,20,156,False,True,False
43,20,157,False,True,False
43,20,158,False,True,False
43,20,159,False,True,False
43,20,160,True,False,True
43,20,161,False,True,False
43,20,162,False,True,False
43,20,163,True,False,True
43,20,164,False,True,False
43,20,165,False,True,False
43,20,166,False,True,False
43,20,167,False,True,False
43,20,168,False,True,False
43,20,169,False,True,False
43,20,170,False,True,False
43,20,171,False,True,False
43,20,172,False,True,False
43,20,173,False,True,False
43,20,174,False,True,False
43,20,175,False,True,False
43,20,176,False,True,False
43,20,177,False,True,False
43,20,178,False,False,True
43,20,179,False,True,False
43,20,180,True,True,False
43,20,181,False,True,False
43,20,182,False,True,False
43,20,183,False,True,False
43,20,184,False,True,False
43,20,185,False,True,False
43,20,186,True,False,True
43,20,187,False,True,False
43,20,188,False,True,False
43,20,189,False,True,False
43,20,190,False,True,False
43,20,191,False,True,False
43,20,192,False,True,False
43,20,193,False,True,False
43,20,194,False,True,False
43,20,195,False,True,False
43,20,196,True,False,True
43,20,197,False,True,False
43,20,198,False,True,False
43,20,199,False,True,False
43,20,200,False,True,False
43,20,201,False,True,False
43,20,202,False,True,False
43,20,203,False,True,False
43,20,204,False,True,False
43,20,205,False,True,False
43,20,206,False,True,False
43,20,207,False,True,False
43,20,208,True,False,True
43,20,209,True,True,False
43,20,210,False,True,False
43,20,211,False,False,True
43,20,212,False,True,False
43,20,213,False,True,False
43,20,214,True,True,False
43,20,215,False,False,True
43,20,216,False,True,False
43,20,217,False,True,False
43,20,218,False,True,False
43,20,219,False,True,False
43,20,220,False,True,False
43,20,221,False,False,True
43,20,222,False,True,False
43,20,223,False,True,False
43,20,224,True,False,True
43,20,225,False,True,False
43,20,226,True,True,False
43,20,227,True,True,False
43,20,228,False,True,False
43,20,229,True,True,False
43,20,230,False,True,False
43,20,231,True,False,True
43,20,232,False,True,False
43,20,233,True,False,True
43,20,234,False,True,False
43,20,235,False,True,False
43,20,236,False,True,False
43,20,237,False,True,False
43,20,238,False,True,False
43,20,239,False,True,False
43,20,240,False,False,True
43,20,241,True,True,False
43,20,242,False,True,False
43,20,243,False,True,False
43,20,244,False,False,True
43,20,245,False,True,False
43,20,246,True,False,True
43,20,247,False,True,False
43,20,248,False,True,False
43,20,249,False,True,False
43,20,250,True,True,False
43,20,251,True,False,True
43,20,252,False,True,False
43,20,253,True,False,True
43,20,254,False,True,False
43,20,255,False,True,False
43,20,256,False,True,False
43,20,257,False,True,False
43,20,258,True,False,True
43,20,259,False,True,False
43,20,260,False,True,False
43,20,261,False,True,False
43,20,262,False,True,False
43,20,263,True,False,True
43,20,264,True,False,True
43,20,265,True,False,True
43,20,266,False,True,False
43,20,267,False,True,False
43,20,268,True,False,True
43,20,269,False,True,False
43,20,270,False,True,False
43,20,271,False,True,False
43,20,272,True,False,True
43,20,273,False,True,False
43,20,274,True,False,True
43,20,275,False,True,False
43,20,276,False,False,True
43,20,277,True,False,True
43,20,278,False,True,False
43,20,279,False,True,False
43,20,280,True,False,True
43,20,281,False,True,False
43,20,282,True,False,True
43,20,283,False,True,False
43,20,284,False,True,False
43,20,285,False,True,False
43,20,286,False,True,False
43,20,287,False,True,False
43,20,288,False,True,False
43,20,289,False,True,False
43,20,290,False,True,False
43,20,291,False,True,False
43,20,292,False,True,False
43,20,293,False,True,False
43,20,294,False,True,False
43,20,295,False,True,False
43,20,296,False,True,False
43,21,1,True,False,True
43,21,2,True,False,True
43,21,3,False,True,False
43,21,4,False,False,True
43,21,5,False,True,False
43,21,6,False,True,False
43,21,7,False,True,False
43,21,8,False,True,False
43,21,9,False,True,False
43,21,10,False,True,False
43,21,11,False,True,False
43,21,12,True,False,True
43,21,13,False,True,False
43,21,14,False,True,False
43,21,15,False,False,True
43,21,16,False,True,False
43,21,17,False,True,False
43,21,18,False,True,False
43,21,19,False,True,False
43,21,20,False,True,False
43,21,21,False,True,False
43,21,22,False,True,False
43,21,23,True,True,False
43,21,24,False,True,False
43,21,25,False,True,False
43,21,26,True,False,True
43,21,27,False,True,False
43,21,28,False,True,False
43,21,29,True,True,False
43,21,30,False,True,False
43,21,31,False,True,False
43,21,32,False,True,False
43,21,33,False,True,False
43,21,34,False,True,False
43,21,35,False,True,False
43,21,36,False,True,False
43,21,37,False,True,False
43,21,38,False,True,False
43,21,39,False,True,False
43,21,40,False,True,False
43,21,41,False,True,False
43,21,42,True,False,True
43,21,43,True,False,True
43,21,44,True,False,True
43,21,45,False,True,False
43,21,46,False,True,False
43,21,47,True,False,True
43,21,48,False,True,False
43,21,49,False,True,False
43,21,50,False,True,False
43,21,51,False,True,False
43,21,52,True,False,True
43,21,53,False,True,False
43,21,54,False,True,False
43,21,55,False,True,False
43,21,56,False,True,False
43,21,57,False,True,False
43,21,58,False,True,False
43,21,59,False,True,False
43,21,60,False,False,True
43,21,61,False,True,False
43,21,62,False,True,False
43,21,63,False,True,False
43,21,64,False,True,False
43,21,65,True,False,True
43,21,66,True,False,True
43,21,67,False,True,False
43,21,68,False,True,False
43,21,69,False,True,False
43,21,70,False,True,False
43,21,71,False,True,False
43,21,72,False,False,True
43,21,73,False,True,False
43,21,74,True,False,True
43,21,75,True,True,False
43,21,76,True,False,True
43,21,77,True,False,True
43,21,78,False,True,False
43,21,79,False,True,False
43,21,80,False,True,False
43,21,81,False,True,False
43,21,82,True,False,True
43,21,83,True,False,True
43,21,84,False,False,True
43,21,85,True,False,True
43,21,86,False,True,False
43,21,87,False,True,False
43,21,88,False,True,False
43,21,89,False,True,False
43,21,90,False,True,False
43,21,91,False,True,False
43,21,92,False,True,False
43,21,93,False,True,False
43,21,94,False,True,False
43,21,95,False,True,False
43,21,96,False,True,False
43,21,97,False,True,False
43,21,98,False,True,False
43,21,99,False,True,False
43,21,100,False,True,False
43,21,101,False,True,False
43,21,102,False,True,False
43,21,103,False,True,False
43,21,104,False,True,False
43,21,105,False,True,False
43,21,106,True,True,False
43,21,107,True,True,False
43,21,108,False,True,False
43,21,109,False,True,False
43,21,110,False,True,False
43,21,111,False,True,False
43,21,112,False,True,False
43,21,113,False,True,False
43,21,114,False,True,False
43,21,115,False,True,False
43,21,116,False,True,False
43,21,117,False,True,False
43,21,118,False,True,False
43,21,119,False,True,False
43,21,120,False,True,False
43,21,121,False,True,False
43,21,122,False,True,False
43,21,123,False,False,True
43,21,124,False,False,True
43,21,125,True,False,True
43,21,126,False,True,False
43,21,127,True,False,True
43,21,128,False,True,False
43,21,129,False,True,False
43,21,130,False,True,False
43,21,131,True,True,False
43,21,132,True,False,True
43,21,133,False,True,False
43,21,134,False,True,False
43,21,135,False,True,False
43,21,136,True,False,True
43,21,137,True,False,True
43,21,138,False,True,False
43,21,139,True,True,False
43,21,140,False,True,False
43,21,141,False,True,False
43,21,142,False,True,False
43,21,143,False,True,False
43,21,144,False,True,False
43,21,145,False,True,False
43,21,146,False,True,False
43,21,147,False,True,False
43,21,148,False,True,False
43,21,149,True,False,True
43,21,150,False,True,False
43,21,151,True,False,True
43,21,152,False,True,False
43,21,153,False,True,False
43,21,154,False,True,False
43,21,155,False,True,False
43,21,156,True,False,True
43,21,157,True,True,False
43,21,158,True,False,True
43,21,159,False,True,False
43,21,160,False,True,False
43,21,161,False,True,False
43,21,162,False,True,False
43,21,163,False,True,False
43,21,164,False,True,False
43,21,165,True,True,False
43,21,166,False,True,False
43,21,167,False,True,False
43,21,168,False,True,False
43,21,169,False,False,True
43,21,170,False,True,False
43,21,171,False,True,False
43,21,172,False,True,False
43,22,1,True,True,False
43,22,2,True,False,True
43,22,3,False,True,False
43,22,4,True,False,True
43,22,5,True,False,True
43,22,6,False,True,False
43,22,7,False,True,False
43,22,8,True,False,True
43,22,9,False,True,False
43,22,10,True,True,False
43,22,11,True,False,True
43,22,12,False,True,False
43,22,13,True,True,False
43,22,14,True,False,True
43,22,15,False,True,False
43,22,16,True,False,True
43,22,17,False,False,True
43,22,18,False,True,False
43,22,19,True,True,False
43,22,20,False,True,False
43,22,21,True,True,False
43,22,22,False,True,False
43,22,23,False,True,False
43,22,24,False,True,False
43,22,25,False,True,False
43,22,26,False,False,True
43,22,27,True,True,False
43,22,28,False,True,False
43,22,29,False,True,False
43,22,30,False,True,False
43,22,31,False,True,False
43,22,32,False,True,False
43,22,33,False,True,False
43,22,34,True,False,True
43,22,35,False,True,False
43,22,36,False,True,False
43,22,37,False,True,False
43,22,38,False,False,True
43,22,39,False,True,False
43,22,40,False,True,False
43,22,41,False,True,False
43,22,42,False,False,True
43,22,43,False,True,False
43,22,44,False,True,False
43,22,45,False,True,False
43,22,46,False,True,False
43,22,47,False,True,False
43,22,48,False,True,False
43,22,49,False,True,False
43,22,50,True,False,True
43,22,51,False,True,False
43,22,52,False,True,False
43,22,53,False,True,False
43,22,54,False,True,False
43,22,55,False,True,False
43,22,56,False,True,False
43,22,57,False,True,False
43,22,58,False,True,False
43,22,59,False,False,True
43,22,60,True,False,True
43,22,61,False,True,False
43,22,62,False,False,True
43,22,63,False,True,False
43,22,64,False,True,False
43,22,65,False,True,False
43,22,66,False,True,False
43,22,67,True,True,False
43,22,68,True,False,True
43,22,69,True,False,True
43,22,70,False,True,False
43,22,71,False,True,False
43,22,72,False,True,False
43,22,73,False,True,False
43,22,74,False,True,False
43,22,75,True,True,False
43,22,76,True,True,False
43,22,77,False,True,False
43,22,78,False,True,False
43,22,79,False,True,False
43,22,80,False,True,False
43,22,81,False,False,True
43,22,82,False,True,False
43,22,83,False,True,False
43,22,84,False,True,False
43,22,85,False,True,False
43,22,86,False,True,False
43,22,87,False,True,False
43,22,88,True,False,True
43,22,89,False,True,False
43,22,90,False,True,False
43,22,91,False,True,False
43,22,92,False,True,False
43,22,93,True,False,True
43,22,94,False,True,False
43,22,95,False,True,False
43,22,96,False,True,False
43,22,97,False,True,False
43,22,98,False,True,False
43,22,99,False,True,False
43,22,100,False,True,False
43,22,101,True,True,False
43,22,102,False,True,False
43,22,103,False,True,False
43,22,104,False,True,False
43,22,105,False,True,False
43,22,106,False,True,False
43,22,107,False,True,False
43,22,108,False,True,False
43,22,109,False,True,False
43,22,110,False,True,False
43,22,111,False,True,False
43,22,112,True,False,True
43,22,113,False,True,False
43,22,114,False,True,False
43,22,115,False,False,True
43,22,116,False,True,False
43,22,117,False,True,False
43,22,118,True,False,True
43,22,119,True,True,False
43,22,120,False,True,False
43,22,121,True,False,True
43,22,122,False,True,False
43,22,123,False,True,False
43,22,124,False,True,False
43,22,125,False,False,True
43,22,126,False,True,False
43,22,127,False,False,True
43,22,128,False,True,False
43,22,129,False,True,False
43,22,130,False,True,False
43,22,131,False,True,False
43,22,132,False,True,False
43,22,133,False,True,False
43,22,134,False,True,False
43,22,135,True,False,True
43,22,136,False,True,False
43,22,137,True,True,False
43,22,138,False,True,False
43,22,139,False,False,True
43,22,140,False,True,False
43,22,141,False,True,False
43,22,142,False,True,False
43,22,143,False,True,False
43,22,144,False,True,False
43,22,145,False,True,False
43,22,146,False,True,False
43,22,147,False,True,False
43,22,148,False,True,False
43,22,149,False,True,False
43,22,150,False,True,False
43,22,151,False,True,False
43,22,152,False,True,False
43,22,153,False,True,False
43,22,154,False,True,False
43,22,155,False,True,False
43,22,156,False,True,False
43,22,157,True,True,False
43,22,158,False,False,True
43,22,159,False,True,False
43,22,160,False,True,False
43,22,161,False,True,False
43,22,162,False,True,False
43,22,163,False,True,False
43,22,164,False,True,False
43,22,165,False,True,False
43,22,166,True,False,True
43,22,167,True,True,False
43,22,168,False,False,True
43,22,169,True,True,False
43,22,170,False,True,False
43,22,171,True,False,True
43,22,172,False,True,False
43,22,173,True,True,False
43,22,174,False,True,False
43,22,175,False,True,False
43,22,176,False,False,True
43,22,177,True,False,True
43,22,178,False,True,False
43,22,179,False,True,False
43,22,180,False,True,False
43,22,181,False,True,False
43,22,182,False,True,False
43,22,183,False,True,False
43,22,184,True,True,False
43,22,185,False,True,False
43,22,186,False,True,False
43,23,1,False,True,False
43,23,2,True,False,True
43,23,3,True,True,False
43,23,4,True,False,True
43,23,5,True,False,True
43,23,6,False,True,False
43,23,7,True,False,True
43,23,8,False,True,False
43,23,9,False,True,False
43,23,10,False,True,False
43,23,11,False,True,False
43,23,12,False,True,False
43,23,13,False,False,True
43,23,14,False,True,False
43,23,15,False,True,False
43,23,16,False,True,False
43,23,17,False,True,False
43,23,18,False,True,False
43,23,19,False,True,False
43,23,20,False,True,False
43,23,21,True,False,True
43,23,22,False,True,False
43,23,23,True,True,False
43,23,24,False,True,False
43,23,25,True,True,False
43,23,26,True,True,False
43,23,27,True,True,False
43,23,28,False,True,False
43,23,29,False,True,False
43,23,30,False,True,False
43,23,31,False,True,False
43,23,32,False,True,False
43,23,33,False,True,False
43,23,34,False,True,False
43,23,35,False,True,False
43,23,36,True,True,False
43,23,37,False,True,False
43,23,38,False,True,False
43,23,39,False,True,False
43,23,40,False,True,False
43,23,41,True,False,True
43,23,42,False,False,True
43,23,43,True,False,True
43,23,44,False,True,False
43,23,45,False,True,False
43,23,46,False,True,False
43,23,47,False,True,False
43,23,48,False,True,False
43,23,49,False,True,False
43,23,50,True,False,True
43,23,51,False,True,False
43,23,52,True,True,False
43,23,53,False,True,False
43,23,54,False,True,False
43,23,55,False,True,False
43,23,56,False,True,False
43,23,57,False,True,False
43,23,58,False,True,False
43,23,59,False,True,False
43,23,60,False,True,False
43,23,61,False,True,False
43,23,62,True,False,True
43,23,63,False,True,False
43,23,64,False,True,False
43,23,65,True,False,True
43,23,66,False,True,False
43,23,67,False,True,False
43,23,68,True,False,True
43,23,69,False,True,False
43,23,70,True,False,True
43,23,71,False,True,False
43,23,72,False,True,False
43,23,73,True,True,False
43,23,74,False,True,False
43,23,75,False,True,False
43,23,76,False,True,False
43,23,77,False,True,False
43,23,78,False,True,False
43,23,79,False,True,False
43,23,80,False,True,False
43,23,81,False,True,False
43,23,82,False,False,True
43,23,83,False,True,False
43,23,84,False,True,False
43,23,85,False,False,True
43,23,86,False,True,False
43,23,87,False,True,False
43,23,88,True,False,True
43,23,89,False,True,False
43,23,90,True,True,False
43,23,91,False,True,False
43,23,92,True,True,False
43,23,93,False,True,False
43,23,94,False,True,False
43,23,95,False,True,False
43,23,96,True,False,True
43,23,97,False,True,False
43,23,98,False,True,False
43,23,99,False,True,False
43,23,100,False,True,False
43,23,101,False,True,False
43,23,102,False,True,False
43,23,103,False,True,False
43,23,104,False,True,False
43,23,105,False,True,False
43,23,106,False,True,False
43,23,107,False,True,False
43,23,108,False,True,False
43,23,109,False,True,False
43,23,110,True,False,True
43,23,111,False,True,False
43,23,112,False,True,False
43,23,113,False,True,False
43,23,114,False,True,False
43,23,115,False,True,False
43,23,116,False,True,False
43,23,117,False,True,False
43,23,118,True,False,True
43,23,119,False,True,False
43,23,120,False,True,False
43,23,121,False,False,True
43,23,122,True,False,True
43,23,123,False,True,False
43,23,124,False,True,False
43,23,125,False,True,False
43,23,126,False,True,False
43,23,127,False,True,False
43,23,128,False,True,False
43,23,129,False,True,False
43,23,130,False,True,False
43,23,131,False,False,True
43,23,132,False,True,False
43,23,133,False,True,False
43,23,134,False,True,False
43,23,135,False,True,False
43,23,136,True,False,True
43,23,137,False,True,False
43,23,138,False,True,False
43,23,139,False,True,False
43,23,140,False,True,False
43,23,141,False,True,False
43,23,142,False,True,False
43,23,143,True,True,False
43,23,144,False,True,False
43,23,145,False,True,False
43,23,146,True,False,True
43,23,147,False,True,False
43,23,148,True,True,False
43,23,149,False,True,False
43,23,150,True,False,True
43,23,151,False,True,False
43,23,152,False,True,False
43,23,153,False,True,False
43,23,154,False,True,False
43,23,155,False,True,False
43,23,156,False,True,False
43,23,157,False,True,False
43,23,158,False,True,False
43,23,159,True,True,False
43,23,160,False,True,False
43,23,161,False,True,False
43,23,162,False,True,False
43,24,1,False,True,False
43,24,2,False,True,False
43,24,3,True,False,True
43,24,4,False,True,False
43,24,5,False,True,False
43,24,6,False,True,False
43,24,7,False,True,False
43,24,8,False,True,False
43,24,9,True,True,False
43,24,10,False,True,False
43,24,11,True,False,True
43,24,12,False,True,False
43,24,13,True,False,True
43,24,14,False,True,False
43,24,15,False,False,True
43,24,16,False,True,False
43,24,17,False,True,False
43,24,18,True,True,False
43,24,19,False,True,False
43,24,20,False,True,False
43,24,21,False,False,True
43,24,22,False,True,False
43,24,23,False,True,False
43,24,24,False,True,False
43,24,25,False,True,False
43,24,26,True,False,True
43,24,27,False,True,False
43,24,28,False,True,False
43,24,29,False,True,False
43,24,30,False,False,True
43,24,31,False,True,False
43,24,32,True,True,False
43,24,33,False,True,False
43,24,34,False,True,False
43,24,35,False,True,False
43,24,36,False,True,False
43,24,37,False,False,True
43,24,38,False,True,False
43,24,39,True,False,True
43,24,40,False,True,False
43,24,41,False,True,False
43,24,42,False,True,False
43,24,43,False,True,False
43,24,44,False,True,False
43,24,45,False,True,False
43,24,46,False,True,False
43,24,47,False,True,False
43,24,48,False,False,True
43,24,49,True,True,False
43,24,50,True,True,False
43,24,51,False,True,False
43,24,52,False,True,False
43,24,53,False,True,False
43,24,54,False,True,False
43,24,55,False,True,False
43,24,56,False,False,True
43,24,57,False,True,False
43,24,58,False,True,False
43,24,59,True,True,False
43,24,60,False,True,False
43,24,61,False,True,False
43,24,62,False,True,False
43,24,63,True,False,True
43,24,64,False,True,False
43,24,65,False,True,False
43,24,66,False,True,False
43,24,67,False,True,False
43,24,68,False,True,False
43,24,69,False,True,False
43,24,70,False,True,False
43,24,71,True,False,True
43,24,72,False,True,False
43,24,73,False,True,False
43,24,74,False,True,False
43,24,75,False,True,False
43,24,76,True,False,True
43,24,77,True,True,False
43,24,78,False,True,False
43,24,79,True,True,False
43,24,80,False,True,False
43,24,81,False,True,False
43,24,82,False,True,False
43,24,83,True,False,True
43,24,84,False,True,False
43,24,85,False,True,False
43,24,86,True,False,True
43,24,87,False,True,False
43,24,88,False,True,False
43,24,89,False,True,False
43,24,90,True,False,True
43,24,91,True,False,True
43,24,92,False,True,False
43,24,93,False,False,True
43,24,94,False,True,False
43,24,95,False,True,False
43,24,96,False,False,True
43,24,97,False,True,False
43,24,98,False,True,False
43,24,99,False,True,False
43,24,100,False,True,False
43,25,1,False,True,False
43,25,2,False,True,False
43,25,3,False,True,False
43,25,4,False,True,False
43,25,5,False,True,False
43,25,6,True,False,True
43,25,7,False,True,False
43,25,8,True,True,False
43,25,9,True,True,False
43,25,10,False,True,False
43,25,11,False,False,True
43,25,12,True,True,False
43,25,13,False,True,False
43,25,14,False,True,False
43,25,15,True,True,False
43,25,16,True,False,True
43,25,17,False,True,False
43,25,18,True,True,False
43,25,19,False,False,True
43,25,20,False,True,False
43,25,21,True,False,True
43,25,22,False,True,False
43,25,23,True,True,False
43,25,24,False,True,False
43,25,25,False,True,False
43,25,26,False,True,False
43,25,27,True,True,False
43,25,28,False,True,False
43,25,29,False,True,False
43,25,30,False,True,False
43,25,31,False,True,False
43,25,32,True,False,True
43,25,33,False,True,False
43,25,34,False,True,False
43,25,35,True,False,True
43,25,36,False,True,False
43,25,37,False,True,False
43,25,38,False,True,False
43,25,39,False,True,False
43,25,40,True,False,True
43,25,41,False,True,False
43,25,42,True,False,True
43,25,43,True,False,True
43,25,44,False,True,False
43,25,45,False,True,False
43,25,46,True,False,True
43,25,47,False,False,True
43,25,48,False,True,False
43,25,49,False,True,False
43,25,50,True,False,True
43,25,51,False,True,False
43,25,52,False,True,False
43,25,53,False,True,False
43,25,54,False,True,False
43,25,55,False,True,False
43,25,56,False,True,False
43,25,57,False,True,False
43,25,58,False,True,False
43,25,59,False,True,False
43,25,60,False,True,False
43,25,61,False,True,False
43,25,62,False,True,False
43,25,63,False,True,False
43,25,64,False,True,False
43,25,65,True,False,True
43,25,66,False,True,False
43,25,67,False,True,False
43,25,68,False,True,False
43,25,69,False,True,False
43,25,70,False,True,False
43,25,71,False,True,False
43,25,72,False,True,False
43,25,73,False,True,False
43,25,74,False,True,False
43,25,75,False,True,False
43,25,76,True,False,True
43,25,77,False,True,False
43,25,78,True,True,False
43,25,79,False,True,False
43,25,80,False,True,False
43,25,81,False,True,False
43,25,82,False,True,False
43,25,83,True,True,False
43,25,84,True,True,False
43,25,85,False,True,False
43,25,86,False,True,False
43,25,87,False,True,False
43,25,88,False,True,False
43,25,89,True,True,False
43,25,90,True,False,True
43,25,91,False,True,False
43,25,92,False,True,False
43,25,93,False,True,False
43,25,94,False,True,False
43,25,95,False,True,False
43,25,96,False,True,False
43,25,97,False,True,False
43,25,98,False,True,False
43,25,99,True,False,True
43,25,100,False,True,False
43,25,101,False,True,False
43,25,102,True,False,True
43,25,103,False,True,False
43,25,104,False,True,False
43,25,105,False,True,False
43,25,106,False,True,False
43,25,107,False,True,False
43,25,108,False,True,False
43,25,109,False,True,False
43,25,110,False,True,False
43,25,111,False,True,False
43,25,112,False,True,False
43,25,113,False,True,False
43,25,114,False,True,False
43,25,115,False,True,False
43,25,116,False,True,False
43,25,117,False,True,False
43,25,118,False,False,True
43,25,119,False,True,False
43,25,120,False,True,False
43,25,121,False,True,False
43,25,122,False,True,False
43,25,123,False,True,False
43,25,124,True,True,False
43,25,125,False,True,False
43,25,126,False,True,False
43,25,127,False,True,False
43,25,128,True,False,True
43,25,129,False,True,False
43,25,130,False,True,False
43,25,131,False,True,False
43,25,132,False,True,False
43,25,133,False,True,False
43,25,134,True,True,False
43,25,135,False,True,False
43,25,136,False,True,False
43,25,137,False,True,False
43,25,138,False,True,False
43,25,139,False,True,False
43,25,140,False,True,False
43,25,141,False,True,False
43,25,142,False,True,False
43,25,143,False,True,False
43,25,144,False,True,False
43,25,145,False,True,False
43,25,146,True,False,True
43,25,147,False,True,False
43,25,148,False,True,False
43,25,149,False,True,False
43,25,150,False,True,False
43,25,151,False,True,False
43,25,152,True,False,True
43,25,153,True,False,True
43,25,154,False,True,False
43,25,155,False,True,False
43,25,156,False,True,False
43,25,157,False,True,False
43,25,158,False,True,False
43,25,159,False,True,False
43,25,160,False,True,False
43,25,161,False,True,False
43,25,162,False,True,False
43,25,163,False,True,False
43,25,164,True,True,False
43,26,1,False,True,False
43,26,2,True,True,False
43,26,3,False,True,False
43,26,4,False,False,True
43,26,5,False,True,False
43,26,6,True,True,False
43,26,7,False,True,False
43,26,8,False,True,False
43,26,9,False,True,False
43,26,10,False,True,False
43,26,11,True,False,True
43,26,12,False,True,False
43,26,13,True,False,True
43,26,14,False,True,False
43,26,15,True,True,False
43,26,16,True,False,True
43,26,17,False,True,False
43,26,18,False,True,False
43,26,19,False,True,False
43,26,20,False,True,False
43,26,21,True,False,True
43,26,22,False,True,False
43,26,23,False,True,False
43,26,24,False,True,False
43,26,25,False,True,False
43,26,26,False,True,False
43,26,27,True,False,True
43,26,28,False,True,False
43,26,29,True,False,True
43,26,30,False,True,False
43,26,31,False,False,True
43,26,32,False,True,False
43,26,33,True,True,False
43,26,34,False,True,False
43,26,35,False,True,False
43,26,36,False,True,False
43,26,37,True,False,True
43,26,38,False,True,False
43,26,39,False,False,True
43,26,40,False,True,False
43,26,41,False,True,False
43,26,42,False,True,False
43,26,43,False,True,False
43,26,44,False,True,False
43,26,45,False,True,False
43,26,46,False,False,True
43,26,47,False,True,False
43,26,48,False,True,False
43,26,49,False,True,False
43,26,50,False,True,False
43,26,51,False,True,False
43,26,52,False,True,False
43,26,53,False,False,True
43,26,54,True,True,False
43,26,55,False,True,False
43,26,56,False,True,False
43,26,57,False,True,False
43,26,58,False,True,False
43,26,59,False,True,False
43,26,60,False,True,False
43,26,61,False,True,False
43,26,62,True,False,True
43,26,63,False,True,False
43,26,64,False,True,False
43,26,65,True,False,True
43,26,66,False,True,False
43,26,67,False,True,False
43,26,68,False,True,False
43,26,69,False,True,False
43,26,70,True,True,False
43,26,71,True,False,True
43,26,72,False,True,False
43,26,73,False,True,False
43,26,74,False,True,False
43,26,75,False,True,False
43,26,76,False,False,True
43,26,77,True,False,True
43,26,78,False,True,False
43,26,79,False,True,False
43,26,80,False,True,False
43,26,81,False,True,False
43,26,82,False,True,False
43,27,1,False,True,False
43,27,2,True,True,False
43,27,3,True,False,True
43,27,4,False,True,False
43,27,5,False,True,False
43,27,6,False,True,False
43,27,7,True,True,False
43,27,8,True,False,True
43,27,9,True,True,False
43,27,10,True,True,False
43,27,11,False,True,False
43,27,12,True,True,False
43,27,13,False,False,True
43,27,14,False,True,False
43,27,15,True,False,True
43,27,16,False,True,False
43,27,17,False,True,False
43,27,18,True,True,False
43,27,19,False,True,False
43,27,20,False,True,False
43,27,21,False,True,False
43,27,22,True,True,False
43,27,23,True,False,True
43,27,24,False,True,False
43,27,25,False,True,False
43,27,26,False,True,False
43,27,27,True,False,True
43,27,28,False,True,False
43,27,29,False,True,False
43,27,30,True,True,False
43,27,31,False,True,False
43,27,32,False,True,False
43,27,33,True,True,False
43,27,34,False,False,True
43,27,35,False,True,False
43,27,36,False,True,False
43,27,37,True,False,True
43,27,38,False,True,False
43,27,39,False,True,False
43,27,40,False,True,False
43,27,41,False,True,False
43,27,42,False,True,False
43,27,43,False,True,False
43,27,44,False,True,False
43,27,45,False,True,False
43,27,46,True,True,False
43,27,47,False,True,False
43,27,48,False,True,False
43,27,49,False,True,False
43,27,50,True,False,True
43,27,51,False,True,False
43,27,52,False,True,False
43,27,53,False,True,False
43,27,54,True,False,True
43,27,55,True,True,False
43,27,56,False,True,False
43,27,57,False,True,False
43,27,58,True,True,False
43,27,59,False,True,False
43,27,60,True,False,True
43,27,61,False,True,False
43,27,62,True,True,False
43,27,63,False,True,False
43,27,64,False,True,False
43,27,65,False,True,False
43,27,66,False,True,False
43,27,67,False,True,False
43,27,68,True,False,True
43,27,69,True,False,True
43,27,70,False,True,False
43,27,71,False,False,True
43,27,72,False,True,False
43,27,73,True,True,False
43,27,74,True,True,False
43,27,75,False,True,False
43,27,76,False,True,False
43,27,77,False,True,False
43,27,78,False,True,False
43,27,79,False,True,False
43,27,80,False,True,False
43,27,81,False,True,False
43,27,82,False,False,True
43,27,83,False,True,False
43,27,84,False,True,False
43,27,85,False,True,False
43,27,86,True,False,True
43,27,87,False,True,False
43,27,88,False,True,False
43,27,89,False,True,False
43,27,90,False,True,False
43,27,91,False,True,False
43,27,92,False,True,False
43,27,93,False,False,True
43,27,94,False,True,False
43,27,95,False,True,False
43,27,96,True,True,False
43,27,97,True,False,True
43,27,98,True,False,True
43,27,99,False,True,False
43,27,100,False,True,False
43,27,101,False,True,False
43,27,102,True,False,True
43,27,103,False,True,False
43,27,104,False,True,False
43,27,105,False,True,False
43,27,106,True,True,False
43,27,107,False,True,False
43,27,108,False,True,False
43,27,109,False,True,False
43,27,110,False,True,False
43,27,111,False,True,False
43,27,112,False,True,False
43,27,113,False,True,False
43,27,114,True,True,False
43,27,115,False,True,False
43,27,116,False,True,False
43,27,117,False,True,False
43,27,118,False,True,False
43,27,119,False,True,False
43,27,120,False,True,False
43,27,121,False,True,False
43,27,122,False,True,False
43,27,123,True,True,False
43,27,124,False,True,False
43,27,125,True,False,True
43,27,126,False,True,False
43,27,127,False,True,False
43,27,128,False,True,False
43,27,129,True,False,True
43,27,130,False,True,False
43,27,131,False,False,True
43,27,132,False,True,False
43,27,133,True,False,True
43,27,134,False,True,False
43,27,135,False,True,False
43,27,136,False,True,False
43,27,137,True,False,True
43,27,138,False,True,False
43,27,139,False,True,False
43,27,140,False,True,False
43,27,141,False,True,False
43,27,142,False,True,False
43,27,143,False,True,False
43,27,144,False,True,False
43,27,145,False,True,False
43,27,146,False,True,False
43,27,147,False,True,False
43,27,148,False,True,False
43,27,149,False,True,False
43,27,150,False,True,False
43,27,151,False,True,False
43,27,152,False,True,False
43,27,153,False,True,False
43,27,154,False,True,False
43,27,155,True,True,False
43,27,156,False,True,False
43,27,157,False,True,False
43,27,158,False,True,False
43,27,159,False,True,False
43,27,160,True,False,True
43,27,161,False,True,False
43,27,162,False,True,False
43,27,163,False,True,False
43,27,164,False,True,False
43,27,165,False,True,False
43,27,166,True,False,True
43,27,167,False,True,False
43,27,168,False,True,False
43,27,169,False,True,False
43,27,170,True,True,False
43,27,171,False,True,False
43,27,172,True,False,True
43,27,173,False,True,False
43,27,174,True,True,False
43,27,175,False,True,False
43,27,176,False,True,False
43,27,177,False,True,False
43,27,178,False,True,False
43,27,179,True,False,True
43,27,180,False,False,True
43,27,181,False,True,False
43,27,182,True,False,True
43,27,183,False,True,False
43,27,184,False,True,False
43,27,185,True,False,True
43,27,186,False,True,False
43,27,187,False,True,False
43,27,188,False,True,False
43,27,189,False,True,False
43,27,190,True,True,False
43,27,191,False,True,False
43,27,192,False,True,False
43,27,193,True,True,False
43,27,194,True,False,True
43,27,195,False,True,False
43,27,196,False,True,False
43,27,197,False,True,False
43,27,198,False,True,False
43,27,199,False,True,False
43,27,200,False,True,False
43,27,201,False,True,False
43,27,202,False,True,False
43,27,203,False,True,False
43,27,204,False,True,False
43,27,205,False,True,False
43,27,206,True,True,False
43,27,207,False,True,False
43,27,208,False,True,False
43,27,209,False,True,False
43,27,210,False,True,False
43,27,211,False,True,False
43,27,212,False,True,False
43,27,213,False,True,False
43,27,214,False,True,False
43,27,215,False,True,False
43,27,216,False,True,False
43,27,217,True,True,False
43,27,218,False,True,False
43,27,219,False,True,False
43,27,220,False,True,False
43,27,221,False,True,False
43,27,222,False,True,False
43,27,223,False,True,False
43,27,224,False,True,False
43,27,225,False,True,False
43,27,226,False,True,False
43,27,227,False,True,False
43,27,228,False,True,False
43,27,229,False,True,False
43,27,230,False,True,False
43,27,231,False,True,False
43,27,232,False,True,False
43,27,233,False,True,False
43,27,234,False,True,False
43,27,235,False,True,False
43,27,236,False,True,False
43,27,237,False,True,False
43,27,238,False,True,False
43,27,239,False,True,False
43,27,240,False,True,False
43,27,241,True,True,False
43,27,242,False,True,False
43,27,243,False,True,False
43,27,244,False,True,False
43,27,245,False,True,False
43,27,246,False,True,False
43,27,247,False,True,False
43,27,248,False,True,False
43,27,249,False,False,True
43,27,250,False,True,False
43,27,251,True,True,False
43,27,252,False,True,False
43,27,253,False,False,True
43,27,254,False,True,False
43,27,255,False,True,False
43,27,256,False,True,False
43,27,257,False,True,False
43,27,258,False,True,False
43,27,259,False,True,False
43,27,260,False,True,False
43,27,261,False,True,False
43,27,262,False,True,False
43,27,263,False,True,False
43,27,264,False,True,False
43,27,265,False,True,False
43,27,266,False,True,False
43,27,267,False,True,False
44,0,1,False,False,True
44,0,2,True,True,False
44,0,3,False,True,False
44,0,4,True,False,True
44,0,5,True,False,True
44,0,6,False,True,False
44,0,7,False,True,False
44,0,8,True,True,False
44,0,9,False,True,False
44,0,10,True,False,True
44,0,11,True,False,True
44,0,12,False,True,False
44,0,13,True,True,False
44,0,14,True,False,True
44,0,15,True,True,False
44,0,16,False,True,False
44,0,17,False,False,True
44,0,18,False,True,False
44,0,19,True,True,False
44,0,20,False,True,False
44,0,21,True,False,True
44,0,22,False,True,False
44,0,23,True,True,False
44,0,24,False,True,False
44,0,25,True,False,True
44,0,26,False,False,True
44,0,27,False,True,False
44,0,28,True,True,False
44,0,29,False,True,False
44,0,30,False,True,False
44,0,31,False,True,False
44,0,32,False,True,False
44,0,33,False,True,False
44,0,34,True,False,True
44,0,35,False,True,False
44,0,36,False,True,False
44,0,37,False,True,False
44,0,38,True,True,False
44,0,39,False,True,False
44,0,40,True,True,False
44,0,41,False,True,False
44,0,42,True,False,True
44,0,43,False,True,False
44,0,44,False,True,False
44,0,45,False,True,False
44,0,46,False,True,False
44,0,47,False,True,False
44,0,48,False,True,False
44,0,49,False,True,False
44,0,50,True,False,True
44,0,51,False,True,False
44,0,52,False,True,False
44,0,53,False,True,False
44,0,54,False,True,False
44,0,55,False,True,False
44,0,56,False,True,False
44,0,57,False,True,False
44,0,58,False,True,False
44,0,59,False,False,True
44,0,60,True,False,True
44,0,61,False,True,False
44,0,62,False,False,True
44,0,63,False,True,False
44,0,64,False,True,False
44,0,65,False,True,False
44,0,66,True,False,True
44,0,67,True,True,False
44,0,68,True,False,True
44,0,69,False,True,False
44,0,70,False,True,False
44,0,71,False,True,False
44,0,72,False,True,False
44,0,73,False,True,False
44,0,74,False,True,False
44,0,75,True,False,True
44,0,76,True,True,False
44,0,77,False,True,False
44,0,78,False,True,False
44,0,79,False,True,False
44,0,80,False,True,False
44,0,81,False,False,True
44,0,82,False,True,False
44,0,83,False,True,False
44,0,84,False,True,False
44,0,85,False,True,False
44,0,86,False,True,False
44,0,87,False,True,False
44,0,88,True,False,True
44,0,89,False,False,True
44,0,90,False,True,False
44,0,91,False,True,False
44,0,92,False,True,False
44,0,93,False,True,False
44,0,94,False,True,False
44,0,95,False,True,False
44,0,96,False,True,False
44,0,97,False,True,False
44,0,98,False,True,False
44,0,99,False,True,False
44,0,100,False,True,False
44,0,101,True,True,False
44,0,102,False,True,False
44,0,103,False,True,False
44,0,104,False,True,False
44,0,105,False,True,False
44,0,106,False,True,False
44,0,107,False,True,False
44,0,108,False,True,False
44,0,109,False,True,False
44,0,110,False,True,False
44,0,111,False,True,False
44,0,112,True,False,True
44,0,113,False,True,False
44,0,114,False,True,False
44,0,115,False,False,True
44,0,116,False,True,False
44,0,117,False,True,False
44,0,118,True,False,True
44,0,119,False,True,False
44,0,120,False,True,False
44,0,121,True,True,False
44,0,122,False,True,False
44,0,123,False,True,False
44,0,124,False,True,False
44,0,125,False,True,False
44,0,126,False,True,False
44,0,127,False,False,True
44,0,128,False,True,False
44,0,129,False,True,False
44,0,130,False,True,False
44,0,131,False,True,False
44,0,132,False,True,False
44,0,133,False,True,False
44,0,134,False,True,False
44,0,135,True,False,True
44,0,136,True,False,True
44,0,137,True,True,False
44,0,138,False,True,False
44,0,139,True,False,True
44,0,140,False,True,False
44,0,141,False,True,False
44,0,142,False,True,False
44,0,143,False,True,False
44,0,144,False,True,False
44,0,145,False,True,False
44,0,146,False,True,False
44,0,147,False,True,False
44,0,148,False,True,False
44,0,149,False,True,False
44,0,150,False,True,False
44,0,151,False,True,False
44,0,152,False,True,False
44,0,153,False,True,False
44,0,154,False,True,False
44,0,155,False,True,False
44,0,156,False,True,False
44,0,157,False,True,False
44,0,158,False,False,True
44,0,159,False,True,False
44,0,160,False,True,False
44,0,161,False,True,False
44,0,162,False,True,False
44,0,163,False,True,False
44,0,164,False,True,False
44,0,165,False,True,False
44,0,166,False,True,False
44,0,167,False,True,False
44,0,168,False,False,True
44,0,169,True,True,False
44,0,170,False,True,False
44,0,171,True,False,True
44,0,172,False,True,False
44,0,173,True,True,False
44,0,174,False,True,False
44,0,175,False,True,False
44,0,176,False,False,True
44,0,177,False,True,False
44,0,178,False,True,False
44,0,179,False,True,False
44,0,180,False,True,False
44,0,181,False,True,False
44,0,182,False,True,False
44,0,183,True,False,True
44,0,184,False,True,False
44,0,185,False,True,False
44,0,186,False,True,False
44,1,1,False,True,False
44,1,2,False,False,True
44,1,3,False,True,False
44,1,4,False,True,False
44,1,5,True,True,False
44,1,6,False,True,False
44,1,7,False,True,False
44,1,8,False,True,False
44,1,9,False,True,False
44,1,10,True,True,False
44,1,11,False,True,False
44,1,12,False,False,True
44,1,13,False,True,False
44,1,14,False,True,False
44,1,15,False,True,False
44,1,16,True,True,False
44,1,17,False,True,False
44,1,18,False,True,False
44,1,19,True,True,False
44,1,20,False,True,False
44,1,21,False,True,False
44,1,22,True,False,True
44,1,23,True,False,True
44,1,24,False,True,False
44,1,25,False,True,False
44,1,26,True,True,False
44,1,27,False,True,False
44,1,28,False,True,False
44,1,29,False,True,False
44,1,30,False,True,False
44,1,31,False,True,False
44,1,32,False,True,False
44,1,33,False,True,False
44,1,34,True,True,False
44,1,35,False,True,False
44,1,36,False,True,False
44,1,37,True,False,True
44,1,38,False,True,False
44,1,39,False,True,False
44,1,40,False,True,False
44,1,41,True,False,True
44,1,42,False,True,False
44,1,43,False,True,False
44,1,44,False,True,False
44,1,45,False,True,False
44,1,46,False,True,False
44,1,47,False,True,False
44,1,48,False,True,False
44,1,49,False,True,False
44,1,50,False,True,False
44,1,51,False,True,False
44,1,52,True,True,False
44,1,53,True,False,True
44,1,54,False,False,True
44,1,55,False,True,False
44,1,56,True,True,False
44,1,57,False,True,False
44,1,58,False,True,False
44,1,59,False,True,False
44,1,60,False,False,True
44,1,61,False,True,False
44,1,62,False,True,False
44,1,63,False,True,False
44,1,64,False,True,False
44,1,65,False,True,False
44,1,66,False,True,False
44,1,67,True,False,True
44,1,68,True,False,True
44,1,69,True,True,False
44,1,70,False,True,False
44,1,71,False,True,False
44,1,72,False,True,False
44,1,73,False,True,False
44,1,74,False,True,False
44,1,75,False,True,False
44,1,76,False,False,True
44,1,77,False,True,False
44,2,1,False,True,False
44,2,2,True,True,False
44,2,3,True,True,False
44,2,4,False,True,False
44,2,5,False,True,False
44,2,6,False,True,False
44,2,7,True,True,False
44,2,8,False,True,False
44,2,9,True,True,False
44,2,10,False,True,False
44,2,11,False,True,False
44,2,12,False,True,False
44,2,13,False,True,False
44,2,14,False,True,False
44,2,15,False,True,False
44,2,16,False,True,False
44,2,17,False,True,False
44,2,18,False,True,False
44,2,19,False,True,False
44,2,20,False,True,False
44,2,21,True,True,False
44,2,22,False,True,False
44,2,23,False,True,False
44,2,24,False,True,False
44,2,25,False,True,False
44,2,26,False,True,False
44,2,27,False,True,False
44,2,28,True,False,True
44,2,29,False,True,False
44,2,30,True,False,True
44,2,31,False,True,False
44,2,32,False,False,True
44,2,33,False,True,False
44,2,34,False,True,False
44,2,35,False,True,False
44,2,36,False,True,False
44,2,37,True,True,False
44,2,38,False,True,False
44,2,39,False,True,False
44,2,40,False,True,False
44,2,41,True,True,False
44,2,42,False,True,False
44,2,43,False,True,False
44,2,44,False,True,False
44,2,45,False,True,False
44,2,46,False,True,False
44,2,47,False,True,False
44,2,48,False,True,False
44,2,49,True,False,True
44,2,50,False,True,False
44,2,51,False,True,False
44,2,52,False,True,False
44,2,53,False,True,False
44,2,54,False,True,False
44,2,55,True,True,False
44,2,56,False,True,False
44,2,57,False,True,False
44,2,58,False,True,False
44,2,59,False,False,True
44,2,60,True,True,False
44,3,1,False,True,False
44,3,2,False,True,False
44,3,3,True,False,True
44,3,4,False,True,False
44,3,5,True,True,False
44,3,6,True,True,False
44,3,7,False,True,False
44,3,8,True,False,True
44,3,9,False,True,False
44,3,10,True,False,True
44,3,11,True,True,False
44,3,12,True,True,False
44,3,13,True,False,True
44,3,14,False,True,False
44,3,15,False,True,False
44,3,16,True,False,True
44,3,17,False,True,False
44,3,18,False,True,False
44,3,19,False,True,False
44,3,20,False,True,False
44,3,21,False,False,True
44,3,22,False,True,False
44,3,23,False,True,False
44,3,24,False,True,False
44,3,25,False,True,False
44,3,26,False,True,False
44,3,27,False,True,False
44,3,28,False,False,True
44,3,29,False,True,False
44,3,30,False,True,False
44,3,31,True,False,True
44,3,32,False,True,False
44,3,33,False,True,False
44,3,34,False,True,False
44,3,35,False,False,True
44,3,36,False,True,False
44,3,37,True,False,True
44,3,38,False,True,False
44,3,39,False,True,False
44,3,40,False,True,False
44,3,41,True,True,False
44,3,42,False,True,False
44,3,43,False,True,False
44,3,44,True,True,False
44,3,45,False,True,False
44,3,46,False,True,False
44,3,47,False,True,False
44,3,48,False,True,False
44,3,49,False,True,False
44,3,50,False,True,False
44,3,51,False,True,False
44,3,52,False,True,False
44,3,53,False,True,False
44,3,54,False,True,False
44,3,55,True,False,True
44,3,56,False,True,False
44,3,57,False,True,False
44,3,58,False,True,False
44,3,59,False,True,False
44,3,60,False,True,False
44,3,61,False,True,False
44,3,62,True,False,True
44,3,63,False,True,False
44,3,64,False,True,False
44,3,65,False,True,False
44,3,66,False,True,False
44,3,67,False,True,False
44,3,68,False,True,False
44,3,69,False,True,False
44,3,70,False,True,False
44,3,71,True,True,False
44,3,72,False,True,False
44,3,73,False,True,False
44,3,74,False,True,False
44,3,75,False,True,False
44,3,76,True,False,True
44,3,77,False,True,False
44,3,78,False,True,False
44,3,79,True,False,True
44,3,80,False,True,False
44,3,81,False,True,False
44,3,82,False,True,False
44,3,83,True,False,True
44,3,84,False,True,False
44,3,85,False,True,False
44,3,86,False,True,False
44,3,87,False,True,False
44,3,88,False,True,False
44,3,89,False,True,False
44,3,90,False,True,False
44,3,91,False,True,False
44,3,92,False,True,False
44,3,93,False,True,False
44,3,94,False,True,False
44,3,95,True,False,True
44,3,96,False,True,False
44,3,97,False,True,False
44,3,98,False,True,False
44,3,99,False,True,False
44,3,100,False,True,False
44,3,101,False,True,False
44,3,102,False,True,False
44,3,103,False,True,False
44,3,104,False,True,False
44,3,105,False,True,False
44,3,106,True,False,True
44,3,107,True,True,False
44,3,108,False,True,False
44,3,109,False,True,False
44,3,110,False,True,False
44,3,111,False,True,False
44,3,112,False,True,False
44,3,113,True,True,False
44,3,114,False,True,False
44,4,1,False,False,True
44,4,2,True,False,True
44,4,3,True,False,True
44,4,4,True,False,True
44,4,5,False,True,False
44,4,6,False,True,False
44,4,7,True,False,True
44,4,8,True,True,False
44,4,9,False,True,False
44,4,10,False,True,False
44,4,11,False,True,False
44,4,12,True,True,False
44,4,13,False,True,False
44,4,14,False,True,False
44,4,15,True,True,False
44,4,16,False,True,False
44,4,17,False,True,False
44,4,18,False,True,False
44,4,19,False,True,False
44,4,20,False,True,False
44,4,21,False,True,False
44,4,22,False,True,False
44,4,23,False,True,False
44,4,24,False,False,True
44,4,25,False,True,False
44,4,26,False,False,True
44,4,27,True,True,False
44,4,28,False,True,False
44,4,29,True,False,True
44,4,30,True,True,False
44,4,31,False,True,False
44,4,32,False,True,False
44,4,33,False,True,False
44,4,34,False,True,False
44,4,35,False,True,False
44,4,36,False,True,False
44,4,37,False,True,False
44,4,38,False,True,False
44,4,39,False,True,False
44,4,40,False,True,False
44,4,41,False,True,False
44,4,42,False,True,False
44,4,43,True,False,True
44,4,44,True,False,True
44,4,45,False,True,False
44,4,46,False,True,False
44,4,47,True,True,False
44,4,48,False,True,False
44,4,49,False,True,False
44,4,50,False,True,False
44,4,51,False,True,False
44,4,52,False,True,False
44,4,53,False,True,False
44,4,54,False,True,False
44,4,55,False,True,False
44,4,56,False,True,False
44,4,57,False,True,False
44,4,58,False,True,False
44,4,59,False,True,False
44,4,60,False,True,False
44,4,61,False,True,False
44,4,62,False,True,False
44,4,63,True,True,False
44,4,64,False,True,False
44,4,65,False,True,False
44,4,66,False,True,False
44,4,67,False,True,False
44,4,68,False,True,False
44,4,69,False,True,False
44,4,70,False,True,False
44,4,71,False,True,False
44,4,72,True,False,True
44,4,73,False,True,False
44,4,74,True,True,False
44,4,75,True,True,False
44,4,76,False,True,False
44,4,77,True,False,True
44,4,78,False,True,False
44,4,79,False,True,False
44,4,80,False,True,False
44,4,81,False,True,False
44,4,82,True,True,False
44,4,83,True,True,False
44,4,84,True,False,True
44,4,85,True,False,True
44,4,86,False,True,False
44,4,87,False,True,False
44,4,88,False,True,False
44,4,89,False,True,False
44,4,90,False,True,False
44,4,91,False,True,False
44,4,92,False,True,False
44,4,93,False,True,False
44,4,94,False,True,False
44,4,95,False,True,False
44,4,96,False,True,False
44,4,97,False,True,False
44,4,98,False,True,False
44,4,99,False,True,False
44,4,100,False,True,False
44,4,101,True,False,True
44,4,102,False,True,False
44,4,103,False,True,False
44,4,104,False,True,False
44,4,105,False,True,False
44,4,106,True,True,False
44,4,107,True,True,False
44,4,108,False,True,False
44,4,109,False,True,False
44,4,110,False,True,False
44,4,111,False,True,False
44,4,112,False,True,False
44,4,113,False,True,False
44,4,114,False,True,False
44,4,115,False,True,False
44,4,116,False,True,False
44,4,117,False,True,False
44,4,118,False,True,False
44,4,119,False,True,False
44,4,120,False,True,False
44,4,121,False,True,False
44,4,122,False,True,False
44,4,123,False,False,True
44,4,124,False,False,True
44,4,125,True,True,False
44,4,126,False,True,False
44,4,127,True,True,False
44,4,128,False,True,False
44,4,129,False,True,False
44,4,130,False,True,False
44,4,131,True,False,True
44,4,132,True,False,True
44,4,133,False,True,False
44,4,134,False,True,False
44,4,135,False,True,False
44,4,136,True,True,False
44,4,137,True,True,False
44,4,138,False,True,False
44,4,139,True,False,True
44,4,140,False,True,False
44,4,141,False,True,False
44,4,142,False,True,False
44,4,143,False,True,False
44,4,144,False,True,False
44,4,145,False,True,False
44,4,146,False,True,False
44,4,147,False,True,False
44,4,148,False,True,False
44,4,149,True,False,True
44,4,150,False,True,False
44,4,151,True,False,True
44,4,152,False,True,False
44,4,153,False,True,False
44,4,154,False,True,False
44,4,155,False,True,False
44,4,156,False,True,False
44,4,157,False,True,False
44,4,158,False,False,True
44,4,159,False,True,False
44,4,160,False,True,False
44,4,161,False,True,False
44,4,162,False,True,False
44,4,163,False,True,False
44,4,164,True,True,False
44,4,165,False,True,False
44,4,166,False,True,False
44,4,167,False,True,False
44,4,168,False,True,False
44,4,169,False,False,True
44,4,170,False,True,False
44,4,171,False,True,False
44,4,172,False,True,False
44,5,1,False,True,False
44,5,2,True,True,False
44,5,3,False,True,False
44,5,4,True,False,True
44,5,5,False,True,False
44,5,6,False,True,False
44,5,7,True,False,True
44,5,8,False,True,False
44,5,9,False,True,False
44,5,10,True,False,True
44,5,11,False,True,False
44,5,12,False,True,False
44,5,13,False,True,False
44,5,14,False,True,False
44,5,15,False,True,False
44,5,16,False,True,False
44,5,17,False,True,False
44,5,18,False,True,False
44,5,19,False,True,False
44,5,20,False,True,False
44,5,21,False,True,False
44,5,22,False,True,False
44,5,23,False,True,False
44,5,24,False,True,False
44,5,25,False,True,False
44,5,26,True,False,True
44,5,27,False,True,False
44,5,28,True,True,False
44,5,29,False,True,False
44,5,30,False,True,False
44,5,31,True,False,True
44,5,32,True,False,True
44,5,33,False,True,False
44,5,34,False,True,False
44,5,35,False,True,False
44,5,36,False,True,False
44,5,37,False,True,False
44,5,38,False,True,False
44,5,39,False,True,False
44,5,40,False,True,False
44,5,41,False,False,True
44,5,42,False,True,False
44,5,43,False,True,False
44,5,44,True,True,False
44,5,45,True,False,True
44,5,46,False,True,False
44,5,47,False,False,True
44,5,48,False,True,False
44,5,49,False,True,False
44,5,50,False,True,False
44,5,51,True,False,True
44,5,52,False,True,False
44,5,53,False,True,False
44,5,54,False,True,False
44,5,55,False,True,False
44,5,56,False,True,False
44,5,57,True,False,True
44,5,58,False,True,False
44,5,59,True,True,False
44,5,60,False,True,False
44,5,61,False,True,False
44,5,62,True,True,False
44,5,63,False,True,False
44,5,64,False,True,False
44,5,65,False,True,False
44,5,66,False,True,False
44,5,67,False,True,False
44,5,68,False,True,False
44,5,69,False,True,False
44,5,70,False,True,False
44,5,71,False,False,True
44,5,72,False,True,False
44,5,73,False,True,False
44,5,74,False,True,False
44,5,75,False,True,False
44,5,76,False,True,False
44,5,77,True,False,True
44,5,78,False,True,False
44,5,79,False,True,False
44,5,80,False,True,False
44,5,81,False,True,False
44,5,82,False,True,False
44,5,83,True,False,True
44,5,84,False,True,False
44,5,85,False,True,False
44,5,86,False,True,False
44,5,87,False,False,True
44,5,88,False,True,False
44,5,89,False,True,False
44,5,90,False,True,False
44,5,91,False,True,False
44,5,92,True,True,False
44,5,93,True,True,False
44,5,94,True,True,False
44,5,95,False,True,False
44,5,96,False,True,False
44,5,97,False,True,False
44,5,98,False,True,False
44,5,99,False,True,False
44,5,100,True,False,True
44,5,101,False,True,False
44,5,102,True,False,True
44,5,103,False,True,False
44,5,104,False,True,False
44,5,105,False,True,False
44,5,106,False,True,False
44,5,107,False,True,False
44,5,108,False,True,False
44,5,109,True,True,False
44,5,110,False,True,False
44,6,1,True,True,False
44,6,2,False,True,False
44,6,3,True,True,False
44,6,4,True,False,True
44,6,5,False,True,False
44,6,6,False,False,True
44,6,7,True,False,True
44,6,8,False,False,True
44,6,9,True,False,True
44,6,10,False,True,False
44,6,11,False,False,True
44,6,12,True,False,True
44,6,13,False,True,False
44,6,14,False,False,True
44,6,15,True,True,False
44,6,16,True,False,True
44,6,17,True,False,True
44,6,18,False,False,True
44,6,19,False,True,False
44,6,20,False,True,False
44,6,21,False,True,False
44,6,22,True,False,True
44,6,23,False,True,False
44,6,24,False,True,False
44,6,25,False,True,False
44,6,26,False,True,False
44,6,27,False,True,False
44,6,28,False,True,False
44,6,29,False,True,False
44,6,30,False,True,False
44,6,31,False,False,True
44,6,32,False,True,False
44,6,33,False,True,False
44,6,34,False,False,True
44,6,35,False,False,True
44,6,36,False,True,False
44,6,37,False,True,False
44,6,38,True,False,True
44,6,39,False,False,True
44,6,40,False,True,False
44,6,41,False,True,False
44,6,42,False,True,False
44,6,43,False,True,False
44,6,44,False,True,False
44,6,45,False,True,False
44,6,46,False,True,False
44,6,47,False,True,False
44,6,48,False,True,False
44,6,49,False,True,False
44,6,50,False,True,False
44,6,51,False,True,False
44,6,52,False,True,False
44,6,53,False,True,False
44,6,54,False,True,False
44,6,55,False,True,False
44,6,56,False,True,False
44,6,57,False,True,False
44,6,58,False,True,False
44,6,59,False,False,True
44,6,60,False,True,False
44,6,61,False,True,False
44,6,62,False,True,False
44,6,63,True,True,False
44,6,64,False,False,True
44,6,65,False,True,False
44,6,66,False,False,True
44,6,67,True,False,True
44,6,68,False,True,False
44,6,69,False,True,False
44,6,70,False,True,False
44,6,71,False,True,False
44,6,72,False,False,True
44,6,73,False,True,False
44,6,74,False,True,False
44,6,75,True,False,True
44,6,76,True,False,True
44,6,77,False,True,False
44,6,78,False,True,False
44,6,79,False,True,False
44,6,80,False,True,False
44,6,81,False,True,False
44,6,82,True,False,True
44,6,83,True,False,True
44,6,84,False,True,False
44,6,85,True,False,True
44,6,86,False,True,False
44,7,1,False,True,False
44,7,2,False,True,False
44,7,3,True,False,True
44,7,4,False,True,False
44,7,5,False,True,False
44,7,6,False,True,False
44,7,7,False,True,False
44,7,8,False,True,False
44,7,9,True,True,False
44,7,10,False,True,False
44,7,11,False,False,True
44,7,12,False,True,False
44,7,13,True,True,False
44,7,14,False,True,False
44,7,15,True,False,True
44,7,16,False,True,False
44,7,17,False,True,False
44,7,18,False,True,False
44,7,19,False,True,False
44,7,20,False,True,False
44,7,21,True,True,False
44,7,22,False,True,False
44,7,23,False,True,False
44,7,24,False,True,False
44,7,25,True,True,False
44,7,26,True,False,True
44,7,27,True,False,True
44,7,28,False,True,False
44,7,29,False,True,False
44,7,30,False,True,False
44,7,31,False,True,False
44,7,32,True,False,True
44,7,33,False,True,False
44,7,34,False,True,False
44,7,35,False,True,False
44,7,36,False,True,False
44,7,37,False,True,False
44,7,38,False,True,False
44,7,39,False,False,True
44,7,40,False,True,False
44,7,41,False,True,False
44,7,42,True,True,False
44,7,43,False,True,False
44,7,44,False,True,False
44,7,45,False,True,False
44,7,46,True,True,False
44,7,47,False,True,False
44,7,48,False,False,True
44,7,49,False,True,False
44,7,50,False,True,False
44,7,51,False,True,False
44,7,52,False,True,False
44,7,53,False,True,False
44,7,54,False,True,False
44,7,55,False,True,False
44,7,56,False,False,True
44,7,57,False,True,False
44,7,58,False,True,False
44,7,59,True,True,False
44,7,60,False,True,False
44,7,61,False,True,False
44,7,62,False,True,False
44,7,63,False,True,False
44,7,64,False,True,False
44,7,65,False,True,False
44,7,66,False,True,False
44,7,67,False,True,False
44,7,68,False,True,False
44,7,69,True,True,False
44,7,70,False,True,False
44,7,71,False,True,False
44,7,72,True,True,False
44,7,73,False,True,False
44,7,74,False,True,False
44,7,75,False,True,False
44,7,76,True,True,False
44,7,77,True,True,False
44,7,78,False,True,False
44,7,79,True,True,False
44,7,80,False,True,False
44,7,81,False,True,False
44,7,82,False,True,False
44,7,83,False,True,False
44,7,84,False,True,False
44,7,85,False,True,False
44,7,86,True,True,False
44,7,87,False,True,False
44,7,88,False,True,False
44,7,89,False,True,False
44,7,90,False,True,False
44,7,91,True,False,True
44,7,92,False,True,False
44,7,93,False,False,True
44,7,94,False,True,False
44,7,95,False,True,False
44,7,96,True,True,False
44,7,97,False,True,False
44,7,98,False,True,False
44,7,99,False,True,False
44,7,100,False,True,False
44,8,1,False,True,False
44,8,2,True,False,True
44,8,3,False,True,False
44,8,4,False,True,False
44,8,5,False,True,False
44,8,6,True,False,True
44,8,7,False,True,False
44,8,8,False,True,False
44,8,9,True,True,False
44,8,10,False,True,False
44,8,11,True,True,False
44,8,12,True,False,True
44,8,13,False,True,False
44,8,14,True,False,True
44,8,15,True,False,True
44,8,16,False,True,False
44,8,17,False,True,False
44,8,18,True,True,False
44,8,19,True,True,False
44,8,20,False,True,False
44,8,21,False,True,False
44,8,22,False,True,False
44,8,23,False,True,False
44,8,24,True,False,True
44,8,25,True,True,False
44,8,26,False,True,False
44,8,27,False,True,False
44,8,28,False,True,False
44,8,29,True,True,False
44,8,30,True,True,False
44,8,31,False,True,False
44,8,32,True,False,True
44,8,33,False,True,False
44,8,34,True,True,False
44,8,35,False,True,False
44,8,36,False,True,False
44,8,37,False,True,False
44,8,38,False,True,False
44,8,39,True,True,False
44,8,40,False,True,False
44,8,41,False,True,False
44,8,42,False,True,False
44,8,43,False,True,False
44,8,44,False,True,False
44,8,45,True,True,False
44,8,46,False,True,False
44,8,47,False,True,False
44,8,48,True,True,False
44,8,49,True,True,False
44,8,50,False,True,False
44,8,51,False,True,False
44,8,52,False,True,False
44,8,53,False,True,False
44,8,54,False,True,False
44,8,55,False,True,False
44,8,56,True,True,False
44,8,57,False,True,False
44,8,58,False,True,False
44,8,59,False,True,False
44,8,60,True,True,False
44,8,61,False,True,False
44,8,62,True,False,True
44,8,63,False,True,False
44,8,64,True,False,True
44,8,65,False,True,False
44,8,66,False,True,False
44,8,67,True,False,True
44,8,68,False,True,False
44,8,69,False,True,False
44,8,70,False,True,False
44,8,71,False,True,False
44,8,72,False,True,False
44,8,73,False,True,False
44,8,74,False,True,False
44,8,75,False,True,False
44,8,76,False,True,False
44,8,77,False,True,False
44,8,78,False,True,False
44,8,79,False,True,False
44,8,80,False,True,False
44,8,81,False,True,False
44,8,82,False,True,False
44,8,83,False,True,False
44,8,84,False,True,False
44,8,85,False,True,False
44,8,86,False,True,False
44,8,87,False,True,False
44,8,88,True,False,True
44,8,89,False,True,False
44,8,90,False,True,False
44,8,91,False,True,False
44,8,92,False,True,False
44,8,93,False,True,False
44,8,94,False,True,False
44,8,95,False,True,False
44,8,96,False,True,False
44,8,97,False,True,False
44,8,98,False,True,False
44,8,99,False,False,True
44,8,100,False,True,False
44,8,101,False,True,False
44,8,102,False,True,False
44,8,103,False,True,False
44,8,104,False,True,False
44,8,105,False,True,False
44,8,106,False,True,False
44,8,107,False,True,False
44,8,108,False,True,False
44,8,109,False,False,True
44,8,110,True,True,False
44,8,111,False,True,False
44,8,112,False,True,False
44,8,113,False,True,False
44,8,114,False,True,False
44,8,115,False,True,False
44,8,116,False,True,False
44,8,117,False,True,False
44,8,118,False,True,False
44,8,119,False,True,False
44,8,120,False,True,False
44,8,121,False,True,False
44,8,122,False,True,False
44,8,123,False,True,False
44,8,124,True,False,True
44,8,125,False,True,False
44,8,126,False,True,False
44,8,127,True,False,True
44,8,128,False,True,False
44,8,129,False,True,False
44,8,130,False,True,False
44,8,131,False,True,False
44,8,132,False,True,False
44,8,133,False,True,False
44,8,134,False,True,False
44,8,135,False,True,False
44,8,136,False,True,False
44,9,1,False,True,False
44,9,2,False,True,False
44,9,3,False,True,False
44,9,4,False,True,False
44,9,5,False,True,False
44,9,6,False,True,False
44,9,7,True,True,False
44,9,8,False,True,False
44,9,9,False,True,False
44,9,10,False,True,False
44,9,11,True,False,True
44,9,12,True,True,False
44,9,13,True,True,False
44,9,14,False,True,False
44,9,15,False,True,False
44,9,16,False,True,False
44,9,17,False,True,False
44,9,18,False,True,False
44,9,19,False,True,False
44,9,20,False,True,False
44,9,21,True,True,False
44,9,22,False,True,False
44,9,23,False,True,False
44,9,24,False,True,False
44,9,25,False,True,False
44,9,26,False,True,False
44,9,27,False,True,False
44,9,28,False,True,False
44,9,29,True,True,False
44,9,30,False,True,False
44,9,31,True,False,True
44,9,32,False,True,False
44,10,1,False,True,False
44,10,2,True,False,True
44,10,3,True,True,False
44,10,4,True,False,True
44,10,5,False,True,False
44,10,6,True,True,False
44,10,7,True,False,True
44,10,8,False,True,False
44,10,9,False,True,False
44,10,10,False,True,False
44,10,11,False,True,False
44,10,12,False,True,False
44,10,13,True,False,True
44,10,14,False,True,False
44,10,15,False,True,False
44,10,16,True,True,False
44,10,17,False,True,False
44,10,18,False,True,False
44,10,19,False,True,False
44,10,20,False,True,False
44,10,21,True,False,True
44,10,22,False,True,False
44,10,23,False,True,False
44,10,24,False,True,False
44,10,25,False,True,False
44,10,26,True,True,False
44,10,27,True,True,False
44,10,28,False,True,False
44,10,29,False,True,False
44,10,30,False,True,False
44,10,31,False,True,False
44,10,32,False,True,False
44,10,33,True,False,True
44,10,34,False,True,False
44,10,35,False,True,False
44,10,36,True,True,False
44,10,37,False,True,False
44,10,38,False,True,False
44,10,39,False,True,False
44,10,40,False,True,False
44,10,41,True,False,True
44,10,42,False,True,False
44,10,43,False,True,False
44,10,44,False,True,False
44,10,45,False,True,False
44,10,46,False,True,False
44,10,47,False,True,False
44,10,48,False,True,False
44,10,49,False,True,False
44,10,50,True,False,True
44,10,51,False,True,False
44,10,52,True,True,False
44,10,53,False,True,False
44,10,54,False,True,False
44,10,55,False,True,False
44,10,56,False,True,False
44,10,57,True,True,False
44,10,58,False,True,False
44,10,59,False,True,False
44,10,60,True,True,False
44,10,61,True,True,False
44,10,62,True,False,True
44,10,63,False,True,False
44,10,64,False,True,False
44,10,65,False,True,False
44,10,66,False,True,False
44,10,67,True,True,False
44,10,68,False,True,False
44,10,69,False,True,False
44,10,70,True,False,True
44,10,71,False,True,False
44,10,72,False,True,False
44,10,73,True,True,False
44,10,74,False,True,False
44,10,75,False,False,True
44,10,76,False,True,False
44,10,77,True,False,True
44,10,78,False,True,False
44,10,79,False,True,False
44,10,80,False,True,False
44,10,81,False,True,False
44,10,82,False,True,False
44,10,83,True,True,False
44,10,84,False,True,False
44,10,85,False,True,False
44,10,86,True,True,False
44,10,87,False,True,False
44,10,88,True,False,True
44,10,89,False,True,False
44,10,90,False,True,False
44,10,91,False,True,False
44,10,92,False,True,False
44,10,93,False,True,False
44,10,94,False,True,False
44,10,95,False,True,False
44,10,96,False,True,False
44,10,97,False,True,False
44,10,98,False,True,False
44,10,99,False,True,False
44,10,100,False,True,False
44,10,101,False,True,False
44,10,102,False,True,False
44,10,103,False,True,False
44,10,104,False,True,False
44,10,105,True,False,True
44,10,106,False,True,False
44,10,107,False,True,False
44,10,108,False,True,False
44,10,109,False,True,False
44,10,110,False,True,False
44,10,111,False,True,False
44,10,112,False,True,False
44,10,113,False,True,False
44,10,114,False,True,False
44,10,115,True,True,False
44,10,116,False,True,False
44,10,117,False,True,False
44,10,118,True,False,True
44,10,119,False,True,False
44,10,120,False,True,False
44,10,121,False,False,True
44,10,122,False,True,False
44,10,123,False,True,False
44,10,124,False,True,False
44,10,125,False,True,False
44,10,126,False,True,False
44,10,127,False,True,False
44,10,128,False,True,False
44,10,129,False,True,False
44,10,130,False,True,False
44,10,131,False,False,True
44,10,132,False,True,False
44,10,133,False,True,False
44,10,134,False,True,False
44,10,135,False,True,False
44,10,136,False,False,True
44,10,137,False,True,False
44,10,138,False,True,False
44,10,139,False,True,False
44,10,140,False,True,False
44,10,141,False,True,False
44,10,142,False,True,False
44,10,143,False,True,False
44,10,144,True,False,True
44,10,145,False,True,False
44,10,146,True,False,True
44,10,147,False,True,False
44,10,148,True,False,True
44,10,149,False,True,False
44,10,150,True,False,True
44,10,151,False,True,False
44,10,152,False,True,False
44,10,153,False,True,False
44,10,154,False,True,False
44,10,155,False,True,False
44,10,156,False,True,False
44,10,157,False,True,False
44,10,158,False,True,False
44,10,159,False,True,False
44,10,160,False,True,False
44,10,161,False,True,False
44,10,162,False,True,False
44,11,1,False,True,False
44,11,2,True,False,True
44,11,3,False,True,False
44,11,4,False,True,False
44,11,5,False,True,False
44,11,6,False,True,False
44,11,7,False,True,False
44,11,8,False,True,False
44,11,9,True,False,True
44,11,10,False,True,False
44,11,11,False,True,False
44,11,12,False,True,False
44,11,13,True,True,False
44,11,14,True,False,True
44,11,15,False,True,False
44,11,16,False,True,False
44,11,17,False,True,False
44,11,18,True,False,True
44,11,19,False,True,False
44,11,20,False,True,False
44,11,21,True,False,True
44,11,22,True,False,True
44,11,23,True,True,False
44,11,24,True,True,False
44,11,25,True,True,False
44,11,26,False,True,False
44,11,27,True,True,False
44,11,28,False,True,False
44,11,29,False,True,False
44,11,30,False,True,False
44,11,31,False,True,False
44,11,32,False,True,False
44,11,33,False,False,True
44,11,34,True,False,True
44,11,35,False,False,True
44,11,36,True,False,True
44,11,37,False,True,False
44,11,38,False,True,False
44,11,39,True,True,False
44,11,40,True,False,True
44,11,41,True,False,True
44,11,42,False,True,False
44,11,43,False,True,False
44,11,44,False,True,False
44,11,45,False,True,False
44,11,46,False,True,False
44,11,47,False,True,False
44,11,48,False,True,False
44,11,49,False,True,False
44,11,50,True,True,False
44,11,51,False,True,False
44,11,52,False,True,False
44,11,53,False,True,False
44,11,54,False,True,False
44,11,55,False,True,False
44,11,56,False,True,False
44,11,57,False,True,False
44,11,58,False,True,False
44,11,59,False,True,False
44,11,60,False,True,False
44,11,61,False,True,False
44,11,62,True,False,True
44,11,63,False,True,False
44,11,64,False,True,False
44,11,65,False,True,False
44,11,66,False,True,False
44,11,67,True,False,True
44,11,68,False,False,True
44,11,69,False,True,False
44,11,70,False,True,False
44,11,71,False,True,False
44,11,72,False,True,False
44,11,73,True,True,False
44,11,74,False,True,False
44,11,75,False,True,False
44,11,76,False,True,False
44,11,77,False,True,False
44,11,78,False,True,False
44,11,79,False,True,False
44,11,80,False,True,False
44,11,81,False,True,False
44,11,82,False,True,False
44,11,83,True,True,False
44,11,84,False,True,False
44,11,85,False,True,False
44,11,86,True,True,False
44,11,87,False,True,False
44,11,88,True,True,False
44,11,89,False,True,False
44,11,90,False,True,False
44,11,91,False,False,True
44,11,92,False,True,False
44,11,93,False,True,False
44,11,94,False,True,False
44,11,95,False,True,False
44,11,96,False,True,False
44,11,97,False,True,False
44,11,98,False,True,False
44,11,99,False,True,False
44,11,100,False,True,False
44,11,101,False,True,False
44,11,102,False,True,False
44,11,103,False,False,True
44,11,104,False,True,False
44,11,105,True,True,False
44,11,106,False,True,False
44,11,107,False,True,False
44,11,108,False,True,False
44,11,109,False,True,False
44,11,110,False,True,False
44,11,111,False,True,False
44,11,112,False,True,False
44,11,113,True,False,True
44,11,114,False,True,False
44,11,115,True,False,True
44,11,116,True,False,True
44,11,117,False,True,False
44,11,118,False,True,False
44,11,119,True,True,False
44,11,120,False,True,False
44,11,121,False,True,False
44,11,122,False,True,False
44,11,123,False,True,False
44,11,124,False,True,False
44,11,125,True,True,False
44,11,126,False,True,False
44,11,127,False,True,False
44,11,128,False,True,False
44,11,129,False,True,False
44,11,130,False,True,False
44,11,131,False,True,False
44,11,132,False,True,False
44,11,133,False,False,True
44,11,134,False,True,False
44,11,135,False,True,False
44,11,136,False,True,False
44,11,137,False,True,False
44,11,138,False,False,True
44,11,139,False,False,True
44,11,140,False,True,False
44,11,141,False,True,False
44,12,1,True,False,True
44,12,2,False,True,False
44,12,3,False,True,False
44,12,4,False,True,False
44,12,5,False,True,False
44,12,6,True,False,True
44,12,7,False,True,False
44,12,8,False,True,False
44,12,9,True,False,True
44,12,10,False,True,False
44,12,11,True,True,False
44,12,12,False,True,False
44,12,13,True,True,False
44,12,14,True,False,True
44,12,15,False,True,False
44,12,16,False,True,False
44,12,17,False,True,False
44,12,18,False,True,False
44,12,19,False,True,False
44,12,20,False,True,False
44,12,21,False,True,False
44,12,22,False,True,False
44,12,23,False,True,False
44,12,24,True,False,True
44,12,25,False,True,False
44,12,26,False,True,False
44,12,27,False,True,False
44,12,28,False,True,False
44,12,29,True,True,False
44,12,30,True,False,True
44,12,31,False,False,True
44,12,32,True,True,False
44,12,33,False,True,False
44,12,34,False,True,False
44,12,35,True,False,True
44,12,36,False,True,False
44,12,37,False,True,False
44,12,38,False,True,False
44,12,39,False,True,False
44,12,40,False,True,False
44,12,41,False,True,False
44,12,42,False,True,False
44,12,43,False,True,False
44,12,44,False,True,False
44,12,45,False,True,False
44,12,46,False,True,False
44,12,47,False,True,False
44,12,48,False,True,False
44,12,49,False,True,False
44,12,50,False,True,False
44,12,51,False,True,False
44,12,52,True,True,False
44,12,53,False,True,False
44,12,54,False,True,False
44,12,55,False,True,False
44,12,56,True,True,False
44,12,57,False,True,False
44,12,58,False,True,False
44,12,59,False,True,False
44,12,60,False,True,False
44,12,61,False,True,False
44,12,62,False,True,False
44,12,63,False,True,False
44,12,64,False,False,True
44,12,65,False,True,False
44,12,66,False,True,False
44,12,67,False,True,False
44,12,68,True,False,True
44,12,69,False,True,False
44,12,70,False,False,True
44,12,71,False,True,False
44,12,72,True,False,True
44,12,73,False,True,False
44,12,74,False,True,False
44,12,75,False,True,False
44,12,76,False,True,False
44,12,77,True,False,True
44,12,78,False,True,False
44,12,79,False,True,False
44,12,80,False,True,False
44,12,81,False,True,False
44,12,82,False,True,False
44,12,83,True,True,False
44,12,84,False,True,False
44,12,85,True,False,True
44,12,86,False,True,False
44,12,87,False,True,False
44,12,88,False,True,False
44,12,89,True,False,True
44,12,90,False,True,False
44,12,91,False,True,False
44,12,92,False,True,False
44,12,93,True,True,False
44,12,94,False,True,False
44,12,95,True,False,True
44,12,96,False,True,False
44,12,97,False,True,False
44,12,98,False,True,False
44,12,99,False,False,True
44,12,100,False,True,False
44,12,101,False,True,False
44,12,102,False,True,False
44,12,103,False,True,False
44,12,104,False,True,False
44,12,105,False,True,False
44,12,106,False,True,False
44,12,107,False,True,False
44,12,108,True,True,False
44,12,109,False,True,False
44,12,110,False,True,False
44,12,111,False,True,False
44,12,112,False,True,False
44,12,113,False,True,False
44,12,114,False,True,False
44,12,115,False,True,False
44,12,116,True,False,True
44,12,117,True,False,True
44,12,118,False,True,False
44,12,119,True,False,True
44,12,120,False,True,False
44,12,121,False,True,False
44,12,122,False,True,False
44,12,123,False,True,False
44,13,1,False,True,False
44,13,2,False,True,False
44,13,3,True,False,True
44,13,4,True,False,True
44,13,5,True,False,True
44,13,6,False,True,False
44,13,7,False,True,False
44,13,8,True,False,True
44,13,9,False,True,False
44,13,10,True,False,True
44,13,11,False,False,True
44,13,12,False,True,False
44,13,13,False,True,False
44,13,14,False,True,False
44,13,15,False,True,False
44,13,16,True,False,True
44,13,17,False,True,False
44,13,18,True,True,False
44,13,19,True,False,True
44,13,20,False,True,False
44,13,21,False,False,True
44,13,22,True,False,True
44,13,23,False,True,False
44,13,24,False,True,False
44,13,25,False,True,False
44,13,26,False,True,False
44,13,27,False,True,False
44,13,28,False,True,False
44,13,29,False,True,False
44,13,30,True,False,True
44,13,31,False,True,False
44,13,32,False,True,False
44,13,33,False,True,False
44,13,34,False,True,False
44,13,35,False,True,False
44,13,36,False,True,False
44,13,37,False,True,False
44,13,38,True,False,True
44,13,39,True,False,True
44,13,40,False,True,False
44,13,41,True,False,True
44,13,42,True,False,True
44,13,43,True,False,True
44,13,44,False,True,False
44,13,45,True,True,False
44,13,46,False,True,False
44,13,47,False,True,False
44,13,48,False,True,False
44,13,49,False,True,False
44,13,50,False,True,False
44,13,51,False,True,False
44,13,52,False,True,False
44,13,53,False,True,False
44,13,54,False,True,False
44,13,55,False,False,True
44,13,56,False,True,False
44,13,57,False,True,False
44,13,58,False,True,False
44,13,59,True,True,False
44,13,60,False,True,False
44,13,61,False,True,False
44,13,62,False,True,False
44,13,63,False,True,False
44,13,64,False,True,False
44,13,65,False,True,False
44,13,66,True,True,False
44,13,67,False,True,False
44,13,68,False,True,False
44,13,69,False,True,False
44,13,70,False,True,False
44,13,71,False,True,False
44,13,72,False,True,False
44,13,73,False,True,False
44,13,74,False,True,False
44,13,75,True,True,False
44,13,76,False,True,False
44,13,77,False,True,False
44,13,78,True,True,False
44,13,79,False,True,False
44,13,80,False,True,False
44,13,81,False,True,False
44,13,82,False,True,False
44,13,83,False,True,False
44,13,84,False,True,False
44,13,85,False,True,False
44,13,86,False,True,False
44,13,87,False,True,False
44,13,88,False,True,False
44,13,89,False,True,False
44,13,90,True,False,True
44,13,91,True,False,True
44,13,92,False,True,False
44,13,93,True,False,True
44,13,94,False,True,False
44,13,95,False,True,False
44,13,96,False,True,False
44,13,97,False,True,False
44,13,98,False,True,False
44,13,99,False,True,False
44,13,100,False,True,False
44,13,101,False,True,False
44,13,102,False,True,False
44,13,103,False,True,False
44,13,104,False,True,False
44,13,105,False,True,False
44,13,106,False,True,False
44,13,107,False,True,False
44,13,108,False,True,False
44,13,109,False,True,False
44,13,110,True,True,False
44,13,111,False,True,False
44,13,112,False,True,False
44,13,113,True,True,False
44,13,114,False,True,False
44,13,115,False,False,True
44,13,116,False,True,False
44,13,117,False,True,False
44,13,118,True,False,True
44,13,119,False,True,False
44,13,120,False,True,False
44,13,121,True,True,False
44,13,122,False,True,False
44,13,123,False,True,False
44,13,124,True,False,True
44,13,125,False,True,False
44,13,126,False,False,True
44,13,127,False,True,False
44,13,128,True,False,True
44,13,129,False,True,False
44,13,130,False,True,False
44,13,131,False,True,False
44,13,132,False,True,False
44,13,133,False,True,False
44,13,134,False,True,False
44,13,135,True,False,True
44,13,136,False,True,False
44,13,137,False,True,False
44,13,138,False,True,False
44,13,139,False,True,False
44,13,140,False,True,False
44,13,141,False,True,False
44,13,142,False,True,False
44,13,143,False,True,False
44,13,144,False,False,True
44,13,145,False,True,False
44,13,146,True,True,False
44,13,147,False,True,False
44,13,148,False,True,False
44,13,149,False,True,False
44,13,150,False,True,False
44,13,151,False,True,False
44,13,152,False,False,True
44,13,153,False,True,False
44,13,154,False,True,False
44,13,155,False,True,False
44,13,156,False,True,False
44,13,157,False,False,True
44,13,158,False,True,False
44,13,159,True,True,False
44,13,160,False,True,False
44,13,161,False,True,False
44,13,162,False,True,False
44,13,163,False,True,False
44,13,164,False,False,True
44,13,165,False,True,False
44,13,166,False,True,False
44,13,167,False,True,False
44,13,168,False,True,False
44,13,169,False,True,False
44,13,170,False,True,False
44,13,171,False,True,False
44,13,172,True,True,False
44,13,173,False,True,False
44,13,174,False,True,False
44,13,175,False,False,True
44,13,176,True,True,False
44,13,177,False,True,False
44,13,178,False,True,False
44,13,179,False,True,False
44,13,180,False,True,False
44,13,181,True,False,True
44,13,182,False,False,True
44,13,183,False,True,False
44,13,184,False,True,False
44,13,185,False,False,True
44,13,186,False,True,False
44,13,187,False,True,False
44,13,188,False,True,False
44,13,189,False,False,True
44,13,190,False,True,False
44,13,191,False,True,False
44,13,192,False,True,False
44,13,193,True,False,True
44,13,194,False,True,False
44,13,195,False,True,False
44,13,196,False,True,False
44,13,197,False,True,False
44,13,198,False,False,True
44,13,199,False,True,False
44,13,200,False,False,True
44,13,201,True,True,False
44,13,202,False,True,False
44,13,203,False,True,False
44,13,204,False,True,False
44,13,205,True,False,True
44,13,206,False,True,False
44,13,207,False,True,False
44,13,208,False,False,True
44,13,209,False,True,False
44,13,210,True,True,False
44,13,211,False,True,False
44,13,212,False,True,False
44,13,213,True,False,True
44,13,214,False,True,False
44,13,215,False,True,False
44,13,216,False,True,False
44,13,217,False,True,False
44,13,218,False,True,False
44,13,219,False,True,False
44,13,220,False,True,False
44,13,221,True,True,False
44,13,222,True,True,False
44,13,223,False,True,False
44,13,224,False,False,True
44,13,225,False,True,False
44,13,226,False,True,False
44,13,227,False,True,False
44,13,228,True,False,True
44,13,229,False,True,False
44,13,230,False,True,False
44,13,231,True,True,False
44,13,232,False,True,False
44,13,233,False,True,False
44,13,234,False,True,False
44,13,235,False,True,False
44,13,236,False,True,False
44,13,237,False,True,False
44,13,238,False,True,False
44,13,239,False,True,False
44,13,240,False,False,True
44,13,241,False,True,False
44,13,242,False,True,False
44,13,243,True,True,False
44,13,244,False,True,False
44,13,245,False,True,False
44,13,246,False,True,False
44,13,247,False,True,False
44,13,248,True,False,True
44,13,249,False,True,False
44,13,250,False,True,False
44,13,251,True,True,False
44,13,252,False,True,False
44,13,253,True,True,False
44,13,254,False,True,False
44,13,255,True,False,True
44,13,256,True,False,True
44,13,257,False,True,False
44,13,258,False,True,False
44,13,259,False,True,False
44,13,260,True,True,False
44,13,261,False,True,False
44,13,262,False,True,False
44,13,263,False,True,False
44,13,264,True,True,False
44,13,265,False,True,False
44,13,266,True,False,True
44,13,267,False,True,False
44,13,268,False,True,False
44,13,269,False,True,False
44,13,270,False,True,False
44,13,271,False,True,False
44,13,272,True,False,True
44,13,273,False,True,False
44,13,274,True,False,True
44,13,275,True,False,True
44,13,276,False,True,False
44,13,277,False,True,False
44,13,278,False,True,False
44,13,279,False,False,True
44,13,280,False,True,False
44,13,281,False,False,True
44,13,282,False,True,False
44,13,283,False,False,True
44,13,284,False,True,False
44,13,285,False,True,False
44,13,286,False,True,False
44,13,287,False,False,True
44,13,288,False,True,False
44,13,289,False,True,False
44,13,290,False,True,False
44,13,291,False,True,False
44,13,292,False,True,False
44,13,293,False,True,False
44,13,294,False,False,True
44,13,295,False,True,False
44,13,296,False,True,False
44,13,297,False,True,False
44,13,298,False,True,False
44,13,299,False,True,False
44,13,300,True,False,True
44,13,301,False,True,False
44,13,302,True,True,False
44,13,303,False,True,False
44,13,304,False,True,False
44,13,305,False,True,False
44,13,306,False,True,False
44,13,307,False,True,False
44,13,308,False,True,False
44,13,309,True,True,False
44,13,310,False,True,False
44,13,311,False,False,True
44,13,312,False,True,False
44,13,313,True,False,True
44,13,314,True,False,True
44,13,315,False,True,False
44,13,316,False,True,False
44,13,317,False,True,False
44,13,318,False,True,False
44,13,319,False,True,False
44,13,320,True,True,False
44,13,321,False,False,True
44,13,322,False,True,False
44,13,323,False,True,False
44,13,324,True,False,True
44,13,325,False,True,False
44,13,326,True,True,False
44,13,327,False,True,False
44,13,328,False,True,False
44,13,329,False,True,False
44,13,330,False,True,False
44,13,331,False,True,False
44,13,332,False,True,False
44,13,333,False,True,False
44,13,334,False,True,False
44,13,335,True,True,False
44,13,336,False,True,False
44,13,337,False,True,False
44,13,338,True,False,True
44,13,339,False,True,False
44,13,340,False,True,False
44,13,341,True,True,False
44,13,342,False,True,False
44,13,343,True,True,False
44,13,344,False,True,False
44,13,345,True,True,False
44,13,346,False,True,False
44,13,347,False,True,False
44,13,348,False,True,False
44,13,349,False,True,False
44,13,350,False,True,False
44,13,351,False,True,False
44,13,352,False,True,False
44,13,353,False,True,False
44,13,354,False,True,False
44,13,355,False,True,False
44,13,356,False,True,False
44,13,357,False,True,False
44,13,358,True,False,True
44,13,359,False,True,False
44,13,360,False,False,True
44,13,361,True,False,True
44,13,362,False,True,False
44,13,363,False,True,False
44,13,364,False,True,False
44,13,365,False,True,False
44,13,366,True,True,False
44,13,367,True,False,True
44,13,368,False,True,False
44,13,369,False,True,False
44,13,370,False,True,False
44,13,371,True,False,True
44,13,372,True,False,True
44,13,373,False,True,False
44,13,374,True,False,True
44,13,375,False,True,False
44,13,376,False,True,False
44,13,377,False,True,False
44,13,378,False,True,False
44,13,379,False,True,False
44,13,380,False,True,False
44,13,381,True,False,True
44,13,382,False,True,False
44,13,383,False,False,True
44,13,384,False,True,False
44,13,385,False,True,False
44,13,386,False,True,False
44,13,387,False,True,False
44,13,388,False,True,False
44,13,389,False,True,False
44,13,390,False,True,False
44,13,391,False,True,False
44,13,392,False,True,False
44,13,393,False,True,False
44,13,394,False,True,False
44,13,395,False,True,False
44,13,396,False,False,True
44,13,397,False,True,False
44,13,398,False,True,False
44,13,399,False,True,False
44,13,400,True,False,True
44,13,401,False,True,False
44,13,402,False,True,False
44,13,403,False,False,True
44,13,404,False,True,False
44,13,405,False,True,False
44,13,406,True,True,False
44,13,407,False,True,False
44,13,408,True,False,True
44,13,409,True,False,True
44,13,410,False,True,False
44,13,411,False,True,False
44,13,412,False,True,False
44,13,413,False,True,False
44,13,414,False,True,False
44,13,415,False,True,False
44,13,416,False,True,False
44,13,417,False,True,False
44,13,418,True,True,False
44,13,419,False,True,False
44,13,420,True,False,True
44,13,421,False,True,False
44,13,422,True,False,True
44,13,423,False,True,False
44,13,424,False,True,False
44,13,425,False,True,False
44,13,426,True,True,False
44,13,427,False,True,False
44,13,428,False,True,False
44,13,429,False,True,False
44,13,430,False,True,False
44,13,431,False,True,False
44,13,432,False,True,False
44,13,433,True,False,True
44,13,434,False,True,False
44,13,435,False,True,False
44,13,436,True,False,True
44,13,437,False,True,False
44,13,438,True,False,True
44,13,439,False,True,False
44,13,440,False,True,False
44,13,441,True,True,False
44,13,442,True,False,True
44,13,443,False,True,False
44,13,444,False,True,False
44,13,445,False,True,False
44,13,446,False,True,False
44,13,447,False,True,False
44,13,448,False,True,False
44,13,449,False,True,False
44,13,450,True,False,True
44,13,451,False,True,False
44,13,452,False,True,False
44,13,453,False,True,False
44,13,454,False,True,False
44,13,455,True,False,True
44,13,456,False,True,False
44,13,457,False,True,False
44,13,458,True,False,True
44,13,459,False,True,False
44,13,460,False,False,True
44,13,461,False,True,False
44,13,462,False,True,False
44,13,463,False,True,False
44,13,464,False,True,False
44,13,465,False,True,False
44,13,466,False,True,False
44,13,467,False,True,False
44,13,468,False,True,False
44,13,469,False,True,False
44,13,470,False,True,False
44,13,471,True,False,True
44,13,472,False,True,False
44,13,473,False,True,False
44,13,474,False,True,False
44,13,475,False,True,False
44,13,476,False,True,False
44,13,477,True,False,True
44,13,478,False,True,False
44,13,479,False,True,False
44,13,480,False,False,True
44,13,481,False,True,False
44,13,482,False,True,False
44,13,483,False,True,False
44,13,484,False,True,False
44,13,485,False,False,True
44,13,486,True,False,True
44,13,487,False,True,False
44,13,488,True,True,False
44,13,489,False,False,True
44,13,490,False,True,False
44,13,491,False,True,False
44,13,492,False,True,False
44,13,493,False,True,False
44,13,494,True,False,True
44,13,495,False,True,False
44,13,496,False,True,False
44,13,497,False,True,False
44,13,498,False,True,False
44,13,499,True,False,True
44,13,500,True,False,True
44,13,501,False,True,False
44,13,502,False,True,False
44,13,503,True,False,True
44,13,504,False,True,False
44,14,1,False,True,False
44,14,2,True,True,False
44,14,3,True,False,True
44,14,4,False,True,False
44,14,5,False,True,False
44,14,6,True,True,False
44,14,7,True,False,True
44,14,8,True,False,True
44,14,9,False,True,False
44,14,10,False,True,False
44,14,11,False,True,False
44,14,12,False,True,False
44,14,13,False,True,False
44,14,14,False,True,False
44,14,15,True,True,False
44,14,16,False,True,False
44,14,17,False,True,False
44,14,18,False,True,False
44,14,19,False,True,False
44,14,20,False,True,False
44,14,21,False,True,False
44,14,22,True,True,False
44,14,23,True,False,True
44,14,24,False,True,False
44,14,25,False,True,False
44,14,26,False,True,False
44,14,27,True,False,True
44,14,28,True,True,False
44,14,29,False,True,False
44,14,30,False,True,False
44,14,31,False,True,False
44,14,32,False,True,False
44,14,33,True,True,False
44,14,34,False,False,True
44,14,35,False,True,False
44,14,36,False,True,False
44,14,37,False,False,True
44,14,38,False,True,False
44,14,39,False,True,False
44,14,40,False,True,False
44,14,41,False,True,False
44,14,42,False,True,False
44,14,43,False,True,False
44,14,44,True,True,False
44,14,45,False,True,False
44,14,46,True,True,False
44,14,47,False,True,False
44,14,48,True,False,True
44,14,49,False,True,False
44,14,50,True,False,True
44,14,51,False,True,False
44,14,52,False,True,False
44,14,53,True,True,False
44,14,54,True,False,True
44,14,55,True,True,False
44,14,56,False,True,False
44,14,57,False,True,False
44,14,58,True,True,False
44,14,59,False,True,False
44,14,60,False,True,False
44,14,61,True,True,False
44,14,62,False,True,False
44,14,63,False,True,False
44,14,64,False,True,False
44,14,65,False,True,False
44,14,66,False,True,False
44,14,67,False,True,False
44,14,68,False,True,False
44,14,69,True,False,True
44,14,70,True,True,False
44,14,71,False,False,True
44,14,72,False,True,False
44,14,73,True,True,False
44,14,74,False,True,False
44,14,75,True,False,True
44,14,76,False,True,False
44,14,77,False,True,False
44,14,78,False,True,False
44,14,79,False,True,False
44,14,80,False,True,False
44,14,81,False,True,False
44,14,82,False,False,True
44,14,83,False,True,False
44,14,84,False,True,False
44,14,85,False,True,False
44,14,86,True,True,False
44,14,87,False,True,False
44,14,88,False,True,False
44,14,89,False,False,True
44,14,90,True,False,True
44,14,91,False,True,False
44,14,92,False,True,False
44,14,93,True,True,False
44,14,94,False,True,False
44,14,95,True,True,False
44,14,96,True,False,True
44,14,97,False,False,True
44,14,98,True,False,True
44,14,99,False,True,False
44,14,100,False,True,False
44,14,101,False,True,False
44,14,102,False,False,True
44,14,103,False,True,False
44,14,104,True,False,True
44,14,105,False,True,False
44,14,106,False,True,False
44,14,107,False,True,False
44,14,108,False,True,False
44,14,109,False,True,False
44,14,110,False,True,False
44,14,111,True,True,False
44,14,112,False,True,False
44,14,113,False,True,False
44,14,114,False,True,False
44,14,115,True,True,False
44,14,116,False,True,False
44,14,117,False,True,False
44,14,118,False,True,False
44,14,119,False,True,False
44,14,120,False,True,False
44,14,121,False,True,False
44,14,122,False,True,False
44,14,123,True,True,False
44,14,124,False,True,False
44,14,125,False,False,True
44,14,126,False,True,False
44,14,127,False,True,False
44,14,128,False,True,False
44,14,129,False,True,False
44,14,130,False,True,False
44,14,131,True,True,False
44,14,132,False,True,False
44,14,133,True,True,False
44,14,134,False,True,False
44,14,135,False,True,False
44,14,136,False,True,False
44,14,137,False,False,True
44,14,138,False,True,False
44,14,139,False,True,False
44,14,140,False,True,False
44,14,141,False,True,False
44,14,142,False,True,False
44,14,143,False,True,False
44,14,144,False,True,False
44,14,145,False,True,False
44,14,146,True,True,False
44,14,147,False,True,False
44,14,148,False,True,False
44,14,149,False,True,False
44,14,150,False,True,False
44,14,151,False,True,False
44,14,152,False,True,False
44,14,153,False,True,False
44,14,154,False,True,False
44,14,155,True,False,True
44,14,156,False,True,False
44,14,157,False,True,False
44,14,158,False,True,False
44,14,159,False,True,False
44,14,160,True,False,True
44,14,161,False,True,False
44,14,162,False,True,False
44,14,163,False,True,False
44,14,164,False,True,False
44,14,165,False,True,False
44,14,166,True,False,True
44,14,167,True,False,True
44,14,168,False,True,False
44,14,169,False,True,False
44,14,170,False,True,False
44,14,171,False,True,False
44,14,172,True,False,True
44,14,173,False,True,False
44,14,174,False,True,False
44,14,175,False,True,False
44,14,176,False,True,False
44,14,177,False,True,False
44,14,178,True,False,True
44,14,179,True,False,True
44,14,180,False,True,False
44,14,181,False,True,False
44,14,182,False,True,False
44,14,183,False,True,False
44,14,184,False,True,False
44,14,185,True,False,True
44,14,186,True,True,False
44,14,187,False,True,False
44,14,188,False,True,False
44,14,189,False,True,False
44,14,190,False,True,False
44,14,191,False,True,False
44,14,192,True,True,False
44,14,193,False,True,False
44,14,194,True,False,True
44,14,195,False,True,False
44,14,196,False,True,False
44,14,197,False,False,True
44,14,198,False,True,False
44,14,199,False,True,False
44,14,200,False,True,False
44,14,201,False,True,False
44,14,202,False,True,False
44,14,203,True,False,True
44,14,204,False,True,False
44,14,205,False,True,False
44,14,206,True,True,False
44,14,207,False,True,False
44,14,208,False,True,False
44,14,209,False,True,False
44,14,210,False,True,False
44,14,211,False,True,False
44,14,212,False,True,False
44,14,213,False,True,False
44,14,214,False,True,False
44,14,215,False,True,False
44,14,216,False,True,False
44,14,217,False,False,True
44,14,218,False,True,False
44,14,219,False,True,False
44,14,220,False,True,False
44,14,221,False,True,False
44,14,222,False,True,False
44,14,223,True,True,False
44,14,224,False,True,False
44,14,225,False,True,False
44,14,226,False,True,False
44,14,227,False,True,False
44,14,228,False,True,False
44,14,229,False,True,False
44,14,230,False,True,False
44,14,231,False,True,False
44,14,232,False,True,False
44,14,233,False,True,False
44,14,234,False,True,False
44,14,235,False,True,False
44,14,236,False,True,False
44,14,237,False,True,False
44,14,238,False,True,False
44,14,239,False,True,False
44,14,240,False,True,False
44,14,241,True,True,False
44,14,242,False,True,False
44,14,243,False,True,False
44,14,244,False,True,False
44,14,245,False,True,False
44,14,246,False,True,False
44,14,247,False,True,False
44,14,248,False,True,False
44,14,249,True,True,False
44,14,250,False,True,False
44,14,251,False,True,False
44,14,252,False,True,False
44,14,253,True,False,True
44,14,254,False,True,False
44,14,255,False,True,False
44,14,256,False,True,False
44,14,257,False,True,False
44,14,258,False,True,False
44,14,259,False,True,False
44,14,260,False,True,False
44,14,261,False,True,False
44,14,262,False,True,False
44,14,263,False,True,False
44,14,264,False,True,False
44,14,265,False,True,False
44,14,266,False,True,False
44,14,267,False,True,False
44,15,1,False,True,False
44,15,2,False,True,False
44,15,3,False,True,False
44,15,4,False,True,False
44,15,5,True,False,True
44,15,6,False,True,False
44,15,7,False,True,False
44,15,8,False,True,False
44,15,9,False,True,False
44,15,10,False,True,False
44,15,11,True,True,False
44,15,12,False,True,False
44,15,13,False,True,False
44,15,14,False,True,False
44,15,15,False,True,False
44,15,16,True,True,False
44,15,17,True,False,True
44,15,18,False,True,False
44,15,19,False,True,False
44,15,20,False,True,False
44,15,21,True,False,True
44,15,22,False,True,False
44,15,23,False,True,False
44,15,24,False,True,False
44,15,25,False,True,False
44,15,26,False,True,False
44,15,27,False,True,False
44,15,28,False,True,False
44,15,29,False,False,True
44,15,30,False,True,False
44,15,31,False,True,False
44,15,32,True,True,False
44,15,33,True,False,True
44,15,34,False,False,True
44,15,35,False,True,False
44,15,36,False,True,False
44,15,37,False,True,False
44,15,38,False,True,False
44,15,39,False,False,True
44,15,40,True,True,False
44,15,41,False,True,False
44,15,42,False,True,False
44,15,43,True,True,False
44,15,44,True,False,True
44,15,45,False,True,False
44,15,46,False,True,False
44,15,47,False,True,False
44,15,48,False,True,False
44,15,49,False,False,True
44,15,50,True,False,True
44,15,51,False,True,False
44,15,52,False,True,False
44,15,53,False,True,False
44,15,54,False,True,False
44,15,55,False,True,False
44,15,56,True,False,True
44,15,57,False,True,False
44,15,58,False,True,False
44,15,59,False,False,True
44,15,60,True,True,False
44,15,61,False,True,False
44,15,62,False,False,True
44,15,63,False,True,False
44,15,64,False,True,False
44,15,65,False,True,False
44,15,66,False,True,False
44,15,67,False,True,False
44,15,68,False,True,False
44,15,69,False,True,False
44,15,70,False,True,False
44,15,71,False,True,False
44,15,72,False,True,False
44,15,73,False,True,False
44,15,74,True,True,False
44,15,75,True,False,True
44,15,76,False,True,False
44,15,77,False,True,False
44,15,78,False,True,False
44,15,79,False,True,False
44,15,80,False,True,False
44,15,81,False,True,False
44,15,82,True,False,True
44,15,83,False,True,False
44,15,84,False,True,False
44,15,85,False,True,False
44,15,86,True,False,True
44,15,87,False,True,False
44,15,88,False,True,False
44,15,89,False,True,False
44,15,90,True,False,True
44,15,91,True,False,True
44,15,92,False,True,False
44,15,93,False,False,True
44,15,94,False,True,False
44,15,95,False,True,False
44,15,96,False,True,False
44,15,97,False,True,False
44,15,98,False,True,False
44,15,99,False,True,False
44,15,100,False,False,True
44,15,101,False,True,False
44,15,102,False,True,False
44,15,103,False,True,False
44,15,104,False,True,False
44,15,105,True,True,False
44,15,106,False,True,False
44,15,107,False,True,False
44,15,108,False,False,True
44,15,109,False,True,False
44,15,110,False,True,False
44,15,111,False,False,True
44,15,112,True,True,False
44,15,113,True,False,True
44,15,114,True,True,False
44,15,115,False,True,False
44,15,116,True,False,True
44,15,117,False,True,False
44,15,118,True,False,True
44,15,119,False,True,False
44,15,120,False,True,False
44,15,121,False,False,True
44,15,122,False,True,False
44,15,123,False,False,True
44,15,124,True,False,True
44,15,125,False,True,False
44,15,126,False,True,False
44,15,127,False,True,False
44,15,128,False,True,False
44,15,129,False,True,False
44,15,130,False,True,False
44,15,131,False,True,False
44,15,132,True,False,True
44,15,133,False,False,True
44,15,134,False,True,False
44,16,1,True,False,True
44,16,2,False,True,False
44,16,3,False,True,False
44,16,4,True,False,True
44,16,5,False,True,False
44,16,6,False,True,False
44,16,7,False,True,False
44,16,8,True,True,False
44,16,9,False,True,False
44,16,10,True,False,True
44,16,11,False,True,False
44,16,12,False,True,False
44,16,13,True,True,False
44,16,14,True,True,False
44,16,15,False,True,False
44,16,16,False,False,True
44,16,17,False,True,False
44,16,18,True,True,False
44,16,19,False,True,False
44,16,20,False,False,True
44,16,21,False,True,False
44,16,22,True,True,False
44,16,23,False,True,False
44,16,24,True,True,False
44,16,25,False,True,False
44,16,26,False,True,False
44,16,27,False,True,False
44,16,28,False,True,False
44,16,29,False,False,True
44,16,30,False,True,False
44,16,31,False,True,False
44,16,32,False,True,False
44,16,33,False,True,False
44,16,34,False,True,False
44,16,35,False,True,False
44,16,36,True,True,False
44,16,37,False,True,False
44,16,38,False,True,False
44,16,39,False,True,False
44,16,40,False,True,False
44,16,41,False,True,False
44,16,42,True,False,True
44,16,43,False,True,False
44,16,44,False,True,False
44,16,45,False,True,False
44,16,46,True,True,False
44,16,47,False,True,False
44,16,48,False,True,False
44,16,49,False,True,False
44,16,50,False,True,False
44,16,51,False,True,False
44,16,52,False,True,False
44,16,53,True,False,True
44,16,54,False,True,False
44,16,55,False,True,False
44,16,56,False,True,False
44,16,57,False,True,False
44,16,58,False,True,False
44,16,59,False,True,False
44,16,60,True,False,True
44,16,61,False,True,False
44,16,62,False,True,False
44,16,63,False,True,False
44,16,64,False,True,False
44,16,65,True,True,False
44,16,66,True,True,False
44,16,67,True,True,False
44,16,68,False,True,False
44,16,69,False,True,False
44,16,70,False,True,False
44,16,71,True,True,False
44,16,72,False,True,False
44,16,73,False,True,False
44,16,74,False,True,False
44,16,75,False,False,True
44,16,76,False,True,False
44,16,77,False,True,False
44,16,78,False,True,False
44,16,79,True,True,False
44,16,80,False,True,False
44,16,81,False,True,False
44,16,82,False,True,False
44,16,83,False,True,False
44,16,84,False,True,False
44,16,85,False,True,False
44,16,86,False,True,False
44,16,87,True,True,False
44,16,88,False,True,False
44,16,89,False,False,True
44,16,90,True,False,True
44,16,91,True,False,True
44,16,92,False,True,False
44,16,93,False,True,False
44,16,94,False,True,False
44,16,95,False,True,False
44,16,96,False,True,False
44,16,97,False,True,False
44,16,98,False,True,False
44,16,99,False,True,False
44,16,100,False,True,False
44,16,101,False,True,False
44,16,102,False,True,False
44,16,103,False,True,False
44,16,104,True,False,True
44,16,105,False,True,False
44,16,106,False,True,False
44,16,107,True,True,False
44,16,108,False,True,False
44,16,109,False,True,False
44,16,110,False,True,False
44,16,111,False,True,False
44,16,112,False,True,False
44,16,113,False,True,False
44,16,114,False,True,False
44,16,115,False,True,False
44,16,116,False,True,False
44,16,117,False,True,False
44,16,118,False,True,False
44,16,119,False,True,False
44,16,120,False,True,False
44,16,121,False,True,False
44,16,122,True,True,False
44,16,123,False,True,False
44,16,124,True,False,True
44,16,125,False,True,False
44,16,126,True,True,False
44,16,127,False,True,False
44,16,128,False,True,False
44,16,129,False,True,False
44,16,130,False,True,False
44,16,131,True,False,True
44,16,132,False,True,False
44,16,133,False,True,False
44,16,134,False,True,False
44,16,135,False,True,False
44,16,136,False,True,False
44,16,137,False,True,False
44,16,138,False,True,False
44,16,139,False,True,False
44,16,140,False,True,False
44,17,1,True,False,True
44,17,2,False,True,False
44,17,3,False,True,False
44,17,4,False,True,False
44,17,5,True,False,True
44,17,6,False,True,False
44,17,7,True,True,False
44,17,8,False,True,False
44,17,9,False,True,False
44,17,10,True,False,True
44,17,11,False,True,False
44,17,12,True,False,True
44,17,13,False,True,False
44,17,14,False,True,False
44,17,15,False,True,False
44,17,16,False,True,False
44,17,17,False,True,False
44,17,18,False,True,False
44,17,19,False,True,False
44,17,20,False,True,False
44,17,21,False,True,False
44,17,22,False,True,False
44,17,23,False,True,False
44,17,24,False,True,False
44,17,25,False,True,False
44,17,26,False,True,False
44,17,27,False,True,False
44,17,28,False,True,False
44,17,29,False,True,False
44,17,30,False,True,False
44,17,31,False,True,False
44,17,32,False,True,False
44,17,33,False,True,False
44,17,34,False,True,False
44,17,35,False,True,False
44,17,36,False,True,False
44,17,37,True,False,True
44,17,38,False,True,False
44,17,39,True,True,False
44,17,40,True,False,True
44,17,41,True,True,False
44,17,42,False,True,False
44,17,43,False,True,False
44,17,44,False,True,False
44,17,45,True,True,False
44,17,46,False,True,False
44,17,47,False,True,False
44,17,48,False,True,False
44,17,49,True,False,True
44,17,50,True,True,False
44,17,51,False,True,False
44,17,52,True,False,True
44,17,53,False,True,False
44,17,54,True,True,False
44,17,55,True,False,True
44,17,56,True,False,True
44,17,57,False,True,False
44,17,58,True,False,True
44,17,59,False,True,False
44,17,60,False,True,False
44,17,61,False,True,False
44,17,62,False,True,False
44,17,63,False,True,False
44,17,64,False,True,False
44,17,65,False,True,False
44,17,66,True,False,True
44,17,67,False,True,False
44,17,68,False,True,False
44,17,69,False,True,False
44,17,70,False,True,False
44,17,71,False,True,False
44,17,72,False,True,False
44,17,73,False,True,False
44,17,74,False,True,False
44,17,75,False,True,False
44,17,76,True,False,True
44,17,77,False,True,False
44,17,78,False,True,False
44,17,79,False,True,False
44,17,80,True,True,False
44,17,81,True,True,False
44,17,82,False,True,False
44,17,83,False,False,True
44,17,84,False,True,False
44,17,85,False,True,False
44,17,86,True,False,True
44,17,87,False,True,False
44,17,88,False,True,False
44,17,89,False,True,False
44,17,90,False,True,False
44,17,91,False,True,False
44,17,92,False,True,False
44,17,93,True,True,False
44,17,94,False,True,False
44,17,95,False,True,False
44,17,96,False,True,False
44,17,97,False,True,False
44,17,98,False,True,False
44,17,99,False,True,False
44,17,100,False,True,False
44,17,101,False,True,False
44,17,102,False,True,False
44,17,103,False,True,False
44,17,104,False,True,False
44,17,105,False,True,False
44,17,106,True,False,True
44,17,107,False,True,False
44,17,108,False,True,False
44,17,109,False,True,False
44,17,110,False,True,False
44,17,111,False,True,False
44,17,112,False,True,False
44,17,113,False,True,False
44,17,114,False,True,False
44,17,115,False,True,False
44,17,116,False,True,False
44,17,117,False,True,False
44,17,118,True,False,True
44,17,119,False,True,False
44,17,120,False,True,False
44,17,121,True,False,True
44,17,122,False,True,False
44,17,123,True,True,False
44,17,124,False,True,False
44,17,125,False,True,False
44,17,126,False,True,False
44,17,127,False,True,False
44,17,128,False,True,False
44,17,129,False,True,False
44,17,130,False,True,False
44,17,131,False,True,False
44,18,1,True,True,False
44,18,2,True,False,True
44,18,3,True,False,True
44,18,4,True,False,True
44,18,5,False,False,True
44,18,6,True,False,True
44,18,7,True,False,True
44,18,8,True,False,True
44,18,9,True,False,True
44,18,10,True,False,True
44,18,11,False,False,True
44,18,12,True,False,True
44,18,13,False,False,True
44,18,14,False,False,True
44,18,15,False,False,True
44,18,16,False,False,True
44,18,17,False,False,True
44,18,18,False,True,False
44,18,19,True,False,True
44,18,20,False,False,True
44,18,21,False,False,True
44,18,22,False,False,True
44,18,23,True,False,True
44,18,24,True,False,True
44,18,25,False,False,True
44,18,26,True,False,True
44,18,27,False,False,True
44,18,28,False,False,True
44,18,29,True,False,True
44,18,30,False,True,False
44,18,31,False,True,False
44,18,32,True,False,True
44,18,33,False,False,True
44,18,34,False,False,True
44,18,35,True,False,True
44,18,36,False,True,False
44,18,37,False,False,True
44,18,38,True,False,True
44,18,39,False,False,True
44,18,40,False,False,True
44,18,41,True,True,False
44,18,42,True,False,True
44,18,43,True,False,True
44,18,44,False,False,True
44,18,45,False,False,True
44,18,46,False,True,False
44,18,47,False,True,False
44,18,48,True,False,True
44,18,49,False,True,False
44,18,50,False,True,False
44,18,51,True,False,True
44,18,52,False,True,False
44,18,53,True,False,True
44,18,54,True,False,True
44,18,55,False,True,False
44,18,56,False,True,False
44,18,57,False,False,True
44,18,58,False,True,False
44,18,59,True,False,True
44,18,60,True,False,True
44,18,61,False,False,True
44,18,62,True,False,True
44,18,63,False,False,True
44,18,64,False,True,False
44,18,65,True,False,True
44,18,66,True,False,True
44,18,67,False,False,True
44,18,68,False,True,False
44,18,69,False,True,False
44,18,70,True,False,True
44,18,71,False,False,True
44,18,72,True,True,False
44,18,73,True,False,True
44,18,74,False,True,False
44,18,75,False,False,True
44,18,76,False,False,True
44,18,77,True,False,True
44,18,78,False,False,True
44,18,79,True,False,True
44,18,80,False,False,True
44,18,81,False,True,False
44,18,82,True,True,False
44,18,83,False,True,False
44,18,84,True,False,True
44,18,85,False,False,True
44,18,86,True,False,True
44,18,87,False,True,False
44,18,88,False,False,True
44,18,89,True,True,False
44,18,90,False,True,False
44,18,91,False,False,True
44,18,92,False,False,True
44,18,93,True,True,False
44,18,94,False,False,True
44,18,95,False,True,False
44,18,96,True,False,True
44,18,97,False,True,False
44,18,98,False,True,False
44,18,99,False,True,False
44,18,100,False,False,True
44,18,101,False,True,False
44,18,102,False,False,True
44,18,103,False,True,False
44,18,104,False,False,True
44,18,105,False,False,True
44,18,106,False,True,False
44,18,107,False,True,False
44,18,108,False,True,False
44,18,109,False,True,False
44,18,110,False,True,False
44,18,111,True,False,True
44,18,112,False,True,False
44,18,113,False,False,True
44,18,114,False,True,False
44,18,115,False,True,False
44,18,116,False,True,False
44,18,117,False,True,False
44,18,118,True,False,True
44,18,119,True,True,False
44,18,120,False,True,False
44,18,121,False,True,False
44,18,122,False,True,False
44,18,123,False,True,False
44,18,124,True,False,True
44,18,125,False,False,True
44,18,126,False,False,True
44,18,127,True,False,True
44,18,128,True,False,True
44,18,129,False,True,False
44,18,130,False,True,False
44,18,131,False,True,False
44,18,132,True,False,True
44,18,133,False,True,False
44,18,134,False,True,False
44,18,135,False,True,False
44,18,136,False,False,True
44,18,137,False,False,True
44,18,138,False,True,False
44,18,139,True,False,True
44,18,140,False,True,False
44,18,141,False,True,False
44,18,142,True,False,True
44,18,143,True,True,False
44,18,144,False,False,True
44,18,145,True,False,True
44,18,146,False,True,False
44,18,147,True,False,True
44,18,148,False,False,True
44,18,149,False,True,False
44,18,150,False,True,False
44,18,151,False,True,False
44,18,152,False,True,False
44,18,153,False,True,False
44,18,154,False,True,False
44,18,155,False,True,False
44,18,156,False,False,True
44,18,157,True,False,True
44,18,158,False,True,False
44,18,159,False,True,False
44,18,160,True,True,False
44,18,161,False,True,False
44,18,162,False,True,False
44,18,163,False,True,False
44,18,164,False,True,False
44,18,165,False,True,False
44,18,166,False,False,True
44,18,167,False,True,False
44,18,168,True,False,True
44,18,169,False,False,True
44,18,170,False,True,False
44,18,171,False,True,False
44,18,172,False,True,False
44,18,173,False,True,False
44,18,174,False,True,False
44,18,175,True,True,False
44,18,176,False,True,False
44,18,177,False,True,False
44,18,178,False,True,False
44,18,179,False,True,False
44,18,180,False,True,False
44,18,181,False,True,False
44,18,182,False,True,False
44,18,183,False,True,False
44,18,184,False,True,False
44,18,185,False,True,False
44,18,186,True,False,True
44,18,187,False,True,False
44,18,188,False,True,False
44,18,189,False,True,False
44,18,190,False,False,True
44,18,191,False,True,False
44,18,192,False,True,False
44,18,193,False,True,False
44,18,194,False,True,False
44,18,195,True,True,False
44,18,196,True,False,True
44,18,197,False,True,False
44,18,198,False,True,False
44,18,199,False,True,False
44,18,200,False,True,False
44,18,201,True,True,False
44,18,202,False,True,False
44,18,203,False,True,False
44,18,204,False,True,False
44,18,205,True,False,True
44,18,206,False,True,False
44,18,207,False,True,False
44,18,208,False,True,False
44,18,209,False,False,True
44,18,210,False,True,False
44,18,211,False,True,False
44,18,212,False,True,False
44,18,213,True,False,True
44,18,214,False,True,False
44,18,215,False,False,True
44,18,216,False,True,False
44,18,217,True,False,True
44,18,218,False,True,False
44,18,219,False,True,False
44,18,220,False,True,False
44,18,221,False,True,False
44,18,222,True,False,True
44,18,223,False,False,True
44,18,224,True,False,True
44,18,225,False,True,False
44,18,226,False,True,False
44,18,227,False,True,False
44,18,228,False,True,False
44,18,229,False,True,False
44,18,230,False,True,False
44,18,231,False,True,False
44,18,232,False,True,False
44,18,233,False,True,False
44,18,234,False,True,False
44,18,235,False,True,False
44,18,236,False,True,False
44,18,237,False,True,False
44,18,238,False,False,True
44,18,239,False,True,False
44,18,240,False,True,False
44,18,241,False,True,False
44,18,242,False,True,False
44,18,243,False,True,False
44,18,244,False,True,False
44,18,245,False,False,True
44,18,246,False,False,True
44,18,247,False,True,False
44,18,248,False,True,False
44,18,249,False,True,False
44,18,250,False,True,False
44,18,251,False,True,False
44,18,252,False,False,True
44,18,253,False,False,True
44,18,254,False,True,False
44,18,255,False,True,False
44,18,256,False,True,False
44,18,257,False,True,False
44,18,258,False,True,False
44,18,259,False,True,False
44,18,260,False,True,False
44,18,261,False,False,True
44,18,262,False,True,False
44,18,263,False,True,False
44,18,264,False,True,False
44,18,265,True,True,False
44,18,266,False,False,True
44,18,267,False,True,False
44,18,268,True,False,True
44,18,269,False,True,False
44,18,270,False,False,True
44,18,271,False,True,False
44,18,272,False,False,True
44,18,273,False,True,False
44,18,274,False,True,False
44,18,275,False,True,False
44,18,276,False,True,False
44,18,277,False,True,False
44,18,278,False,True,False
44,18,279,False,True,False
44,18,280,False,True,False
44,18,281,False,True,False
44,18,282,False,True,False
44,18,283,False,True,False
44,18,284,False,True,False
44,18,285,True,True,False
44,18,286,False,True,False
44,18,287,False,True,False
44,18,288,False,True,False
44,18,289,True,True,False
44,18,290,False,True,False
44,18,291,False,True,False
44,18,292,False,True,False
44,18,293,False,True,False
44,18,294,False,False,True
44,18,295,False,True,False
44,18,296,False,False,True
44,18,297,True,False,True
44,18,298,False,False,True
44,18,299,False,True,False
44,18,300,False,True,False
44,18,301,True,True,False
44,18,302,False,True,False
44,18,303,False,True,False
44,18,304,False,True,False
44,18,305,False,True,False
44,18,306,False,True,False
44,18,307,False,True,False
44,18,308,True,False,True
44,18,309,False,True,False
44,18,310,False,True,False
44,18,311,False,False,True
44,18,312,False,True,False
44,18,313,False,True,False
44,18,314,False,True,False
44,18,315,False,True,False
44,18,316,False,True,False
44,18,317,False,True,False
44,18,318,False,True,False
44,18,319,False,False,True
44,18,320,False,True,False
44,18,321,False,True,False
44,18,322,False,False,True
44,18,323,False,True,False
44,18,324,False,True,False
44,18,325,False,True,False
44,18,326,False,True,False
44,18,327,False,True,False
44,18,328,True,False,True
44,18,329,False,True,False
44,18,330,False,True,False
44,18,331,False,True,False
44,18,332,False,True,False
44,18,333,False,True,False
44,18,334,False,True,False
44,18,335,False,False,True
44,18,336,False,True,False
44,18,337,True,False,True
44,18,338,False,True,False
44,18,339,False,True,False
44,18,340,False,True,False
44,18,341,False,True,False
44,18,342,True,True,False
44,18,343,False,True,False
44,18,344,False,True,False
44,18,345,True,False,True
44,18,346,False,True,False
44,18,347,False,True,False
44,18,348,False,True,False
44,18,349,False,True,False
44,18,350,False,False,True
44,18,351,False,True,False
44,18,352,False,True,False
44,18,353,False,True,False
44,18,354,False,False,True
44,18,355,False,True,False
44,18,356,False,False,True
44,18,357,True,False,True
44,18,358,False,True,False
44,18,359,False,True,False
44,18,360,False,True,False
44,18,361,False,True,False
44,18,362,False,True,False
44,18,363,True,False,True
44,18,364,True,False,True
44,18,365,False,True,False
44,18,366,True,False,True
44,18,367,False,True,False
44,18,368,False,True,False
44,18,369,False,True,False
44,18,370,False,True,False
44,18,371,False,True,False
44,18,372,False,True,False
44,18,373,False,False,True
44,18,374,False,True,False
44,18,375,False,True,False
44,18,376,False,True,False
44,18,377,False,True,False
44,18,378,False,True,False
44,18,379,False,True,False
44,18,380,False,True,False
44,18,381,True,True,False
44,18,382,False,True,False
44,18,383,False,True,False
44,18,384,False,True,False
44,18,385,False,True,False
44,18,386,False,True,False
44,18,387,False,True,False
44,18,388,False,True,False
44,18,389,False,True,False
44,18,390,False,True,False
44,18,391,False,False,True
44,18,392,False,True,False
44,18,393,False,True,False
44,18,394,False,True,False
44,18,395,False,False,True
44,18,396,True,False,True
44,18,397,True,True,False
44,18,398,False,True,False
44,18,399,False,True,False
44,18,400,False,True,False
44,18,401,False,True,False
44,18,402,False,True,False
44,18,403,False,True,False
44,18,404,False,True,False
44,18,405,False,True,False
44,18,406,False,True,False
44,18,407,False,True,False
44,18,408,False,True,False
44,18,409,False,True,False
44,18,410,False,True,False
44,18,411,False,True,False
44,18,412,True,False,True
44,18,413,False,True,False
44,18,414,False,False,True
44,18,415,False,True,False
44,18,416,False,True,False
44,18,417,False,False,True
44,18,418,False,True,False
44,18,419,False,True,False
44,18,420,False,True,False
44,18,421,True,True,False
44,18,422,False,True,False
44,18,423,False,False,True
44,18,424,False,True,False
44,18,425,False,True,False
44,18,426,False,True,False
44,18,427,False,True,False
44,18,428,False,True,False
44,19,1,False,True,False
44,19,2,True,False,True
44,19,3,False,True,False
44,19,4,True,False,True
44,19,5,False,True,False
44,19,6,False,True,False
44,19,7,False,True,False
44,19,8,False,True,False
44,19,9,False,True,False
44,19,10,False,True,False
44,19,11,True,False,True
44,19,12,True,True,False
44,19,13,True,False,True
44,19,14,False,True,False
44,19,15,False,True,False
44,19,16,True,False,True
44,19,17,False,True,False
44,19,18,False,True,False
44,19,19,True,True,False
44,19,20,False,True,False
44,19,21,True,False,True
44,19,22,False,True,False
44,19,23,False,True,False
44,19,24,False,True,False
44,19,25,False,True,False
44,19,26,False,True,False
44,19,27,False,False,True
44,19,28,True,False,True
44,19,29,False,True,False
44,19,30,True,True,False
44,19,31,False,True,False
44,19,32,False,True,False
44,19,33,False,True,False
44,19,34,False,True,False
44,19,35,False,True,False
44,19,36,False,True,False
44,19,37,True,True,False
44,19,38,False,True,False
44,19,39,False,False,True
44,19,40,False,True,False
44,19,41,False,True,False
44,19,42,False,True,False
44,19,43,False,True,False
44,19,44,True,False,True
44,19,45,False,True,False
44,19,46,False,False,True
44,19,47,False,True,False
44,19,48,False,True,False
44,19,49,False,True,False
44,19,50,False,True,False
44,19,51,False,True,False
44,19,52,False,True,False
44,19,53,False,False,True
44,19,54,True,False,True
44,19,55,False,True,False
44,19,56,False,True,False
44,19,57,False,True,False
44,19,58,False,True,False
44,19,59,False,True,False
44,19,60,False,True,False
44,19,61,False,True,False
44,19,62,False,False,True
44,19,63,False,True,False
44,19,64,False,True,False
44,19,65,True,False,True
44,19,66,False,True,False
44,19,67,False,True,False
44,19,68,False,True,False
44,19,69,False,True,False
44,19,70,True,True,False
44,19,71,False,True,False
44,19,72,False,True,False
44,19,73,False,True,False
44,19,74,False,True,False
44,19,75,False,False,True
44,19,76,False,True,False
44,19,77,True,False,True
44,19,78,False,True,False
44,19,79,False,True,False
44,19,80,False,True,False
44,19,81,True,False,True
44,19,82,False,True,False
44,20,1,False,True,False
44,20,2,True,True,False
44,20,3,False,True,False
44,20,4,False,True,False
44,20,5,True,True,False
44,20,6,False,True,False
44,20,7,False,True,False
44,20,8,False,True,False
44,20,9,False,True,False
44,20,10,False,True,False
44,20,11,True,True,False
44,20,12,False,True,False
44,20,13,False,True,False
44,20,14,False,True,False
44,20,15,False,True,False
44,20,16,True,True,False
44,20,17,False,True,False
44,20,18,True,True,False
44,20,19,False,True,False
44,20,20,False,True,False
44,20,21,False,True,False
44,20,22,False,True,False
44,20,23,False,True,False
44,20,24,True,True,False
44,20,25,False,True,False
44,20,26,True,True,False
44,20,27,False,True,False
44,20,28,False,True,False
44,20,29,False,True,False
44,20,30,False,True,False
44,20,31,False,True,False
44,20,32,False,True,False
44,20,33,False,True,False
44,20,34,False,True,False
44,20,35,True,False,True
44,20,36,True,False,True
44,20,37,False,True,False
44,20,38,False,True,False
44,20,39,False,True,False
44,20,40,False,True,False
44,20,41,False,True,False
44,20,42,False,True,False
44,20,43,False,True,False
44,20,44,False,True,False
44,20,45,False,True,False
44,20,46,False,True,False
44,20,47,False,True,False
44,20,48,False,True,False
44,20,49,False,True,False
44,20,50,True,False,True
44,20,51,False,True,False
44,20,52,True,True,False
44,20,53,False,True,False
44,20,54,False,True,False
44,20,55,False,True,False
44,20,56,True,False,True
44,20,57,False,True,False
44,20,58,False,True,False
44,20,59,True,False,True
44,20,60,False,True,False
44,20,61,False,True,False
44,20,62,True,True,False
44,20,63,False,True,False
44,20,64,False,True,False
44,20,65,True,False,True
44,20,66,False,True,False
44,20,67,False,True,False
44,20,68,False,True,False
44,20,69,False,True,False
44,20,70,False,True,False
44,20,71,False,True,False
44,20,72,False,True,False
44,20,73,False,True,False
44,20,74,False,True,False
44,20,75,False,True,False
44,20,76,False,True,False
44,20,77,True,False,True
44,20,78,True,False,True
44,20,79,False,True,False
44,20,80,False,True,False
44,20,81,False,True,False
44,20,82,False,True,False
44,20,83,True,False,True
44,20,84,False,True,False
44,20,85,False,True,False
44,20,86,False,True,False
44,20,87,False,True,False
44,20,88,False,True,False
44,20,89,False,True,False
44,20,90,False,True,False
44,20,91,False,True,False
44,20,92,False,True,False
44,20,93,False,True,False
44,20,94,False,True,False
44,20,95,False,True,False
44,20,96,False,True,False
44,20,97,False,True,False
44,20,98,False,True,False
44,20,99,False,True,False
44,20,100,False,True,False
44,20,101,True,False,True
44,20,102,False,True,False
44,20,103,False,True,False
44,20,104,True,True,False
44,20,105,False,True,False
44,20,106,True,True,False
44,20,107,False,True,False
44,20,108,False,False,True
44,20,109,True,False,True
44,20,110,True,False,True
44,20,111,True,False,True
44,20,112,False,True,False
44,20,113,False,True,False
44,20,114,False,True,False
44,20,115,False,True,False
44,20,116,False,True,False
44,20,117,True,False,True
44,20,118,False,True,False
44,20,119,False,True,False
44,20,120,False,True,False
44,20,121,False,True,False
44,20,122,True,True,False
44,20,123,False,True,False
44,20,124,False,True,False
44,20,125,True,True,False
44,20,126,False,False,True
44,20,127,False,True,False
44,20,128,False,True,False
44,20,129,False,True,False
44,20,130,True,False,True
44,20,131,False,True,False
44,20,132,True,False,True
44,20,133,False,True,False
44,20,134,False,True,False
44,20,135,False,True,False
44,20,136,False,True,False
44,20,137,False,True,False
44,20,138,False,True,False
44,20,139,False,True,False
44,20,140,False,True,False
44,20,141,False,True,False
44,20,142,False,True,False
44,20,143,False,True,False
44,20,144,False,True,False
44,20,145,False,True,False
44,20,146,False,True,False
44,20,147,True,False,True
44,20,148,True,False,True
44,20,149,False,True,False
44,20,150,False,True,False
44,20,151,False,True,False
44,20,152,True,False,True
44,20,153,False,True,False
44,20,154,False,True,False
44,20,155,False,True,False
44,20,156,True,True,False
44,20,157,False,True,False
44,20,158,False,True,False
44,20,159,False,True,False
44,20,160,False,True,False
44,20,161,False,True,False
44,20,162,False,True,False
44,20,163,False,True,False
44,20,164,False,True,False
44,20,165,False,True,False
44,20,166,False,True,False
44,20,167,True,False,True
44,20,168,False,True,False
44,20,169,False,True,False
44,20,170,True,True,False
44,20,171,False,True,False
44,20,172,False,True,False
44,20,173,False,True,False
44,20,174,False,True,False
44,20,175,False,True,False
44,20,176,True,True,False
44,20,177,False,True,False
44,20,178,False,True,False
44,20,179,True,False,True
44,20,180,False,True,False
44,20,181,False,True,False
44,20,182,False,True,False
44,20,183,False,True,False
44,20,184,False,True,False
44,20,185,True,True,False
44,20,186,False,True,False
44,21,1,True,False,True
44,21,2,False,True,False
44,21,3,False,True,False
44,21,4,False,True,False
44,21,5,True,False,True
44,21,6,True,False,True
44,21,7,False,True,False
44,21,8,False,True,False
44,21,9,False,True,False
44,21,10,False,True,False
44,21,11,True,False,True
44,21,12,True,True,False
44,21,13,False,True,False
44,21,14,False,True,False
44,21,15,False,True,False
44,21,16,False,True,False
44,21,17,False,False,True
44,21,18,False,True,False
44,21,19,False,True,False
44,21,20,False,True,False
44,21,21,False,True,False
44,21,22,False,True,False
44,21,23,False,True,False
44,21,24,False,True,False
44,21,25,False,True,False
44,21,26,True,False,True
44,21,27,False,True,False
44,21,28,False,True,False
44,21,29,False,True,False
44,21,30,False,True,False
44,21,31,False,True,False
44,21,32,False,False,True
44,21,33,True,True,False
44,21,34,True,False,True
44,21,35,False,True,False
44,21,36,False,True,False
44,21,37,False,True,False
44,21,38,False,True,False
44,21,39,False,True,False
44,21,40,False,True,False
44,21,41,False,True,False
44,21,42,True,True,False
44,21,43,True,False,True
44,21,44,False,True,False
44,21,45,True,True,False
44,21,46,False,True,False
44,21,47,False,True,False
44,21,48,False,True,False
44,21,49,False,True,False
44,21,50,True,False,True
44,21,51,False,True,False
44,21,52,True,False,True
44,21,53,False,True,False
44,21,54,False,False,True
44,21,55,True,True,False
44,21,56,True,True,False
44,21,57,False,True,False
44,21,58,True,False,True
44,21,59,False,True,False
44,21,60,False,True,False
44,21,61,False,True,False
44,21,62,False,True,False
44,21,63,False,True,False
44,21,64,False,True,False
44,21,65,False,True,False
44,21,66,False,True,False
44,21,67,False,True,False
44,21,68,False,True,False
44,21,69,False,True,False
44,21,70,False,True,False
44,21,71,False,True,False
44,21,72,True,True,False
44,21,73,False,True,False
44,21,74,False,True,False
44,21,75,False,True,False
44,21,76,False,True,False
44,21,77,False,True,False
44,21,78,True,True,False
44,21,79,False,False,True
44,21,80,False,True,False
44,21,81,False,True,False
44,21,82,False,True,False
44,21,83,False,True,False
44,21,84,False,True,False
44,21,85,False,True,False
44,21,86,False,True,False
44,21,87,False,True,False
44,21,88,False,True,False
44,21,89,True,True,False
44,21,90,False,True,False
44,21,91,False,True,False
44,21,92,False,True,False
44,21,93,False,True,False
44,21,94,False,True,False
44,21,95,False,True,False
44,21,96,True,True,False
44,21,97,False,True,False
44,21,98,False,True,False
44,21,99,True,True,False
44,21,100,True,False,True
44,21,101,False,True,False
44,21,102,False,True,False
44,21,103,True,True,False
44,21,104,False,True,False
44,21,105,False,True,False
44,21,106,False,True,False
44,21,107,True,False,True
44,21,108,False,True,False
44,21,109,False,True,False
44,21,110,False,False,True
44,21,111,True,True,False
44,21,112,False,True,False
44,21,113,False,True,False
44,21,114,False,True,False
44,21,115,False,True,False
44,21,116,False,True,False
44,21,117,False,True,False
44,21,118,True,False,True
44,21,119,True,False,True
44,21,120,False,True,False
44,21,121,False,True,False
44,21,122,False,True,False
44,21,123,False,True,False
44,21,124,False,True,False
44,21,125,False,True,False
44,21,126,False,True,False
44,21,127,True,False,True
44,21,128,True,True,False
44,21,129,False,True,False
44,21,130,False,True,False
44,21,131,False,True,False
44,21,132,False,True,False
44,21,133,False,True,False
44,21,134,False,True,False
44,21,135,False,True,False
44,21,136,False,True,False
44,21,137,False,True,False
44,21,138,False,True,False
44,21,139,False,True,False
44,21,140,False,True,False
44,21,141,False,True,False
44,21,142,False,True,False
44,21,143,True,False,True
44,21,144,False,True,False
44,21,145,False,True,False
44,21,146,False,True,False
44,21,147,False,True,False
44,21,148,True,False,True
44,21,149,False,True,False
44,21,150,False,True,False
44,21,151,False,True,False
44,21,152,False,True,False
44,21,153,False,True,False
44,21,154,False,True,False
44,21,155,True,True,False
44,21,156,False,True,False
44,21,157,False,True,False
44,21,158,True,True,False
44,21,159,False,True,False
44,21,160,False,True,False
44,21,161,False,True,False
44,21,162,True,True,False
44,21,163,True,False,True
44,21,164,False,True,False
44,21,165,False,True,False
44,21,166,True,True,False
44,21,167,False,True,False
44,21,168,False,True,False
44,21,169,False,True,False
44,21,170,True,False,True
44,21,171,False,True,False
44,21,172,False,True,False
44,21,173,False,True,False
44,21,174,False,True,False
44,21,175,True,True,False
44,21,176,False,True,False
44,21,177,False,True,False
44,21,178,False,True,False
44,21,179,True,False,True
44,21,180,False,True,False
44,21,181,False,True,False
44,21,182,False,True,False
44,21,183,False,True,False
44,21,184,False,True,False
44,21,185,False,False,True
44,21,186,False,True,False
44,21,187,False,True,False
44,21,188,False,True,False
44,21,189,False,True,False
44,21,190,False,True,False
44,21,191,False,True,False
44,21,192,False,True,False
44,21,193,False,True,False
44,21,194,True,True,False
44,21,195,False,True,False
44,21,196,False,True,False
44,21,197,False,True,False
44,21,198,False,True,False
44,21,199,False,True,False
44,21,200,False,True,False
44,21,201,False,False,True
44,21,202,False,True,False
44,21,203,True,False,True
44,21,204,False,True,False
44,21,205,False,True,False
44,21,206,True,True,False
44,21,207,False,True,False
44,21,208,False,True,False
44,21,209,False,True,False
44,21,210,False,True,False
44,21,211,False,True,False
44,21,212,False,True,False
44,21,213,True,False,True
44,21,214,False,True,False
44,21,215,False,True,False
44,21,216,False,True,False
44,21,217,False,True,False
44,21,218,False,True,False
44,21,219,False,True,False
44,21,220,False,True,False
44,21,221,False,True,False
44,21,222,False,True,False
44,21,223,False,True,False
44,21,224,False,True,False
44,21,225,True,False,True
44,21,226,False,True,False
44,21,227,True,True,False
44,21,228,False,True,False
44,21,229,True,False,True
44,21,230,False,True,False
44,22,1,True,True,False
44,22,2,True,True,False
44,22,3,False,True,False
44,22,4,True,True,False
44,22,5,False,True,False
44,22,6,True,False,True
44,22,7,False,True,False
44,22,8,True,True,False
44,22,9,False,True,False
44,22,10,False,True,False
44,22,11,False,True,False
44,22,12,False,True,False
44,22,13,False,True,False
44,22,14,False,True,False
44,22,15,True,False,True
44,22,16,False,True,False
44,22,17,False,True,False
44,22,18,False,True,False
44,22,19,False,True,False
44,22,20,True,True,False
44,22,21,False,True,False
44,22,22,False,True,False
44,22,23,False,True,False
44,22,24,True,True,False
44,22,25,False,True,False
44,22,26,True,True,False
44,22,27,False,True,False
44,22,28,False,True,False
44,22,29,True,True,False
44,22,30,False,True,False
44,22,31,False,True,False
44,22,32,False,True,False
44,22,33,True,False,True
44,22,34,True,True,False
44,22,35,False,True,False
44,22,36,False,True,False
44,22,37,False,True,False
44,22,38,False,True,False
44,22,39,False,True,False
44,22,40,False,True,False
44,22,41,False,True,False
44,22,42,False,True,False
44,22,43,False,True,False
44,22,44,False,True,False
44,22,45,False,True,False
44,22,46,False,True,False
44,22,47,False,True,False
44,22,48,False,True,False
44,22,49,False,True,False
44,22,50,False,True,False
44,22,51,False,True,False
44,22,52,False,True,False
44,22,53,False,True,False
44,22,54,False,True,False
44,22,55,False,True,False
44,22,56,True,False,True
44,22,57,False,True,False
44,22,58,False,True,False
44,22,59,False,True,False
44,22,60,True,False,True
44,22,61,False,True,False
44,22,62,False,True,False
44,22,63,False,True,False
44,22,64,False,True,False
44,22,65,False,True,False
44,22,66,False,True,False
44,22,67,False,False,True
44,22,68,False,True,False
44,22,69,False,True,False
44,22,70,False,True,False
44,23,1,False,True,False
44,23,2,False,True,False
44,23,3,False,True,False
44,23,4,False,True,False
44,23,5,False,True,False
44,23,6,False,True,False
44,23,7,False,True,False
44,23,8,False,True,False
44,23,9,False,True,False
44,23,10,True,False,True
44,23,11,False,True,False
44,23,12,False,True,False
44,23,13,False,True,False
44,23,14,True,False,True
44,23,15,False,True,False
44,23,16,False,True,False
44,23,17,False,True,False
44,23,18,False,True,False
44,23,19,False,False,True
44,23,20,False,True,False
44,23,21,False,True,False
44,23,22,False,True,False
44,23,23,False,True,False
44,23,24,False,True,False
44,23,25,False,True,False
44,23,26,False,True,False
44,23,27,False,True,False
44,23,28,True,False,True
44,23,29,False,True,False
44,23,30,False,True,False
44,23,31,False,True,False
44,23,32,False,True,False
44,23,33,False,True,False
44,23,34,False,True,False
44,23,35,False,True,False
44,23,36,False,True,False
44,23,37,False,False,True
44,23,38,False,True,False
44,23,39,True,False,True
44,23,40,False,True,False
44,23,41,False,True,False
44,23,42,True,False,True
44,23,43,True,True,False
44,23,44,False,True,False
44,23,45,False,True,False
44,23,46,True,False,True
44,23,47,True,True,False
44,23,48,True,False,True
44,23,49,False,True,False
44,23,50,False,True,False
44,23,51,False,True,False
44,23,52,True,True,False
44,23,53,False,True,False
44,23,54,False,True,False
44,23,55,False,True,False
44,23,56,True,False,True
44,23,57,True,True,False
44,23,58,False,True,False
44,23,59,True,True,False
44,23,60,False,True,False
44,23,61,False,True,False
44,23,62,False,True,False
44,23,63,False,True,False
44,23,64,False,True,False
44,23,65,False,True,False
44,23,66,False,True,False
44,23,67,False,True,False
44,23,68,True,True,False
44,23,69,False,False,True
44,23,70,False,True,False
44,23,71,False,True,False
44,23,72,False,True,False
44,23,73,False,True,False
44,23,74,True,True,False
44,23,75,False,True,False
44,23,76,False,False,True
44,23,77,False,True,False
44,23,78,False,True,False
44,23,79,False,True,False
44,23,80,True,False,True
44,23,81,True,False,True
44,23,82,False,True,False
44,23,83,True,True,False
44,23,84,False,True,False
44,23,85,False,True,False
44,23,86,False,True,False
44,23,87,False,True,False
44,23,88,True,False,True
44,23,89,False,True,False
44,23,90,False,True,False
44,23,91,False,True,False
44,23,92,False,True,False
44,23,93,False,True,False
44,23,94,False,True,False
44,23,95,False,True,False
44,23,96,False,True,False
44,23,97,False,True,False
44,23,98,False,False,True
44,23,99,True,False,True
44,23,100,False,True,False
44,23,101,True,False,True
44,23,102,False,True,False
44,23,103,True,False,True
44,23,104,False,True,False
44,23,105,True,True,False
44,23,106,False,True,False
44,23,107,False,True,False
44,23,108,False,True,False
44,23,109,False,True,False
44,23,110,False,True,False
44,23,111,False,True,False
44,23,112,False,True,False
44,23,113,True,False,True
44,23,114,False,True,False
44,23,115,False,True,False
44,23,116,False,True,False
44,23,117,False,True,False
44,23,118,False,True,False
44,23,119,False,True,False
44,23,120,False,True,False
44,23,121,True,True,False
44,23,122,False,True,False
44,23,123,False,True,False
44,23,124,False,True,False
44,23,125,False,True,False
44,23,126,True,False,True
44,23,127,False,True,False
44,23,128,True,True,False
44,23,129,True,True,False
44,23,130,False,True,False
44,23,131,True,True,False
44,23,132,False,True,False
44,23,133,False,True,False
44,23,134,False,True,False
44,23,135,False,True,False
44,23,136,False,True,False
44,23,137,False,True,False
44,23,138,False,False,True
44,23,139,False,True,False
44,23,140,False,True,False
44,23,141,False,True,False
44,23,142,False,True,False
44,23,143,False,False,True
44,23,144,True,True,False
44,23,145,True,True,False
44,23,146,False,False,True
44,23,147,True,False,True
44,23,148,False,True,False
44,23,149,False,True,False
44,23,150,False,True,False
44,23,151,False,True,False
44,23,152,False,False,True
44,23,153,False,True,False
44,23,154,False,True,False
44,23,155,False,True,False
44,23,156,False,True,False
44,23,157,False,True,False
44,23,158,False,True,False
44,23,159,True,True,False
44,23,160,True,False,True
44,23,161,False,True,False
44,23,162,False,True,False
44,23,163,True,False,True
44,23,164,False,True,False
44,23,165,False,True,False
44,23,166,False,True,False
44,23,167,False,True,False
44,23,168,False,True,False
44,23,169,False,True,False
44,23,170,False,True,False
44,23,171,False,True,False
44,23,172,False,True,False
44,23,173,False,True,False
44,23,174,False,True,False
44,23,175,False,True,False
44,23,176,False,True,False
44,23,177,False,True,False
44,23,178,True,True,False
44,23,179,False,True,False
44,23,180,True,False,True
44,23,181,False,True,False
44,23,182,False,True,False
44,23,183,False,True,False
44,23,184,False,True,False
44,23,185,False,True,False
44,23,186,False,True,False
44,23,187,True,True,False
44,23,188,True,True,False
44,23,189,False,True,False
44,23,190,False,True,False
44,23,191,False,True,False
44,23,192,True,False,True
44,23,193,False,True,False
44,23,194,False,True,False
44,23,195,False,True,False
44,23,196,False,True,False
44,23,197,False,True,False
44,23,198,False,True,False
44,23,199,False,True,False
44,23,200,False,True,False
44,23,201,False,True,False
44,23,202,False,True,False
44,23,203,False,True,False
44,23,204,False,True,False
44,23,205,False,True,False
44,23,206,False,True,False
44,23,207,False,True,False
44,23,208,True,True,False
44,23,209,True,True,False
44,23,210,False,True,False
44,23,211,False,False,True
44,23,212,False,True,False
44,23,213,False,True,False
44,23,214,False,True,False
44,23,215,False,False,True
44,23,216,False,True,False
44,23,217,False,True,False
44,23,218,False,True,False
44,23,219,False,True,False
44,23,220,False,True,False
44,23,221,True,True,False
44,23,222,False,True,False
44,23,223,False,True,False
44,23,224,False,False,True
44,23,225,False,True,False
44,23,226,False,True,False
44,23,227,False,True,False
44,23,228,False,True,False
44,23,229,False,True,False
44,23,230,False,True,False
44,23,231,True,False,True
44,23,232,False,True,False
44,23,233,False,True,False
44,23,234,False,True,False
44,23,235,False,True,False
44,23,236,False,True,False
44,23,237,False,True,False
44,23,238,False,True,False
44,23,239,False,True,False
44,23,240,False,False,True
44,23,241,False,True,False
44,23,242,False,True,False
44,23,243,False,True,False
44,23,244,False,False,True
44,23,245,False,True,False
44,23,246,True,True,False
44,23,247,False,True,False
44,23,248,False,True,False
44,23,249,False,True,False
44,23,250,True,True,False
44,23,251,True,False,True
44,23,252,False,True,False
44,23,253,False,True,False
44,23,254,True,False,True
44,23,255,False,True,False
44,23,256,False,True,False
44,23,257,False,True,False
44,23,258,True,False,True
44,23,259,False,True,False
44,23,260,False,True,False
44,23,261,True,True,False
44,23,262,False,True,False
44,23,263,True,False,True
44,23,264,False,True,False
44,23,265,True,True,False
44,23,266,False,True,False
44,23,267,True,True,False
44,23,268,True,False,True
44,23,269,False,True,False
44,23,270,False,True,False
44,23,271,False,True,False
44,23,272,True,False,True
44,23,273,False,True,False
44,23,274,False,True,False
44,23,275,False,True,False
44,23,276,True,False,True
44,23,277,False,False,True
44,23,278,False,True,False
44,23,279,True,False,True
44,23,280,True,True,False
44,23,281,False,True,False
44,23,282,True,False,True
44,23,283,False,True,False
44,23,284,False,True,False
44,23,285,False,True,False
44,23,286,False,True,False
44,23,287,False,True,False
44,23,288,False,True,False
44,23,289,True,False,True
44,23,290,False,True,False
44,23,291,False,True,False
44,23,292,False,True,False
44,23,293,False,True,False
44,23,294,False,True,False
44,23,295,False,True,False
44,23,296,False,True,False
44,24,1,False,True,False
44,24,2,False,True,False
44,24,3,False,True,False
44,24,4,False,True,False
44,24,5,False,True,False
44,24,6,True,True,False
44,24,7,False,True,False
44,24,8,False,True,False
44,24,9,True,True,False
44,24,10,False,True,False
44,24,11,False,False,True
44,24,12,False,True,False
44,24,13,False,True,False
44,24,14,False,True,False
44,24,15,True,True,False
44,24,16,True,False,True
44,24,17,False,True,False
44,24,18,True,True,False
44,24,19,False,False,True
44,24,20,False,True,False
44,24,21,True,False,True
44,24,22,False,True,False
44,24,23,False,True,False
44,24,24,False,True,False
44,24,25,False,True,False
44,24,26,False,True,False
44,24,27,True,True,False
44,24,28,False,True,False
44,24,29,False,True,False
44,24,30,False,True,False
44,24,31,False,True,False
44,24,32,True,True,False
44,24,33,False,True,False
44,24,34,False,True,False
44,24,35,True,False,True
44,24,36,False,True,False
44,24,37,True,True,False
44,24,38,False,True,False
44,24,39,False,True,False
44,24,40,True,True,False
44,24,41,False,True,False
44,24,42,False,True,False
44,24,43,True,False,True
44,24,44,False,True,False
44,24,45,False,True,False
44,24,46,True,False,True
44,24,47,False,False,True
44,24,48,False,True,False
44,24,49,False,True,False
44,24,50,True,False,True
44,24,51,False,True,False
44,24,52,True,True,False
44,24,53,False,True,False
44,24,54,False,True,False
44,24,55,False,True,False
44,24,56,False,True,False
44,24,57,False,True,False
44,24,58,False,True,False
44,24,59,False,True,False
44,24,60,False,True,False
44,24,61,False,True,False
44,24,62,False,True,False
44,24,63,False,True,False
44,24,64,False,True,False
44,24,65,False,False,True
44,24,66,False,True,False
44,24,67,False,True,False
44,24,68,False,True,False
44,24,69,True,True,False
44,24,70,False,True,False
44,24,71,False,True,False
44,24,72,False,True,False
44,24,73,True,True,False
44,24,74,False,True,False
44,24,75,True,True,False
44,24,76,True,False,True
44,24,77,False,True,False
44,24,78,False,True,False
44,24,79,False,True,False
44,24,80,False,True,False
44,24,81,False,True,False
44,24,82,False,True,False
44,24,83,True,False,True
44,24,84,True,True,False
44,24,85,False,True,False
44,24,86,False,True,False
44,24,87,False,True,False
44,24,88,False,True,False
44,24,89,False,True,False
44,24,90,False,True,False
44,24,91,False,True,False
44,24,92,False,True,False
44,24,93,False,True,False
44,24,94,False,True,False
44,24,95,False,True,False
44,24,96,False,True,False
44,24,97,False,True,False
44,24,98,False,True,False
44,24,99,True,False,True
44,24,100,False,True,False
44,24,101,False,True,False
44,24,102,True,True,False
44,24,103,False,True,False
44,24,104,True,True,False
44,24,105,True,True,False
44,24,106,False,True,False
44,24,107,False,True,False
44,24,108,False,True,False
44,24,109,False,True,False
44,24,110,False,True,False
44,24,111,False,True,False
44,24,112,False,True,False
44,24,113,False,True,False
44,24,114,False,True,False
44,24,115,False,True,False
44,24,116,False,True,False
44,24,117,False,True,False
44,24,118,False,False,True
44,24,119,False,True,False
44,24,120,True,True,False
44,24,121,False,True,False
44,24,122,False,True,False
44,24,123,False,True,False
44,24,124,True,False,True
44,24,125,False,True,False
44,24,126,False,True,False
44,24,127,False,True,False
44,24,128,True,False,True
44,24,129,False,True,False
44,24,130,False,True,False
44,24,131,False,True,False
44,24,132,False,True,False
44,24,133,False,True,False
44,24,134,False,True,False
44,24,135,True,True,False
44,24,136,False,True,False
44,24,137,False,True,False
44,24,138,False,True,False
44,24,139,False,True,False
44,24,140,True,True,False
44,24,141,False,True,False
44,24,142,False,True,False
44,24,143,False,True,False
44,24,144,False,True,False
44,24,145,False,True,False
44,24,146,True,True,False
44,24,147,False,True,False
44,24,148,True,True,False
44,24,149,False,True,False
44,24,150,False,True,False
44,24,151,False,True,False
44,24,152,False,True,False
44,24,153,False,True,False
44,24,154,False,True,False
44,24,155,False,True,False
44,24,156,False,True,False
44,24,157,False,True,False
44,24,158,False,True,False
44,24,159,False,True,False
44,24,160,False,True,False
44,24,161,False,True,False
44,24,162,False,True,False
44,24,163,False,True,False
44,24,164,True,True,False
44,25,1,False,True,False
44,25,2,True,True,False
44,25,3,False,False,True
44,25,4,False,False,True
44,25,5,False,True,False
44,25,6,True,True,False
44,25,7,True,False,True
44,25,8,False,True,False
44,25,9,False,True,False
44,25,10,False,True,False
44,25,11,False,True,False
44,25,12,False,True,False
44,25,13,False,True,False
44,25,14,False,True,False
44,25,15,False,True,False
44,25,16,False,True,False
44,25,17,False,True,False
44,25,18,False,True,False
44,25,19,True,True,False
44,25,20,False,True,False
44,25,21,False,True,False
44,25,22,False,True,False
44,25,23,True,False,True
44,25,24,False,True,False
44,25,25,False,False,True
44,25,26,False,True,False
44,25,27,False,True,False
44,25,28,False,True,False
44,25,29,False,True,False
44,25,30,False,True,False
44,25,31,False,True,False
44,25,32,False,True,False
44,25,33,False,True,False
44,25,34,False,True,False
44,25,35,False,True,False
44,25,36,False,True,False
44,25,37,False,True,False
44,25,38,True,True,False
44,25,39,False,True,False
44,25,40,False,True,False
44,25,41,False,True,False
44,25,42,False,True,False
44,25,43,True,True,False
44,25,44,True,False,True
44,25,45,False,True,False
44,25,46,False,True,False
44,25,47,True,False,True
44,25,48,False,False,True
44,25,49,False,True,False
44,25,50,False,True,False
44,25,51,False,True,False
44,25,52,True,True,False
44,25,53,False,True,False
44,25,54,True,False,True
44,25,55,False,True,False
44,25,56,False,True,False
44,25,57,True,True,False
44,25,58,False,True,False
44,25,59,True,False,True
44,25,60,False,True,False
44,25,61,False,True,False
44,25,62,False,True,False
44,25,63,False,True,False
44,25,64,False,True,False
44,25,65,False,True,False
44,25,66,False,True,False
44,25,67,False,True,False
44,25,68,False,True,False
44,25,69,False,True,False
44,25,70,True,True,False
44,25,71,False,True,False
44,25,72,False,True,False
44,25,73,False,True,False
44,25,74,True,True,False
44,25,75,False,True,False
44,25,76,False,True,False
44,25,77,True,False,True
44,25,78,False,True,False
44,25,79,False,True,False
44,25,80,True,True,False
44,25,81,False,True,False
44,25,82,False,True,False
44,25,83,True,True,False
44,25,84,False,True,False
44,25,85,False,True,False
44,25,86,False,True,False
44,25,87,False,True,False
44,25,88,False,True,False
44,25,89,False,True,False
44,25,90,False,True,False
44,25,91,False,True,False
44,25,92,False,True,False
44,25,93,False,True,False
44,25,94,False,True,False
44,25,95,False,True,False
44,25,96,False,True,False
44,25,97,True,False,True
44,25,98,False,False,True
44,25,99,True,False,True
44,25,100,False,True,False
44,25,101,False,True,False
44,25,102,False,True,False
44,25,103,True,False,True
44,25,104,False,True,False
44,25,105,False,True,False
44,25,106,False,True,False
44,25,107,False,True,False
44,25,108,False,True,False
44,25,109,False,True,False
44,25,110,True,True,False
44,25,111,True,True,False
44,25,112,False,True,False
44,25,113,False,True,False
44,25,114,False,True,False
44,25,115,False,True,False
44,26,1,False,True,False
44,26,2,False,True,False
44,26,3,True,False,True
44,26,4,False,True,False
44,26,5,False,True,False
44,26,6,False,True,False
44,26,7,False,True,False
44,26,8,False,True,False
44,26,9,False,True,False
44,26,10,False,True,False
44,26,11,False,True,False
44,26,12,True,False,True
44,26,13,False,True,False
44,26,14,True,True,False
44,26,15,False,True,False
44,26,16,False,True,False
44,26,17,False,True,False
44,26,18,False,True,False
44,26,19,False,True,False
44,26,20,False,True,False
44,26,21,False,True,False
44,26,22,True,True,False
44,26,23,True,True,False
44,26,24,False,True,False
44,26,25,True,False,True
44,26,26,True,True,False
44,26,27,False,True,False
44,26,28,False,True,False
44,26,29,True,False,True
44,26,30,False,False,True
44,26,31,False,True,False
44,26,32,False,True,False
44,26,33,False,True,False
44,26,34,True,False,True
44,26,35,False,True,False
44,26,36,False,True,False
44,26,37,False,True,False
44,26,38,False,True,False
44,26,39,False,True,False
44,26,40,True,False,True
44,26,41,False,True,False
44,26,42,False,True,False
44,26,43,False,False,True
44,26,44,False,True,False
44,26,45,False,True,False
44,26,46,False,True,False
44,26,47,False,True,False
44,26,48,False,True,False
44,26,49,True,True,False
44,26,50,True,True,False
44,26,51,False,True,False
44,26,52,False,False,True
44,26,53,False,True,False
44,26,54,False,False,True
44,26,55,False,True,False
44,26,56,True,False,True
44,26,57,False,True,False
44,26,58,True,False,True
44,26,59,True,True,False
44,26,60,False,True,False
44,26,61,True,False,True
44,26,62,False,True,False
44,26,63,False,False,True
44,26,64,True,True,False
44,26,65,False,True,False
44,26,66,False,True,False
44,26,67,False,True,False
44,26,68,True,True,False
44,26,69,False,True,False
44,26,70,False,True,False
44,26,71,False,True,False
44,26,72,False,True,False
44,26,73,False,True,False
44,26,74,False,True,False
44,26,75,False,True,False
44,26,76,False,True,False
44,26,77,False,True,False
44,26,78,True,False,True
44,26,79,False,True,False
44,26,80,False,True,False
44,26,81,False,True,False
44,26,82,False,True,False
44,26,83,False,True,False
44,26,84,False,True,False
44,26,85,False,True,False
44,26,86,False,True,False
44,26,87,True,True,False
44,26,88,True,True,False
44,26,89,False,True,False
44,26,90,True,False,True
44,26,91,False,True,False
44,26,92,False,True,False
44,26,93,True,True,False
44,26,94,False,True,False
44,26,95,False,True,False
44,26,96,False,True,False
44,26,97,False,True,False
44,26,98,False,True,False
44,26,99,False,True,False
44,26,100,False,True,False
44,26,101,False,True,False
44,26,102,False,True,False
44,26,103,False,True,False
44,26,104,True,True,False
44,26,105,False,True,False
44,26,106,False,True,False
44,26,107,False,True,False
44,26,108,False,True,False
44,26,109,False,True,False
44,26,110,False,True,False
44,26,111,False,True,False
44,26,112,False,True,False
44,26,113,False,True,False
44,26,114,False,False,True
44,26,115,False,True,False
44,26,116,False,True,False
44,26,117,False,True,False
44,26,118,False,True,False
44,26,119,False,True,False
44,26,120,False,True,False
44,26,121,False,True,False
44,26,122,False,True,False
44,26,123,False,True,False
44,26,124,False,True,False
44,26,125,True,True,False
44,27,1,False,True,False
44,27,2,False,True,False
44,27,3,True,False,True
44,27,4,False,True,False
44,27,5,False,True,False
44,27,6,False,True,False
44,27,7,False,True,False
44,27,8,True,False,True
44,27,9,False,True,False
44,27,10,False,True,False
44,27,11,False,True,False
44,27,12,False,True,False
44,27,13,True,False,True
44,27,14,True,False,True
44,27,15,False,True,False
44,27,16,False,True,False
44,27,17,False,True,False
44,27,18,False,True,False
44,27,19,True,False,True
44,27,20,False,True,False
44,27,21,False,True,False
44,27,22,False,False,True
44,27,23,False,True,False
44,27,24,False,True,False
44,27,25,False,True,False
44,27,26,False,True,False
44,27,27,False,True,False
44,27,28,False,True,False
44,27,29,False,True,False
44,27,30,False,True,False
44,27,31,False,True,False
44,27,32,False,True,False
44,27,33,False,False,True
44,27,34,False,True,False
44,27,35,False,True,False
44,27,36,True,True,False
44,27,37,False,True,False
44,27,38,False,True,False
44,27,39,False,True,False
44,27,40,True,False,True
44,27,41,False,True,False
44,27,42,False,True,False
44,27,43,False,True,False
44,27,44,True,False,True
44,27,45,False,True,False
44,27,46,True,False,True
44,27,47,False,True,False
44,27,48,False,True,False
44,27,49,False,True,False
44,27,50,False,True,False
44,27,51,False,True,False
44,27,52,False,True,False
44,27,53,True,False,True
44,27,54,True,True,False
44,27,55,True,True,False
44,27,56,True,False,True
44,27,57,True,False,True
44,27,58,False,True,False
44,27,59,False,False,True
44,27,60,False,False,True
44,27,61,False,True,False
44,27,62,True,False,True
44,27,63,True,False,True
44,27,64,False,False,True
44,27,65,False,False,True
44,27,66,True,False,True
44,27,67,False,True,False
44,27,68,False,True,False
44,27,69,False,True,False
44,27,70,False,True,False
44,27,71,False,False,True
44,27,72,False,True,False
44,27,73,False,True,False
44,27,74,False,True,False
44,27,75,True,False,True
44,27,76,False,True,False
44,27,77,False,True,False
44,27,78,False,True,False
44,27,79,False,True,False
44,27,80,False,True,False
44,27,81,False,False,True
44,27,82,False,True,False
44,27,83,False,True,False
44,27,84,False,True,False
44,27,85,False,True,False
44,27,86,False,False,True
44,27,87,False,True,False
44,27,88,False,True,False
44,27,89,True,True,False
44,27,90,True,False,True
44,27,91,False,True,False
44,27,92,False,True,False
44,27,93,False,True,False
44,27,94,True,False,True
44,27,95,False,True,False
44,27,96,False,True,False
44,27,97,False,True,False
44,27,98,False,True,False
44,27,99,False,True,False
44,27,100,False,True,False
44,27,101,False,False,True
44,27,102,False,True,False
44,27,103,False,True,False
44,27,104,False,True,False
44,27,105,False,True,False
44,27,106,False,False,True
44,27,107,False,True,False
44,27,108,False,False,True
44,27,109,False,True,False
44,27,110,False,True,False
44,27,111,True,False,True
44,27,112,False,True,False
44,27,113,True,False,True
44,27,114,False,True,False
44,27,115,False,True,False
44,27,116,False,True,False
44,27,117,True,False,True
44,27,118,False,True,False
44,27,119,False,True,False
44,27,120,True,True,False
44,27,121,False,True,False
44,27,122,False,True,False
44,27,123,False,True,False
44,27,124,False,True,False
44,27,125,False,True,False
44,27,126,True,False,True
44,27,127,False,True,False
44,27,128,False,True,False
44,27,129,True,False,True
44,27,130,False,True,False
44,27,131,True,False,True
44,27,132,False,True,False
44,27,133,False,True,False
44,27,134,False,True,False
44,27,135,True,False,True
44,27,136,False,True,False
44,27,137,False,True,False
44,27,138,False,True,False
44,27,139,False,True,False
44,27,140,False,True,False
44,27,141,False,True,False
44,27,142,False,True,False
